Using pre-set license
Built from 'trunk' branch; Version is '6000.0.17f1 (95e1b8cf7a6b) revision 9822648'; Using compiler version '193933523'; Build Type 'Release'
OS: 'Windows 11  (10.0.22631) 64bit Professional' Language: 'en' Physical Memory: 32596 MB
BatchMode: 1, IsHumanControllingUs: 0, StartBugReporterOnCrash: 0, Is64bit: 1, IsPro: 1

COMMAND LINE ARGUMENTS:
C:\Program Files\Unity\Hub\Editor\6000.0.17f1\Editor\Unity.exe
-adb2
-batchMode
-noUpm
-name
AssetImportWorker0
-projectPath
C:/Users/User/Documents/GitHub/RockCollector/RockCollectorClient
-logFile
Logs/AssetImportWorker0.log
-srvPort
61365
-job-worker-count
15
-background-job-worker-count
8
-asset-garbage-collectors
1
Successfully changed project path to: C:/Users/User/Documents/GitHub/RockCollector/RockCollectorClient
C:/Users/User/Documents/GitHub/RockCollector/RockCollectorClient
[UnityMemory] Configuration Parameters - Can be set up in boot.config
    "memorysetup-bucket-allocator-granularity=16"
    "memorysetup-bucket-allocator-bucket-count=8"
    "memorysetup-bucket-allocator-block-size=33554432"
    "memorysetup-bucket-allocator-block-count=8"
    "memorysetup-main-allocator-block-size=16777216"
    "memorysetup-thread-allocator-block-size=16777216"
    "memorysetup-gfx-main-allocator-block-size=16777216"
    "memorysetup-gfx-thread-allocator-block-size=16777216"
    "memorysetup-cache-allocator-block-size=4194304"
    "memorysetup-typetree-allocator-block-size=2097152"
    "memorysetup-profiler-bucket-allocator-granularity=16"
    "memorysetup-profiler-bucket-allocator-bucket-count=8"
    "memorysetup-profiler-bucket-allocator-block-size=33554432"
    "memorysetup-profiler-bucket-allocator-block-count=8"
    "memorysetup-profiler-allocator-block-size=16777216"
    "memorysetup-profiler-editor-allocator-block-size=1048576"
    "memorysetup-temp-allocator-size-main=16777216"
    "memorysetup-job-temp-allocator-block-size=2097152"
    "memorysetup-job-temp-allocator-block-size-background=1048576"
    "memorysetup-job-temp-allocator-reduction-small-platforms=262144"
    "memorysetup-allocator-temp-initial-block-size-main=262144"
    "memorysetup-allocator-temp-initial-block-size-worker=262144"
    "memorysetup-temp-allocator-size-background-worker=32768"
    "memorysetup-temp-allocator-size-job-worker=262144"
    "memorysetup-temp-allocator-size-preload-manager=33554432"
    "memorysetup-temp-allocator-size-nav-mesh-worker=65536"
    "memorysetup-temp-allocator-size-audio-worker=65536"
    "memorysetup-temp-allocator-size-cloud-worker=32768"
    "memorysetup-temp-allocator-size-gi-baking-worker=262144"
    "memorysetup-temp-allocator-size-gi-baking-worker=262144"
    "memorysetup-temp-allocator-size-gi-baking-worker=262144"
    "memorysetup-temp-allocator-size-gi-baking-worker=262144"
    "memorysetup-temp-allocator-size-gi-baking-worker=262144"
    "memorysetup-temp-allocator-size-gfx=262144"
Player connection [51856]  Target information:

Player connection [51856]  * "[IP] 192.168.0.110 [Port] 0 [Flags] 2 [Guid] 819394005 [EditorId] 819394005 [Version] 1048832 [Id] WindowsEditor(7,DESKTOP-0IMEN8O) [Debug] 1 [PackageName] WindowsEditor [ProjectName] Editor" 

Player connection [51856] Host joined multi-casting on [225.0.0.222:54997]...
Player connection [51856] Host joined alternative multi-casting on [225.0.0.222:34997]...
JobSystem: Creating JobQueue using job-worker-count value 15
Library Redirect Path: Library/
[PhysX] Initialized MultithreadedTaskDispatcher with 16 workers.
Refreshing native plugins compatible for Editor in 0.96 ms, found 4 plugins.
Preloading 0 native plugins for Editor in 0.00 ms.
Initialize engine version: 6000.0.17f1 (95e1b8cf7a6b)
[Subsystems] Discovering subsystems at path C:/Program Files/Unity/Hub/Editor/6000.0.17f1/Editor/Data/Resources/UnitySubsystems
[Subsystems] Discovering subsystems at path C:/Users/User/Documents/GitHub/RockCollector/RockCollectorClient/Assets
GfxDevice: creating device client; kGfxThreadingModeNonThreaded
Direct3D:
    Version:  Direct3D 11.0 [level 11.1]
    Renderer: NVIDIA GeForce RTX 4090 (ID=0x2684)
    Vendor:   NVIDIA
    VRAM:     24156 MB
    Driver:   31.0.15.4617
Initialize mono
Mono path[0] = 'C:/Program Files/Unity/Hub/Editor/6000.0.17f1/Editor/Data/Managed'
Mono path[1] = 'C:/Program Files/Unity/Hub/Editor/6000.0.17f1/Editor/Data/MonoBleedingEdge/lib/mono/unityjit-win32'
Mono config path = 'C:/Program Files/Unity/Hub/Editor/6000.0.17f1/Editor/Data/MonoBleedingEdge/etc'
Using monoOptions --debugger-agent=transport=dt_socket,embedding=1,server=y,suspend=n,address=127.0.0.1:56160
Begin MonoManager ReloadAssembly
Registering precompiled unity dll's ...
Register platform support module: C:/Program Files/Unity/Hub/Editor/6000.0.17f1/Editor/Data/PlaybackEngines/WindowsStandaloneSupport/UnityEditor.WindowsStandalone.Extensions.dll
Registered in 0.001242 seconds.
- Loaded All Assemblies, in  0.216 seconds
Native extension for WindowsStandalone target not found
Mono: successfully reloaded assembly
- Finished resetting the current domain, in  0.179 seconds
Domain Reload Profiling: 394ms
	BeginReloadAssembly (72ms)
		ExecutionOrderSort (0ms)
		DisableScriptedObjects (0ms)
		BackupInstance (0ms)
		ReleaseScriptingObjects (0ms)
		CreateAndSetChildDomain (0ms)
	RebuildCommonClasses (21ms)
	RebuildNativeTypeToScriptingClass (7ms)
	initialDomainReloadingComplete (27ms)
	LoadAllAssembliesAndSetupDomain (88ms)
		LoadAssemblies (71ms)
		RebuildTransferFunctionScriptingTraits (0ms)
		AnalyzeDomain (86ms)
			TypeCache.Refresh (85ms)
				TypeCache.ScanAssembly (77ms)
			BuildScriptInfoCaches (0ms)
			ResolveRequiredComponents (1ms)
	FinalizeReload (179ms)
		ReleaseScriptCaches (0ms)
		RebuildScriptCaches (0ms)
		SetupLoadedEditorAssemblies (152ms)
			LogAssemblyErrors (0ms)
			InitializePlatformSupportModulesInManaged (13ms)
			SetLoadedEditorAssemblies (3ms)
			BeforeProcessingInitializeOnLoad (4ms)
			ProcessInitializeOnLoadAttributes (98ms)
			ProcessInitializeOnLoadMethodAttributes (33ms)
			AfterProcessingInitializeOnLoad (2ms)
			EditorAssembliesLoaded (0ms)
		ExecutionOrderSort2 (0ms)
		AwakeInstancesAfterBackupRestoration (0ms)
========================================================================
Worker process is ready to serve import requests
Import Worker Mode flag is 0x00
Begin MonoManager ReloadAssembly
- Loaded All Assemblies, in  0.537 seconds
Refreshing native plugins compatible for Editor in 0.58 ms, found 4 plugins.
Native extension for WindowsStandalone target not found
Mono: successfully reloaded assembly
- Finished resetting the current domain, in  0.389 seconds
Domain Reload Profiling: 925ms
	BeginReloadAssembly (237ms)
		ExecutionOrderSort (0ms)
		DisableScriptedObjects (3ms)
		BackupInstance (0ms)
		ReleaseScriptingObjects (0ms)
		CreateAndSetChildDomain (19ms)
	RebuildCommonClasses (22ms)
	RebuildNativeTypeToScriptingClass (7ms)
	initialDomainReloadingComplete (22ms)
	LoadAllAssembliesAndSetupDomain (248ms)
		LoadAssemblies (182ms)
		RebuildTransferFunctionScriptingTraits (0ms)
		AnalyzeDomain (121ms)
			TypeCache.Refresh (85ms)
				TypeCache.ScanAssembly (76ms)
			BuildScriptInfoCaches (31ms)
			ResolveRequiredComponents (3ms)
	FinalizeReload (389ms)
		ReleaseScriptCaches (0ms)
		RebuildScriptCaches (0ms)
		SetupLoadedEditorAssemblies (259ms)
			LogAssemblyErrors (0ms)
			InitializePlatformSupportModulesInManaged (1ms)
			SetLoadedEditorAssemblies (3ms)
			BeforeProcessingInitializeOnLoad (29ms)
			ProcessInitializeOnLoadAttributes (199ms)
			ProcessInitializeOnLoadMethodAttributes (24ms)
			AfterProcessingInitializeOnLoad (4ms)
			EditorAssembliesLoaded (0ms)
		ExecutionOrderSort2 (0ms)
		AwakeInstancesAfterBackupRestoration (4ms)
Launched and connected shader compiler UnityShaderCompiler.exe after 0.01 seconds
Refreshing native plugins compatible for Editor in 0.80 ms, found 4 plugins.
Preloading 0 native plugins for Editor in 0.00 ms.
Unloading 27 Unused Serialized files (Serialized files now loaded: 0)
Unloading 4324 unused Assets / (1.6 MB). Loaded Objects now: 4925.
Memory consumption went from 122.1 MB to 120.5 MB.
Total: 6.379400 ms (FindLiveObjects: 0.250800 ms CreateObjectMapping: 0.131100 ms MarkObjects: 4.927500 ms  DeleteObjects: 1.068900 ms)

========================================================================
Received Prepare
Begin MonoManager ReloadAssembly
- Loaded All Assemblies, in  0.361 seconds
Refreshing native plugins compatible for Editor in 1.03 ms, found 4 plugins.
Native extension for WindowsStandalone target not found
Mono: successfully reloaded assembly
- Finished resetting the current domain, in  0.473 seconds
Domain Reload Profiling: 834ms
	BeginReloadAssembly (116ms)
		ExecutionOrderSort (0ms)
		DisableScriptedObjects (7ms)
		BackupInstance (0ms)
		ReleaseScriptingObjects (0ms)
		CreateAndSetChildDomain (29ms)
	RebuildCommonClasses (20ms)
	RebuildNativeTypeToScriptingClass (8ms)
	initialDomainReloadingComplete (15ms)
	LoadAllAssembliesAndSetupDomain (202ms)
		LoadAssemblies (166ms)
		RebuildTransferFunctionScriptingTraits (0ms)
		AnalyzeDomain (90ms)
			TypeCache.Refresh (4ms)
				TypeCache.ScanAssembly (0ms)
			BuildScriptInfoCaches (81ms)
			ResolveRequiredComponents (3ms)
	FinalizeReload (473ms)
		ReleaseScriptCaches (0ms)
		RebuildScriptCaches (0ms)
		SetupLoadedEditorAssemblies (304ms)
			LogAssemblyErrors (0ms)
			InitializePlatformSupportModulesInManaged (2ms)
			SetLoadedEditorAssemblies (4ms)
			BeforeProcessingInitializeOnLoad (41ms)
			ProcessInitializeOnLoadAttributes (220ms)
			ProcessInitializeOnLoadMethodAttributes (33ms)
			AfterProcessingInitializeOnLoad (5ms)
			EditorAssembliesLoaded (0ms)
		ExecutionOrderSort2 (0ms)
		AwakeInstancesAfterBackupRestoration (5ms)
Refreshing native plugins compatible for Editor in 0.90 ms, found 4 plugins.
Preloading 0 native plugins for Editor in 0.00 ms.
Unloading 1 Unused Serialized files (Serialized files now loaded: 0)
Unloading 4323 unused Assets / (1.0 MB). Loaded Objects now: 4928.
Memory consumption went from 115.8 MB to 114.8 MB.
Total: 4.738600 ms (FindLiveObjects: 0.237300 ms CreateObjectMapping: 0.134300 ms MarkObjects: 3.609900 ms  DeleteObjects: 0.756500 ms)

Prepare: number of updated asset objects reloaded= 13
========================================================================
Received Prepare
Begin MonoManager ReloadAssembly
- Loaded All Assemblies, in  0.359 seconds
Refreshing native plugins compatible for Editor in 0.93 ms, found 4 plugins.
Native extension for WindowsStandalone target not found
Mono: successfully reloaded assembly
- Finished resetting the current domain, in  0.467 seconds
Domain Reload Profiling: 827ms
	BeginReloadAssembly (112ms)
		ExecutionOrderSort (0ms)
		DisableScriptedObjects (7ms)
		BackupInstance (0ms)
		ReleaseScriptingObjects (0ms)
		CreateAndSetChildDomain (27ms)
	RebuildCommonClasses (21ms)
	RebuildNativeTypeToScriptingClass (7ms)
	initialDomainReloadingComplete (16ms)
	LoadAllAssembliesAndSetupDomain (203ms)
		LoadAssemblies (168ms)
		RebuildTransferFunctionScriptingTraits (0ms)
		AnalyzeDomain (89ms)
			TypeCache.Refresh (4ms)
				TypeCache.ScanAssembly (0ms)
			BuildScriptInfoCaches (80ms)
			ResolveRequiredComponents (3ms)
	FinalizeReload (468ms)
		ReleaseScriptCaches (0ms)
		RebuildScriptCaches (0ms)
		SetupLoadedEditorAssemblies (303ms)
			LogAssemblyErrors (0ms)
			InitializePlatformSupportModulesInManaged (2ms)
			SetLoadedEditorAssemblies (3ms)
			BeforeProcessingInitializeOnLoad (40ms)
			ProcessInitializeOnLoadAttributes (222ms)
			ProcessInitializeOnLoadMethodAttributes (31ms)
			AfterProcessingInitializeOnLoad (4ms)
			EditorAssembliesLoaded (0ms)
		ExecutionOrderSort2 (0ms)
		AwakeInstancesAfterBackupRestoration (5ms)
Refreshing native plugins compatible for Editor in 0.97 ms, found 4 plugins.
Preloading 0 native plugins for Editor in 0.00 ms.
Unloading 1 Unused Serialized files (Serialized files now loaded: 0)
Unloading 4323 unused Assets / (1.1 MB). Loaded Objects now: 4930.
Memory consumption went from 115.8 MB to 114.7 MB.
Total: 4.349200 ms (FindLiveObjects: 0.250200 ms CreateObjectMapping: 0.125300 ms MarkObjects: 3.277700 ms  DeleteObjects: 0.695300 ms)

Prepare: number of updated asset objects reloaded= 0
========================================================================
Received Prepare
Begin MonoManager ReloadAssembly
- Loaded All Assemblies, in  0.358 seconds
Refreshing native plugins compatible for Editor in 0.89 ms, found 4 plugins.
Native extension for WindowsStandalone target not found
Mono: successfully reloaded assembly
- Finished resetting the current domain, in  0.468 seconds
Domain Reload Profiling: 827ms
	BeginReloadAssembly (114ms)
		ExecutionOrderSort (0ms)
		DisableScriptedObjects (10ms)
		BackupInstance (0ms)
		ReleaseScriptingObjects (0ms)
		CreateAndSetChildDomain (27ms)
	RebuildCommonClasses (21ms)
	RebuildNativeTypeToScriptingClass (8ms)
	initialDomainReloadingComplete (15ms)
	LoadAllAssembliesAndSetupDomain (201ms)
		LoadAssemblies (162ms)
		RebuildTransferFunctionScriptingTraits (0ms)
		AnalyzeDomain (91ms)
			TypeCache.Refresh (4ms)
				TypeCache.ScanAssembly (0ms)
			BuildScriptInfoCaches (82ms)
			ResolveRequiredComponents (3ms)
	FinalizeReload (468ms)
		ReleaseScriptCaches (0ms)
		RebuildScriptCaches (0ms)
		SetupLoadedEditorAssemblies (304ms)
			LogAssemblyErrors (0ms)
			InitializePlatformSupportModulesInManaged (2ms)
			SetLoadedEditorAssemblies (4ms)
			BeforeProcessingInitializeOnLoad (43ms)
			ProcessInitializeOnLoadAttributes (220ms)
			ProcessInitializeOnLoadMethodAttributes (31ms)
			AfterProcessingInitializeOnLoad (4ms)
			EditorAssembliesLoaded (0ms)
		ExecutionOrderSort2 (0ms)
		AwakeInstancesAfterBackupRestoration (6ms)
Refreshing native plugins compatible for Editor in 0.77 ms, found 4 plugins.
Preloading 0 native plugins for Editor in 0.00 ms.
Unloading 1 Unused Serialized files (Serialized files now loaded: 0)
Unloading 4323 unused Assets / (1.1 MB). Loaded Objects now: 4932.
Memory consumption went from 115.8 MB to 114.7 MB.
Total: 4.378300 ms (FindLiveObjects: 0.244000 ms CreateObjectMapping: 0.118300 ms MarkObjects: 3.332800 ms  DeleteObjects: 0.682700 ms)

Prepare: number of updated asset objects reloaded= 0
========================================================================
Received Prepare
Begin MonoManager ReloadAssembly
- Loaded All Assemblies, in  0.366 seconds
Refreshing native plugins compatible for Editor in 0.80 ms, found 4 plugins.
Native extension for WindowsStandalone target not found
Mono: successfully reloaded assembly
- Finished resetting the current domain, in  0.463 seconds
Domain Reload Profiling: 829ms
	BeginReloadAssembly (115ms)
		ExecutionOrderSort (0ms)
		DisableScriptedObjects (7ms)
		BackupInstance (0ms)
		ReleaseScriptingObjects (0ms)
		CreateAndSetChildDomain (27ms)
	RebuildCommonClasses (20ms)
	RebuildNativeTypeToScriptingClass (8ms)
	initialDomainReloadingComplete (15ms)
	LoadAllAssembliesAndSetupDomain (208ms)
		LoadAssemblies (170ms)
		RebuildTransferFunctionScriptingTraits (0ms)
		AnalyzeDomain (93ms)
			TypeCache.Refresh (4ms)
				TypeCache.ScanAssembly (0ms)
			BuildScriptInfoCaches (82ms)
			ResolveRequiredComponents (4ms)
	FinalizeReload (463ms)
		ReleaseScriptCaches (0ms)
		RebuildScriptCaches (0ms)
		SetupLoadedEditorAssemblies (301ms)
			LogAssemblyErrors (0ms)
			InitializePlatformSupportModulesInManaged (2ms)
			SetLoadedEditorAssemblies (3ms)
			BeforeProcessingInitializeOnLoad (37ms)
			ProcessInitializeOnLoadAttributes (221ms)
			ProcessInitializeOnLoadMethodAttributes (33ms)
			AfterProcessingInitializeOnLoad (4ms)
			EditorAssembliesLoaded (0ms)
		ExecutionOrderSort2 (0ms)
		AwakeInstancesAfterBackupRestoration (5ms)
Refreshing native plugins compatible for Editor in 0.79 ms, found 4 plugins.
Preloading 0 native plugins for Editor in 0.00 ms.
Unloading 1 Unused Serialized files (Serialized files now loaded: 0)
Unloading 4323 unused Assets / (1.1 MB). Loaded Objects now: 4934.
Memory consumption went from 117.7 MB to 116.6 MB.
Total: 4.280600 ms (FindLiveObjects: 0.280700 ms CreateObjectMapping: 0.142600 ms MarkObjects: 3.181400 ms  DeleteObjects: 0.675300 ms)

Prepare: number of updated asset objects reloaded= 0
========================================================================
Received Import Request.
  Time since last request: 691216.948615 seconds.
  path: Assets/Prefabs/harpoon.prefab
  artifactKey: Guid(194b7dab2486a9f4aa336d664e4bea9f) Importer(815301076,1909f56bfc062723c751e8b465ee728b)
Start importing Assets/Prefabs/harpoon.prefab using Guid(194b7dab2486a9f4aa336d664e4bea9f) Importer(815301076,1909f56bfc062723c751e8b465ee728b) (PreviewImporter)[PhysX] Initialized MultithreadedTaskDispatcher with 16 workers.
[PhysX] Initialized MultithreadedTaskDispatcher with 16 workers.
 -> (artifact id: '59477f8e64d1322166042758d39cba78') in 0.0543535 seconds
Number of updated asset objects reloaded before import = 0Number of asset objects unloaded after import = 15

========================================================================
Received Import Request.
  Time since last request: 3.880725 seconds.
  path: Assets/Prefabs/harpoon.prefab
  artifactKey: Guid(194b7dab2486a9f4aa336d664e4bea9f) Importer(815301076,1909f56bfc062723c751e8b465ee728b)
Start importing Assets/Prefabs/harpoon.prefab using Guid(194b7dab2486a9f4aa336d664e4bea9f) Importer(815301076,1909f56bfc062723c751e8b465ee728b) (PreviewImporter)[PhysX] Initialized MultithreadedTaskDispatcher with 16 workers.
[PhysX] Initialized MultithreadedTaskDispatcher with 16 workers.
 -> (artifact id: '12d389e92f1976f301ee883ffe427b7a') in 0.0037368 seconds
Number of updated asset objects reloaded before import = 0Number of asset objects unloaded after import = 16

========================================================================
Received Import Request.
  Time since last request: 6.499413 seconds.
  path: Assets/Prefabs/harpoon.prefab
  artifactKey: Guid(194b7dab2486a9f4aa336d664e4bea9f) Importer(815301076,1909f56bfc062723c751e8b465ee728b)
Start importing Assets/Prefabs/harpoon.prefab using Guid(194b7dab2486a9f4aa336d664e4bea9f) Importer(815301076,1909f56bfc062723c751e8b465ee728b) (PreviewImporter)[PhysX] Initialized MultithreadedTaskDispatcher with 16 workers.
[PhysX] Initialized MultithreadedTaskDispatcher with 16 workers.
 -> (artifact id: '9cb6ac7a92206254ded1a671fea33dea') in 0.004674 seconds
Number of updated asset objects reloaded before import = 0Number of asset objects unloaded after import = 16

========================================================================
Received Import Request.
  Time since last request: 15.283952 seconds.
  path: Assets/Prefabs/harpoon.prefab
  artifactKey: Guid(194b7dab2486a9f4aa336d664e4bea9f) Importer(815301076,1909f56bfc062723c751e8b465ee728b)
Start importing Assets/Prefabs/harpoon.prefab using Guid(194b7dab2486a9f4aa336d664e4bea9f) Importer(815301076,1909f56bfc062723c751e8b465ee728b) (PreviewImporter)[PhysX] Initialized MultithreadedTaskDispatcher with 16 workers.
[PhysX] Initialized MultithreadedTaskDispatcher with 16 workers.
 -> (artifact id: '5b7839f86fe8991e052e2443bc1c1751') in 0.0046869 seconds
Number of updated asset objects reloaded before import = 0Number of asset objects unloaded after import = 16

========================================================================
Received Prepare
Begin MonoManager ReloadAssembly
- Loaded All Assemblies, in  0.656 seconds
Refreshing native plugins compatible for Editor in 1.39 ms, found 4 plugins.
Native extension for WindowsStandalone target not found
Mono: successfully reloaded assembly
- Finished resetting the current domain, in  0.661 seconds
Domain Reload Profiling: 1316ms
	BeginReloadAssembly (186ms)
		ExecutionOrderSort (0ms)
		DisableScriptedObjects (12ms)
		BackupInstance (0ms)
		ReleaseScriptingObjects (0ms)
		CreateAndSetChildDomain (47ms)
	RebuildCommonClasses (34ms)
	RebuildNativeTypeToScriptingClass (13ms)
	initialDomainReloadingComplete (28ms)
	LoadAllAssembliesAndSetupDomain (394ms)
		LoadAssemblies (320ms)
		RebuildTransferFunctionScriptingTraits (0ms)
		AnalyzeDomain (165ms)
			TypeCache.Refresh (10ms)
				TypeCache.ScanAssembly (0ms)
			BuildScriptInfoCaches (146ms)
			ResolveRequiredComponents (5ms)
	FinalizeReload (661ms)
		ReleaseScriptCaches (0ms)
		RebuildScriptCaches (0ms)
		SetupLoadedEditorAssemblies (436ms)
			LogAssemblyErrors (0ms)
			InitializePlatformSupportModulesInManaged (2ms)
			SetLoadedEditorAssemblies (6ms)
			BeforeProcessingInitializeOnLoad (66ms)
			ProcessInitializeOnLoadAttributes (308ms)
			ProcessInitializeOnLoadMethodAttributes (46ms)
			AfterProcessingInitializeOnLoad (6ms)
			EditorAssembliesLoaded (0ms)
		ExecutionOrderSort2 (0ms)
		AwakeInstancesAfterBackupRestoration (7ms)
Refreshing native plugins compatible for Editor in 1.64 ms, found 4 plugins.
Preloading 0 native plugins for Editor in 0.00 ms.
Unloading 1 Unused Serialized files (Serialized files now loaded: 0)
Unloading 4323 unused Assets / (280.0 KB). Loaded Objects now: 4945.
Memory consumption went from 118.4 MB to 118.1 MB.
Total: 6.363200 ms (FindLiveObjects: 0.493600 ms CreateObjectMapping: 0.190300 ms MarkObjects: 4.889000 ms  DeleteObjects: 0.789600 ms)

Prepare: number of updated asset objects reloaded= 0
========================================================================
Received Prepare
Begin MonoManager ReloadAssembly
- Loaded All Assemblies, in  0.363 seconds
Refreshing native plugins compatible for Editor in 0.58 ms, found 4 plugins.
Native extension for WindowsStandalone target not found
Mono: successfully reloaded assembly
- Finished resetting the current domain, in  0.410 seconds
Domain Reload Profiling: 773ms
	BeginReloadAssembly (116ms)
		ExecutionOrderSort (0ms)
		DisableScriptedObjects (7ms)
		BackupInstance (0ms)
		ReleaseScriptingObjects (0ms)
		CreateAndSetChildDomain (28ms)
	RebuildCommonClasses (20ms)
	RebuildNativeTypeToScriptingClass (8ms)
	initialDomainReloadingComplete (14ms)
	LoadAllAssembliesAndSetupDomain (204ms)
		LoadAssemblies (165ms)
		RebuildTransferFunctionScriptingTraits (0ms)
		AnalyzeDomain (90ms)
			TypeCache.Refresh (4ms)
				TypeCache.ScanAssembly (0ms)
			BuildScriptInfoCaches (81ms)
			ResolveRequiredComponents (3ms)
	FinalizeReload (411ms)
		ReleaseScriptCaches (0ms)
		RebuildScriptCaches (0ms)
		SetupLoadedEditorAssemblies (266ms)
			LogAssemblyErrors (0ms)
			InitializePlatformSupportModulesInManaged (1ms)
			SetLoadedEditorAssemblies (3ms)
			BeforeProcessingInitializeOnLoad (29ms)
			ProcessInitializeOnLoadAttributes (195ms)
			ProcessInitializeOnLoadMethodAttributes (32ms)
			AfterProcessingInitializeOnLoad (5ms)
			EditorAssembliesLoaded (0ms)
		ExecutionOrderSort2 (0ms)
		AwakeInstancesAfterBackupRestoration (5ms)
Refreshing native plugins compatible for Editor in 0.83 ms, found 4 plugins.
Preloading 0 native plugins for Editor in 0.00 ms.
Unloading 1 Unused Serialized files (Serialized files now loaded: 0)
Unloading 4323 unused Assets / (1.1 MB). Loaded Objects now: 4947.
Memory consumption went from 118.4 MB to 117.4 MB.
Total: 4.178200 ms (FindLiveObjects: 0.240100 ms CreateObjectMapping: 0.172100 ms MarkObjects: 3.106900 ms  DeleteObjects: 0.658400 ms)

Prepare: number of updated asset objects reloaded= 0
========================================================================
Received Import Request.
  Time since last request: 204.243353 seconds.
  path: Assets/Prefabs/harpoon.prefab
  artifactKey: Guid(194b7dab2486a9f4aa336d664e4bea9f) Importer(815301076,1909f56bfc062723c751e8b465ee728b)
Start importing Assets/Prefabs/harpoon.prefab using Guid(194b7dab2486a9f4aa336d664e4bea9f) Importer(815301076,1909f56bfc062723c751e8b465ee728b) (PreviewImporter)[PhysX] Initialized MultithreadedTaskDispatcher with 16 workers.
[PhysX] Initialized MultithreadedTaskDispatcher with 16 workers.
 -> (artifact id: '1b54e94c8aa4f53cd9952dda48d79c95') in 0.0473468 seconds
Number of updated asset objects reloaded before import = 0Number of asset objects unloaded after import = 15

========================================================================
Received Prepare
Refreshing native plugins compatible for Editor in 0.73 ms, found 4 plugins.
Preloading 0 native plugins for Editor in 0.00 ms.
Unloading 1 Unused Serialized files (Serialized files now loaded: 0)
Unloading 4314 unused Assets / (1.2 MB). Loaded Objects now: 4949.
Memory consumption went from 118.7 MB to 117.4 MB.
Total: 4.751200 ms (FindLiveObjects: 0.293100 ms CreateObjectMapping: 0.169300 ms MarkObjects: 3.509300 ms  DeleteObjects: 0.779000 ms)

Prepare: number of updated asset objects reloaded= 0
========================================================================
Received Prepare
Begin MonoManager ReloadAssembly
- Loaded All Assemblies, in  0.373 seconds
Refreshing native plugins compatible for Editor in 0.67 ms, found 4 plugins.
Native extension for WindowsStandalone target not found
Mono: successfully reloaded assembly
- Finished resetting the current domain, in  0.373 seconds
Domain Reload Profiling: 746ms
	BeginReloadAssembly (112ms)
		ExecutionOrderSort (0ms)
		DisableScriptedObjects (7ms)
		BackupInstance (0ms)
		ReleaseScriptingObjects (0ms)
		CreateAndSetChildDomain (26ms)
	RebuildCommonClasses (21ms)
	RebuildNativeTypeToScriptingClass (8ms)
	initialDomainReloadingComplete (15ms)
	LoadAllAssembliesAndSetupDomain (218ms)
		LoadAssemblies (171ms)
		RebuildTransferFunctionScriptingTraits (0ms)
		AnalyzeDomain (100ms)
			TypeCache.Refresh (6ms)
				TypeCache.ScanAssembly (0ms)
			BuildScriptInfoCaches (89ms)
			ResolveRequiredComponents (4ms)
	FinalizeReload (373ms)
		ReleaseScriptCaches (0ms)
		RebuildScriptCaches (0ms)
		SetupLoadedEditorAssemblies (243ms)
			LogAssemblyErrors (0ms)
			InitializePlatformSupportModulesInManaged (2ms)
			SetLoadedEditorAssemblies (3ms)
			BeforeProcessingInitializeOnLoad (30ms)
			ProcessInitializeOnLoadAttributes (181ms)
			ProcessInitializeOnLoadMethodAttributes (24ms)
			AfterProcessingInitializeOnLoad (4ms)
			EditorAssembliesLoaded (0ms)
		ExecutionOrderSort2 (0ms)
		AwakeInstancesAfterBackupRestoration (4ms)
Refreshing native plugins compatible for Editor in 0.79 ms, found 4 plugins.
Preloading 0 native plugins for Editor in 0.00 ms.
Unloading 1 Unused Serialized files (Serialized files now loaded: 0)
Unloading 4324 unused Assets / (1.1 MB). Loaded Objects now: 4950.
Memory consumption went from 118.4 MB to 117.4 MB.
Total: 3.856600 ms (FindLiveObjects: 0.234100 ms CreateObjectMapping: 0.137600 ms MarkObjects: 2.874200 ms  DeleteObjects: 0.610300 ms)

Prepare: number of updated asset objects reloaded= 0
========================================================================
Received Prepare
Refreshing native plugins compatible for Editor in 1.37 ms, found 4 plugins.
Preloading 0 native plugins for Editor in 0.00 ms.
Unloading 1 Unused Serialized files (Serialized files now loaded: 0)
Unloading 4314 unused Assets / (1.1 MB). Loaded Objects now: 4950.
Memory consumption went from 118.6 MB to 117.5 MB.
Total: 6.754400 ms (FindLiveObjects: 0.493900 ms CreateObjectMapping: 0.180100 ms MarkObjects: 5.076800 ms  DeleteObjects: 1.002800 ms)

Prepare: number of updated asset objects reloaded= 0
========================================================================
Received Import Request.
  Time since last request: 243.632494 seconds.
  path: Assets/arrow.png
  artifactKey: Guid(e3f89f80695da434c88f4c69c1479789) Importer(815301076,1909f56bfc062723c751e8b465ee728b)
Start importing Assets/arrow.png using Guid(e3f89f80695da434c88f4c69c1479789) Importer(815301076,1909f56bfc062723c751e8b465ee728b) (PreviewImporter)[PhysX] Initialized MultithreadedTaskDispatcher with 16 workers.
[PhysX] Initialized MultithreadedTaskDispatcher with 16 workers.
 -> (artifact id: 'a7e4b704d8d7a12dd1608d58d902946b') in 0.0724152 seconds
Number of updated asset objects reloaded before import = 0Number of asset objects unloaded after import = 3

========================================================================
Received Prepare
Begin MonoManager ReloadAssembly
- Loaded All Assemblies, in  2.299 seconds
Refreshing native plugins compatible for Editor in 0.83 ms, found 4 plugins.
Native extension for WindowsStandalone target not found
Mono: successfully reloaded assembly
- Finished resetting the current domain, in  0.367 seconds
Domain Reload Profiling: 2667ms
	BeginReloadAssembly (279ms)
		ExecutionOrderSort (0ms)
		DisableScriptedObjects (7ms)
		BackupInstance (0ms)
		ReleaseScriptingObjects (0ms)
		CreateAndSetChildDomain (29ms)
	RebuildCommonClasses (108ms)
	RebuildNativeTypeToScriptingClass (8ms)
	initialDomainReloadingComplete (16ms)
	LoadAllAssembliesAndSetupDomain (1888ms)
		LoadAssemblies (2011ms)
		RebuildTransferFunctionScriptingTraits (0ms)
		AnalyzeDomain (94ms)
			TypeCache.Refresh (6ms)
				TypeCache.ScanAssembly (0ms)
			BuildScriptInfoCaches (83ms)
			ResolveRequiredComponents (3ms)
	FinalizeReload (368ms)
		ReleaseScriptCaches (0ms)
		RebuildScriptCaches (0ms)
		SetupLoadedEditorAssemblies (237ms)
			LogAssemblyErrors (0ms)
			InitializePlatformSupportModulesInManaged (1ms)
			SetLoadedEditorAssemblies (3ms)
			BeforeProcessingInitializeOnLoad (30ms)
			ProcessInitializeOnLoadAttributes (175ms)
			ProcessInitializeOnLoadMethodAttributes (23ms)
			AfterProcessingInitializeOnLoad (4ms)
			EditorAssembliesLoaded (0ms)
		ExecutionOrderSort2 (0ms)
		AwakeInstancesAfterBackupRestoration (4ms)
Refreshing native plugins compatible for Editor in 0.91 ms, found 4 plugins.
Preloading 0 native plugins for Editor in 0.00 ms.
Unloading 1 Unused Serialized files (Serialized files now loaded: 0)
Unloading 4324 unused Assets / (1.1 MB). Loaded Objects now: 4955.
Memory consumption went from 118.5 MB to 117.4 MB.
Total: 3.949500 ms (FindLiveObjects: 0.252800 ms CreateObjectMapping: 0.121800 ms MarkObjects: 2.943400 ms  DeleteObjects: 0.631000 ms)

Prepare: number of updated asset objects reloaded= 0
========================================================================
Received Import Request.
  Time since last request: 297.753949 seconds.
  path: Assets/Prefabs/harpoon.prefab
  artifactKey: Guid(194b7dab2486a9f4aa336d664e4bea9f) Importer(815301076,1909f56bfc062723c751e8b465ee728b)
Start importing Assets/Prefabs/harpoon.prefab using Guid(194b7dab2486a9f4aa336d664e4bea9f) Importer(815301076,1909f56bfc062723c751e8b465ee728b) (PreviewImporter)[PhysX] Initialized MultithreadedTaskDispatcher with 16 workers.
 -> (artifact id: 'a5f1abde5c3d59e3104f4e0f88d64c5e') in 0.0017513 seconds
Number of updated asset objects reloaded before import = 0Number of asset objects unloaded after import = 0

========================================================================
Received Prepare
Begin MonoManager ReloadAssembly
- Loaded All Assemblies, in  0.357 seconds
Refreshing native plugins compatible for Editor in 0.60 ms, found 4 plugins.
Native extension for WindowsStandalone target not found
Mono: successfully reloaded assembly
- Finished resetting the current domain, in  0.372 seconds
Domain Reload Profiling: 730ms
	BeginReloadAssembly (109ms)
		ExecutionOrderSort (0ms)
		DisableScriptedObjects (7ms)
		BackupInstance (0ms)
		ReleaseScriptingObjects (0ms)
		CreateAndSetChildDomain (24ms)
	RebuildCommonClasses (20ms)
	RebuildNativeTypeToScriptingClass (8ms)
	initialDomainReloadingComplete (15ms)
	LoadAllAssembliesAndSetupDomain (206ms)
		LoadAssemblies (168ms)
		RebuildTransferFunctionScriptingTraits (0ms)
		AnalyzeDomain (90ms)
			TypeCache.Refresh (5ms)
				TypeCache.ScanAssembly (0ms)
			BuildScriptInfoCaches (80ms)
			ResolveRequiredComponents (3ms)
	FinalizeReload (373ms)
		ReleaseScriptCaches (0ms)
		RebuildScriptCaches (0ms)
		SetupLoadedEditorAssemblies (244ms)
			LogAssemblyErrors (0ms)
			InitializePlatformSupportModulesInManaged (1ms)
			SetLoadedEditorAssemblies (3ms)
			BeforeProcessingInitializeOnLoad (31ms)
			ProcessInitializeOnLoadAttributes (179ms)
			ProcessInitializeOnLoadMethodAttributes (26ms)
			AfterProcessingInitializeOnLoad (4ms)
			EditorAssembliesLoaded (0ms)
		ExecutionOrderSort2 (0ms)
		AwakeInstancesAfterBackupRestoration (4ms)
Refreshing native plugins compatible for Editor in 0.66 ms, found 4 plugins.
Preloading 0 native plugins for Editor in 0.00 ms.
Unloading 1 Unused Serialized files (Serialized files now loaded: 0)
Unloading 4324 unused Assets / (1.0 MB). Loaded Objects now: 4957.
Memory consumption went from 118.5 MB to 117.4 MB.
Total: 4.253500 ms (FindLiveObjects: 0.250800 ms CreateObjectMapping: 0.123100 ms MarkObjects: 3.230300 ms  DeleteObjects: 0.648600 ms)

Prepare: number of updated asset objects reloaded= 0
========================================================================
Received Import Request.
  Time since last request: 2.673918 seconds.
  path: Assets/Prefabs/harpoon.prefab
  artifactKey: Guid(194b7dab2486a9f4aa336d664e4bea9f) Importer(815301076,1909f56bfc062723c751e8b465ee728b)
Start importing Assets/Prefabs/harpoon.prefab using Guid(194b7dab2486a9f4aa336d664e4bea9f) Importer(815301076,1909f56bfc062723c751e8b465ee728b) (PreviewImporter)[PhysX] Initialized MultithreadedTaskDispatcher with 16 workers.
[PhysX] Initialized MultithreadedTaskDispatcher with 16 workers.
 -> (artifact id: '54f7f6a06b6373663eb6931ad8d1aea3') in 0.0557553 seconds
Number of updated asset objects reloaded before import = 0Number of asset objects unloaded after import = 16

========================================================================
Received Prepare
Begin MonoManager ReloadAssembly
- Loaded All Assemblies, in  0.640 seconds
Refreshing native plugins compatible for Editor in 2.04 ms, found 4 plugins.
Native extension for WindowsStandalone target not found
Mono: successfully reloaded assembly
- Finished resetting the current domain, in  0.667 seconds
Domain Reload Profiling: 1305ms
	BeginReloadAssembly (181ms)
		ExecutionOrderSort (0ms)
		DisableScriptedObjects (12ms)
		BackupInstance (0ms)
		ReleaseScriptingObjects (0ms)
		CreateAndSetChildDomain (45ms)
	RebuildCommonClasses (33ms)
	RebuildNativeTypeToScriptingClass (14ms)
	initialDomainReloadingComplete (26ms)
	LoadAllAssembliesAndSetupDomain (384ms)
		LoadAssemblies (320ms)
		RebuildTransferFunctionScriptingTraits (0ms)
		AnalyzeDomain (155ms)
			TypeCache.Refresh (11ms)
				TypeCache.ScanAssembly (0ms)
			BuildScriptInfoCaches (136ms)
			ResolveRequiredComponents (6ms)
	FinalizeReload (667ms)
		ReleaseScriptCaches (0ms)
		RebuildScriptCaches (0ms)
		SetupLoadedEditorAssemblies (460ms)
			LogAssemblyErrors (0ms)
			InitializePlatformSupportModulesInManaged (2ms)
			SetLoadedEditorAssemblies (6ms)
			BeforeProcessingInitializeOnLoad (67ms)
			ProcessInitializeOnLoadAttributes (333ms)
			ProcessInitializeOnLoadMethodAttributes (46ms)
			AfterProcessingInitializeOnLoad (7ms)
			EditorAssembliesLoaded (0ms)
		ExecutionOrderSort2 (0ms)
		AwakeInstancesAfterBackupRestoration (6ms)
Refreshing native plugins compatible for Editor in 2.08 ms, found 4 plugins.
Preloading 0 native plugins for Editor in 0.00 ms.
Unloading 1 Unused Serialized files (Serialized files now loaded: 0)
Unloading 4324 unused Assets / (0.8 MB). Loaded Objects now: 4959.
Memory consumption went from 120.4 MB to 119.6 MB.
Total: 6.955700 ms (FindLiveObjects: 0.501700 ms CreateObjectMapping: 0.164300 ms MarkObjects: 5.212000 ms  DeleteObjects: 1.076800 ms)

Prepare: number of updated asset objects reloaded= 0
========================================================================
Received Prepare
Begin MonoManager ReloadAssembly
- Loaded All Assemblies, in  0.366 seconds
Refreshing native plugins compatible for Editor in 1.25 ms, found 4 plugins.
Native extension for WindowsStandalone target not found
Mono: successfully reloaded assembly
- Finished resetting the current domain, in  0.431 seconds
Domain Reload Profiling: 797ms
	BeginReloadAssembly (111ms)
		ExecutionOrderSort (0ms)
		DisableScriptedObjects (7ms)
		BackupInstance (0ms)
		ReleaseScriptingObjects (0ms)
		CreateAndSetChildDomain (25ms)
	RebuildCommonClasses (21ms)
	RebuildNativeTypeToScriptingClass (8ms)
	initialDomainReloadingComplete (16ms)
	LoadAllAssembliesAndSetupDomain (210ms)
		LoadAssemblies (167ms)
		RebuildTransferFunctionScriptingTraits (0ms)
		AnalyzeDomain (96ms)
			TypeCache.Refresh (4ms)
				TypeCache.ScanAssembly (0ms)
			BuildScriptInfoCaches (87ms)
			ResolveRequiredComponents (3ms)
	FinalizeReload (431ms)
		ReleaseScriptCaches (0ms)
		RebuildScriptCaches (0ms)
		SetupLoadedEditorAssemblies (273ms)
			LogAssemblyErrors (0ms)
			InitializePlatformSupportModulesInManaged (1ms)
			SetLoadedEditorAssemblies (3ms)
			BeforeProcessingInitializeOnLoad (28ms)
			ProcessInitializeOnLoadAttributes (205ms)
			ProcessInitializeOnLoadMethodAttributes (32ms)
			AfterProcessingInitializeOnLoad (5ms)
			EditorAssembliesLoaded (0ms)
		ExecutionOrderSort2 (0ms)
		AwakeInstancesAfterBackupRestoration (5ms)
Refreshing native plugins compatible for Editor in 0.95 ms, found 4 plugins.
Preloading 0 native plugins for Editor in 0.00 ms.
Unloading 1 Unused Serialized files (Serialized files now loaded: 0)
Unloading 4324 unused Assets / (1.1 MB). Loaded Objects now: 4961.
Memory consumption went from 120.4 MB to 119.3 MB.
Total: 4.267700 ms (FindLiveObjects: 0.249900 ms CreateObjectMapping: 0.130400 ms MarkObjects: 3.192700 ms  DeleteObjects: 0.694000 ms)

Prepare: number of updated asset objects reloaded= 0
========================================================================
Received Prepare
Begin MonoManager ReloadAssembly
- Loaded All Assemblies, in  0.364 seconds
Refreshing native plugins compatible for Editor in 0.62 ms, found 4 plugins.
Native extension for WindowsStandalone target not found
Mono: successfully reloaded assembly
- Finished resetting the current domain, in  0.374 seconds
Domain Reload Profiling: 738ms
	BeginReloadAssembly (114ms)
		ExecutionOrderSort (0ms)
		DisableScriptedObjects (7ms)
		BackupInstance (0ms)
		ReleaseScriptingObjects (0ms)
		CreateAndSetChildDomain (28ms)
	RebuildCommonClasses (20ms)
	RebuildNativeTypeToScriptingClass (7ms)
	initialDomainReloadingComplete (15ms)
	LoadAllAssembliesAndSetupDomain (208ms)
		LoadAssemblies (169ms)
		RebuildTransferFunctionScriptingTraits (0ms)
		AnalyzeDomain (92ms)
			TypeCache.Refresh (6ms)
				TypeCache.ScanAssembly (0ms)
			BuildScriptInfoCaches (81ms)
			ResolveRequiredComponents (3ms)
	FinalizeReload (374ms)
		ReleaseScriptCaches (0ms)
		RebuildScriptCaches (0ms)
		SetupLoadedEditorAssemblies (240ms)
			LogAssemblyErrors (0ms)
			InitializePlatformSupportModulesInManaged (1ms)
			SetLoadedEditorAssemblies (3ms)
			BeforeProcessingInitializeOnLoad (29ms)
			ProcessInitializeOnLoadAttributes (179ms)
			ProcessInitializeOnLoadMethodAttributes (24ms)
			AfterProcessingInitializeOnLoad (4ms)
			EditorAssembliesLoaded (0ms)
		ExecutionOrderSort2 (0ms)
		AwakeInstancesAfterBackupRestoration (4ms)
Refreshing native plugins compatible for Editor in 0.63 ms, found 4 plugins.
Preloading 0 native plugins for Editor in 0.00 ms.
Unloading 1 Unused Serialized files (Serialized files now loaded: 0)
Unloading 4324 unused Assets / (1.1 MB). Loaded Objects now: 4963.
Memory consumption went from 120.4 MB to 119.3 MB.
Total: 4.032100 ms (FindLiveObjects: 0.240500 ms CreateObjectMapping: 0.124300 ms MarkObjects: 2.969800 ms  DeleteObjects: 0.697000 ms)

Prepare: number of updated asset objects reloaded= 0
========================================================================
Received Import Request.
  Time since last request: 92.872620 seconds.
  path: Assets/Prefabs/harpoon.prefab
  artifactKey: Guid(194b7dab2486a9f4aa336d664e4bea9f) Importer(815301076,1909f56bfc062723c751e8b465ee728b)
Start importing Assets/Prefabs/harpoon.prefab using Guid(194b7dab2486a9f4aa336d664e4bea9f) Importer(815301076,1909f56bfc062723c751e8b465ee728b) (PreviewImporter)[PhysX] Initialized MultithreadedTaskDispatcher with 16 workers.
[PhysX] Initialized MultithreadedTaskDispatcher with 16 workers.
 -> (artifact id: '84326f0c776006e07ee46df03b1f9266') in 0.0400085 seconds
Number of updated asset objects reloaded before import = 0Number of asset objects unloaded after import = 16

========================================================================
Received Prepare
Begin MonoManager ReloadAssembly
- Loaded All Assemblies, in  0.359 seconds
Refreshing native plugins compatible for Editor in 0.70 ms, found 4 plugins.
Native extension for WindowsStandalone target not found
Mono: successfully reloaded assembly
- Finished resetting the current domain, in  0.417 seconds
Domain Reload Profiling: 776ms
	BeginReloadAssembly (110ms)
		ExecutionOrderSort (0ms)
		DisableScriptedObjects (7ms)
		BackupInstance (0ms)
		ReleaseScriptingObjects (0ms)
		CreateAndSetChildDomain (25ms)
	RebuildCommonClasses (21ms)
	RebuildNativeTypeToScriptingClass (7ms)
	initialDomainReloadingComplete (15ms)
	LoadAllAssembliesAndSetupDomain (205ms)
		LoadAssemblies (168ms)
		RebuildTransferFunctionScriptingTraits (0ms)
		AnalyzeDomain (90ms)
			TypeCache.Refresh (4ms)
				TypeCache.ScanAssembly (0ms)
			BuildScriptInfoCaches (81ms)
			ResolveRequiredComponents (3ms)
	FinalizeReload (417ms)
		ReleaseScriptCaches (0ms)
		RebuildScriptCaches (0ms)
		SetupLoadedEditorAssemblies (271ms)
			LogAssemblyErrors (0ms)
			InitializePlatformSupportModulesInManaged (1ms)
			SetLoadedEditorAssemblies (3ms)
			BeforeProcessingInitializeOnLoad (28ms)
			ProcessInitializeOnLoadAttributes (199ms)
			ProcessInitializeOnLoadMethodAttributes (34ms)
			AfterProcessingInitializeOnLoad (6ms)
			EditorAssembliesLoaded (0ms)
		ExecutionOrderSort2 (0ms)
		AwakeInstancesAfterBackupRestoration (5ms)
Refreshing native plugins compatible for Editor in 1.06 ms, found 4 plugins.
Preloading 0 native plugins for Editor in 0.00 ms.
Unloading 1 Unused Serialized files (Serialized files now loaded: 0)
Unloading 4324 unused Assets / (1.1 MB). Loaded Objects now: 4965.
Memory consumption went from 120.4 MB to 119.3 MB.
Total: 4.480300 ms (FindLiveObjects: 0.229300 ms CreateObjectMapping: 0.200500 ms MarkObjects: 3.375000 ms  DeleteObjects: 0.674700 ms)

Prepare: number of updated asset objects reloaded= 0
========================================================================
Received Prepare
Begin MonoManager ReloadAssembly
- Loaded All Assemblies, in  0.642 seconds
Refreshing native plugins compatible for Editor in 1.35 ms, found 4 plugins.
Native extension for WindowsStandalone target not found
Mono: successfully reloaded assembly
- Finished resetting the current domain, in  0.638 seconds
Domain Reload Profiling: 1279ms
	BeginReloadAssembly (176ms)
		ExecutionOrderSort (0ms)
		DisableScriptedObjects (12ms)
		BackupInstance (0ms)
		ReleaseScriptingObjects (0ms)
		CreateAndSetChildDomain (44ms)
	RebuildCommonClasses (33ms)
	RebuildNativeTypeToScriptingClass (13ms)
	initialDomainReloadingComplete (28ms)
	LoadAllAssembliesAndSetupDomain (391ms)
		LoadAssemblies (318ms)
		RebuildTransferFunctionScriptingTraits (0ms)
		AnalyzeDomain (160ms)
			TypeCache.Refresh (9ms)
				TypeCache.ScanAssembly (0ms)
			BuildScriptInfoCaches (141ms)
			ResolveRequiredComponents (6ms)
	FinalizeReload (638ms)
		ReleaseScriptCaches (0ms)
		RebuildScriptCaches (0ms)
		SetupLoadedEditorAssemblies (421ms)
			LogAssemblyErrors (0ms)
			InitializePlatformSupportModulesInManaged (2ms)
			SetLoadedEditorAssemblies (6ms)
			BeforeProcessingInitializeOnLoad (57ms)
			ProcessInitializeOnLoadAttributes (303ms)
			ProcessInitializeOnLoadMethodAttributes (46ms)
			AfterProcessingInitializeOnLoad (7ms)
			EditorAssembliesLoaded (0ms)
		ExecutionOrderSort2 (0ms)
		AwakeInstancesAfterBackupRestoration (6ms)
Refreshing native plugins compatible for Editor in 1.70 ms, found 4 plugins.
Preloading 0 native plugins for Editor in 0.00 ms.
Unloading 1 Unused Serialized files (Serialized files now loaded: 0)
Unloading 4324 unused Assets / (1.0 MB). Loaded Objects now: 4967.
Memory consumption went from 120.4 MB to 119.5 MB.
Total: 6.809500 ms (FindLiveObjects: 0.471300 ms CreateObjectMapping: 0.160000 ms MarkObjects: 5.226000 ms  DeleteObjects: 0.951400 ms)

Prepare: number of updated asset objects reloaded= 0
========================================================================
Received Import Request.
  Time since last request: 124.285067 seconds.
  path: Assets/Prefabs/harpoon.prefab
  artifactKey: Guid(194b7dab2486a9f4aa336d664e4bea9f) Importer(815301076,1909f56bfc062723c751e8b465ee728b)
Start importing Assets/Prefabs/harpoon.prefab using Guid(194b7dab2486a9f4aa336d664e4bea9f) Importer(815301076,1909f56bfc062723c751e8b465ee728b) (PreviewImporter)[PhysX] Initialized MultithreadedTaskDispatcher with 16 workers.
[PhysX] Initialized MultithreadedTaskDispatcher with 16 workers.
 -> (artifact id: '14c3f2d5ad31a3caa4833305dbf33f4a') in 0.0696638 seconds
Number of updated asset objects reloaded before import = 0Number of asset objects unloaded after import = 16

========================================================================
Received Import Request.
  Time since last request: 9.968538 seconds.
  path: Assets/Prefabs/harpoon.prefab
  artifactKey: Guid(194b7dab2486a9f4aa336d664e4bea9f) Importer(815301076,1909f56bfc062723c751e8b465ee728b)
Start importing Assets/Prefabs/harpoon.prefab using Guid(194b7dab2486a9f4aa336d664e4bea9f) Importer(815301076,1909f56bfc062723c751e8b465ee728b) (PreviewImporter)[PhysX] Initialized MultithreadedTaskDispatcher with 16 workers.
[PhysX] Initialized MultithreadedTaskDispatcher with 16 workers.
 -> (artifact id: '7e0aef6b70db839716f58f34a97439c3') in 0.0043232 seconds
Number of updated asset objects reloaded before import = 0Number of asset objects unloaded after import = 15

========================================================================
Received Import Request.
  Time since last request: 4.420382 seconds.
  path: Assets/Prefabs/harpoon.prefab
  artifactKey: Guid(194b7dab2486a9f4aa336d664e4bea9f) Importer(815301076,1909f56bfc062723c751e8b465ee728b)
Start importing Assets/Prefabs/harpoon.prefab using Guid(194b7dab2486a9f4aa336d664e4bea9f) Importer(815301076,1909f56bfc062723c751e8b465ee728b) (PreviewImporter)[PhysX] Initialized MultithreadedTaskDispatcher with 16 workers.
[PhysX] Initialized MultithreadedTaskDispatcher with 16 workers.
 -> (artifact id: '000c64c0d3c17a44b9cca8e452e83de2') in 0.0102286 seconds
Number of updated asset objects reloaded before import = 0Number of asset objects unloaded after import = 16

========================================================================
Received Import Request.
  Time since last request: 9.546490 seconds.
  path: Assets/Prefabs/harpoon.prefab
  artifactKey: Guid(194b7dab2486a9f4aa336d664e4bea9f) Importer(815301076,1909f56bfc062723c751e8b465ee728b)
Start importing Assets/Prefabs/harpoon.prefab using Guid(194b7dab2486a9f4aa336d664e4bea9f) Importer(815301076,1909f56bfc062723c751e8b465ee728b) (PreviewImporter)[PhysX] Initialized MultithreadedTaskDispatcher with 16 workers.
[PhysX] Initialized MultithreadedTaskDispatcher with 16 workers.
 -> (artifact id: '2a281bb2b77a2befc083270c7e90e8a1') in 0.0050065 seconds
Number of updated asset objects reloaded before import = 0Number of asset objects unloaded after import = 16

========================================================================
Received Prepare
Begin MonoManager ReloadAssembly
- Loaded All Assemblies, in  0.351 seconds
Refreshing native plugins compatible for Editor in 0.67 ms, found 4 plugins.
Native extension for WindowsStandalone target not found
Mono: successfully reloaded assembly
- Finished resetting the current domain, in  0.405 seconds
Domain Reload Profiling: 756ms
	BeginReloadAssembly (109ms)
		ExecutionOrderSort (0ms)
		DisableScriptedObjects (7ms)
		BackupInstance (0ms)
		ReleaseScriptingObjects (0ms)
		CreateAndSetChildDomain (24ms)
	RebuildCommonClasses (21ms)
	RebuildNativeTypeToScriptingClass (7ms)
	initialDomainReloadingComplete (16ms)
	LoadAllAssembliesAndSetupDomain (199ms)
		LoadAssemblies (161ms)
		RebuildTransferFunctionScriptingTraits (0ms)
		AnalyzeDomain (90ms)
			TypeCache.Refresh (4ms)
				TypeCache.ScanAssembly (0ms)
			BuildScriptInfoCaches (81ms)
			ResolveRequiredComponents (3ms)
	FinalizeReload (405ms)
		ReleaseScriptCaches (0ms)
		RebuildScriptCaches (0ms)
		SetupLoadedEditorAssemblies (265ms)
			LogAssemblyErrors (0ms)
			InitializePlatformSupportModulesInManaged (1ms)
			SetLoadedEditorAssemblies (3ms)
			BeforeProcessingInitializeOnLoad (29ms)
			ProcessInitializeOnLoadAttributes (195ms)
			ProcessInitializeOnLoadMethodAttributes (31ms)
			AfterProcessingInitializeOnLoad (4ms)
			EditorAssembliesLoaded (0ms)
		ExecutionOrderSort2 (0ms)
		AwakeInstancesAfterBackupRestoration (5ms)
Refreshing native plugins compatible for Editor in 1.13 ms, found 4 plugins.
Preloading 0 native plugins for Editor in 0.00 ms.
Unloading 1 Unused Serialized files (Serialized files now loaded: 0)
Unloading 4324 unused Assets / (1.1 MB). Loaded Objects now: 4969.
Memory consumption went from 120.4 MB to 119.3 MB.
Total: 5.170900 ms (FindLiveObjects: 0.282900 ms CreateObjectMapping: 0.249100 ms MarkObjects: 3.776100 ms  DeleteObjects: 0.861900 ms)

Prepare: number of updated asset objects reloaded= 0
========================================================================
Received Prepare
Begin MonoManager ReloadAssembly
- Loaded All Assemblies, in  0.356 seconds
Refreshing native plugins compatible for Editor in 1.23 ms, found 4 plugins.
Native extension for WindowsStandalone target not found
Mono: successfully reloaded assembly
- Finished resetting the current domain, in  0.419 seconds
Domain Reload Profiling: 775ms
	BeginReloadAssembly (106ms)
		ExecutionOrderSort (0ms)
		DisableScriptedObjects (7ms)
		BackupInstance (0ms)
		ReleaseScriptingObjects (0ms)
		CreateAndSetChildDomain (23ms)
	RebuildCommonClasses (21ms)
	RebuildNativeTypeToScriptingClass (7ms)
	initialDomainReloadingComplete (16ms)
	LoadAllAssembliesAndSetupDomain (206ms)
		LoadAssemblies (165ms)
		RebuildTransferFunctionScriptingTraits (0ms)
		AnalyzeDomain (93ms)
			TypeCache.Refresh (4ms)
				TypeCache.ScanAssembly (0ms)
			BuildScriptInfoCaches (80ms)
			ResolveRequiredComponents (6ms)
	FinalizeReload (420ms)
		ReleaseScriptCaches (0ms)
		RebuildScriptCaches (0ms)
		SetupLoadedEditorAssemblies (279ms)
			LogAssemblyErrors (0ms)
			InitializePlatformSupportModulesInManaged (1ms)
			SetLoadedEditorAssemblies (3ms)
			BeforeProcessingInitializeOnLoad (28ms)
			ProcessInitializeOnLoadAttributes (210ms)
			ProcessInitializeOnLoadMethodAttributes (32ms)
			AfterProcessingInitializeOnLoad (5ms)
			EditorAssembliesLoaded (0ms)
		ExecutionOrderSort2 (0ms)
		AwakeInstancesAfterBackupRestoration (5ms)
Refreshing native plugins compatible for Editor in 0.70 ms, found 4 plugins.
Preloading 0 native plugins for Editor in 0.00 ms.
Unloading 1 Unused Serialized files (Serialized files now loaded: 0)
Unloading 4324 unused Assets / (1.1 MB). Loaded Objects now: 4971.
Memory consumption went from 120.4 MB to 119.3 MB.
Total: 4.271800 ms (FindLiveObjects: 0.235800 ms CreateObjectMapping: 0.166900 ms MarkObjects: 3.217100 ms  DeleteObjects: 0.651300 ms)

Prepare: number of updated asset objects reloaded= 0
========================================================================
Received Import Request.
  Time since last request: 53.805645 seconds.
  path: Assets/Prefabs/harpoon.prefab
  artifactKey: Guid(194b7dab2486a9f4aa336d664e4bea9f) Importer(815301076,1909f56bfc062723c751e8b465ee728b)
Start importing Assets/Prefabs/harpoon.prefab using Guid(194b7dab2486a9f4aa336d664e4bea9f) Importer(815301076,1909f56bfc062723c751e8b465ee728b) (PreviewImporter)[PhysX] Initialized MultithreadedTaskDispatcher with 16 workers.
[PhysX] Initialized MultithreadedTaskDispatcher with 16 workers.
 -> (artifact id: 'abd54b1036f2b529bfa7ad4d00b55eec') in 0.0409134 seconds
Number of updated asset objects reloaded before import = 0Number of asset objects unloaded after import = 16

========================================================================
Received Prepare
Begin MonoManager ReloadAssembly
- Loaded All Assemblies, in  0.366 seconds
Refreshing native plugins compatible for Editor in 0.73 ms, found 4 plugins.
Native extension for WindowsStandalone target not found
Mono: successfully reloaded assembly
- Finished resetting the current domain, in  0.405 seconds
Domain Reload Profiling: 772ms
	BeginReloadAssembly (111ms)
		ExecutionOrderSort (0ms)
		DisableScriptedObjects (7ms)
		BackupInstance (0ms)
		ReleaseScriptingObjects (0ms)
		CreateAndSetChildDomain (25ms)
	RebuildCommonClasses (20ms)
	RebuildNativeTypeToScriptingClass (8ms)
	initialDomainReloadingComplete (16ms)
	LoadAllAssembliesAndSetupDomain (212ms)
		LoadAssemblies (171ms)
		RebuildTransferFunctionScriptingTraits (0ms)
		AnalyzeDomain (95ms)
			TypeCache.Refresh (4ms)
				TypeCache.ScanAssembly (0ms)
			BuildScriptInfoCaches (86ms)
			ResolveRequiredComponents (3ms)
	FinalizeReload (406ms)
		ReleaseScriptCaches (0ms)
		RebuildScriptCaches (0ms)
		SetupLoadedEditorAssemblies (261ms)
			LogAssemblyErrors (0ms)
			InitializePlatformSupportModulesInManaged (1ms)
			SetLoadedEditorAssemblies (3ms)
			BeforeProcessingInitializeOnLoad (30ms)
			ProcessInitializeOnLoadAttributes (187ms)
			ProcessInitializeOnLoadMethodAttributes (35ms)
			AfterProcessingInitializeOnLoad (5ms)
			EditorAssembliesLoaded (0ms)
		ExecutionOrderSort2 (0ms)
		AwakeInstancesAfterBackupRestoration (5ms)
Refreshing native plugins compatible for Editor in 0.86 ms, found 4 plugins.
Preloading 0 native plugins for Editor in 0.00 ms.
Unloading 1 Unused Serialized files (Serialized files now loaded: 0)
Unloading 4324 unused Assets / (1.1 MB). Loaded Objects now: 4973.
Memory consumption went from 120.4 MB to 119.4 MB.
Total: 4.640200 ms (FindLiveObjects: 0.331300 ms CreateObjectMapping: 0.209100 ms MarkObjects: 3.427900 ms  DeleteObjects: 0.671100 ms)

Prepare: number of updated asset objects reloaded= 0
========================================================================
Received Prepare
Begin MonoManager ReloadAssembly
- Loaded All Assemblies, in  0.363 seconds
Refreshing native plugins compatible for Editor in 0.68 ms, found 4 plugins.
Native extension for WindowsStandalone target not found
Mono: successfully reloaded assembly
- Finished resetting the current domain, in  0.351 seconds
Domain Reload Profiling: 714ms
	BeginReloadAssembly (109ms)
		ExecutionOrderSort (0ms)
		DisableScriptedObjects (7ms)
		BackupInstance (0ms)
		ReleaseScriptingObjects (0ms)
		CreateAndSetChildDomain (26ms)
	RebuildCommonClasses (20ms)
	RebuildNativeTypeToScriptingClass (7ms)
	initialDomainReloadingComplete (15ms)
	LoadAllAssembliesAndSetupDomain (211ms)
		LoadAssemblies (171ms)
		RebuildTransferFunctionScriptingTraits (0ms)
		AnalyzeDomain (92ms)
			TypeCache.Refresh (5ms)
				TypeCache.ScanAssembly (0ms)
			BuildScriptInfoCaches (81ms)
			ResolveRequiredComponents (3ms)
	FinalizeReload (351ms)
		ReleaseScriptCaches (0ms)
		RebuildScriptCaches (0ms)
		SetupLoadedEditorAssemblies (226ms)
			LogAssemblyErrors (0ms)
			InitializePlatformSupportModulesInManaged (2ms)
			SetLoadedEditorAssemblies (3ms)
			BeforeProcessingInitializeOnLoad (28ms)
			ProcessInitializeOnLoadAttributes (167ms)
			ProcessInitializeOnLoadMethodAttributes (22ms)
			AfterProcessingInitializeOnLoad (3ms)
			EditorAssembliesLoaded (0ms)
		ExecutionOrderSort2 (0ms)
		AwakeInstancesAfterBackupRestoration (4ms)
Refreshing native plugins compatible for Editor in 0.63 ms, found 4 plugins.
Preloading 0 native plugins for Editor in 0.00 ms.
Unloading 1 Unused Serialized files (Serialized files now loaded: 0)
Unloading 4324 unused Assets / (1.0 MB). Loaded Objects now: 4975.
Memory consumption went from 120.4 MB to 119.5 MB.
Total: 3.839600 ms (FindLiveObjects: 0.226400 ms CreateObjectMapping: 0.116900 ms MarkObjects: 2.880100 ms  DeleteObjects: 0.615800 ms)

Prepare: number of updated asset objects reloaded= 0
========================================================================
Received Prepare
Begin MonoManager ReloadAssembly
- Loaded All Assemblies, in  0.358 seconds
Refreshing native plugins compatible for Editor in 0.62 ms, found 4 plugins.
Native extension for WindowsStandalone target not found
Mono: successfully reloaded assembly
- Finished resetting the current domain, in  0.419 seconds
Domain Reload Profiling: 777ms
	BeginReloadAssembly (111ms)
		ExecutionOrderSort (0ms)
		DisableScriptedObjects (7ms)
		BackupInstance (0ms)
		ReleaseScriptingObjects (0ms)
		CreateAndSetChildDomain (24ms)
	RebuildCommonClasses (21ms)
	RebuildNativeTypeToScriptingClass (7ms)
	initialDomainReloadingComplete (16ms)
	LoadAllAssembliesAndSetupDomain (204ms)
		LoadAssemblies (166ms)
		RebuildTransferFunctionScriptingTraits (0ms)
		AnalyzeDomain (90ms)
			TypeCache.Refresh (4ms)
				TypeCache.ScanAssembly (0ms)
			BuildScriptInfoCaches (81ms)
			ResolveRequiredComponents (3ms)
	FinalizeReload (419ms)
		ReleaseScriptCaches (0ms)
		RebuildScriptCaches (0ms)
		SetupLoadedEditorAssemblies (271ms)
			LogAssemblyErrors (0ms)
			InitializePlatformSupportModulesInManaged (1ms)
			SetLoadedEditorAssemblies (3ms)
			BeforeProcessingInitializeOnLoad (27ms)
			ProcessInitializeOnLoadAttributes (200ms)
			ProcessInitializeOnLoadMethodAttributes (33ms)
			AfterProcessingInitializeOnLoad (5ms)
			EditorAssembliesLoaded (0ms)
		ExecutionOrderSort2 (0ms)
		AwakeInstancesAfterBackupRestoration (6ms)
Refreshing native plugins compatible for Editor in 0.77 ms, found 4 plugins.
Preloading 0 native plugins for Editor in 0.00 ms.
Unloading 1 Unused Serialized files (Serialized files now loaded: 0)
Unloading 4324 unused Assets / (1.2 MB). Loaded Objects now: 4977.
Memory consumption went from 120.4 MB to 119.3 MB.
Total: 4.831800 ms (FindLiveObjects: 0.274900 ms CreateObjectMapping: 0.121300 ms MarkObjects: 3.664600 ms  DeleteObjects: 0.770300 ms)

Prepare: number of updated asset objects reloaded= 0
========================================================================
Received Prepare
Begin MonoManager ReloadAssembly
- Loaded All Assemblies, in  0.356 seconds
Refreshing native plugins compatible for Editor in 0.74 ms, found 4 plugins.
Native extension for WindowsStandalone target not found
Mono: successfully reloaded assembly
- Finished resetting the current domain, in  0.414 seconds
Domain Reload Profiling: 770ms
	BeginReloadAssembly (108ms)
		ExecutionOrderSort (0ms)
		DisableScriptedObjects (7ms)
		BackupInstance (0ms)
		ReleaseScriptingObjects (0ms)
		CreateAndSetChildDomain (25ms)
	RebuildCommonClasses (20ms)
	RebuildNativeTypeToScriptingClass (8ms)
	initialDomainReloadingComplete (15ms)
	LoadAllAssembliesAndSetupDomain (206ms)
		LoadAssemblies (167ms)
		RebuildTransferFunctionScriptingTraits (0ms)
		AnalyzeDomain (89ms)
			TypeCache.Refresh (4ms)
				TypeCache.ScanAssembly (0ms)
			BuildScriptInfoCaches (80ms)
			ResolveRequiredComponents (3ms)
	FinalizeReload (415ms)
		ReleaseScriptCaches (0ms)
		RebuildScriptCaches (0ms)
		SetupLoadedEditorAssemblies (273ms)
			LogAssemblyErrors (0ms)
			InitializePlatformSupportModulesInManaged (1ms)
			SetLoadedEditorAssemblies (3ms)
			BeforeProcessingInitializeOnLoad (29ms)
			ProcessInitializeOnLoadAttributes (202ms)
			ProcessInitializeOnLoadMethodAttributes (32ms)
			AfterProcessingInitializeOnLoad (5ms)
			EditorAssembliesLoaded (0ms)
		ExecutionOrderSort2 (0ms)
		AwakeInstancesAfterBackupRestoration (6ms)
Refreshing native plugins compatible for Editor in 0.93 ms, found 4 plugins.
Preloading 0 native plugins for Editor in 0.00 ms.
Unloading 1 Unused Serialized files (Serialized files now loaded: 0)
Unloading 4324 unused Assets / (1.2 MB). Loaded Objects now: 4979.
Memory consumption went from 120.4 MB to 119.3 MB.
Total: 4.649400 ms (FindLiveObjects: 0.308800 ms CreateObjectMapping: 0.121000 ms MarkObjects: 3.481900 ms  DeleteObjects: 0.736800 ms)

Prepare: number of updated asset objects reloaded= 0
========================================================================
Received Prepare
Begin MonoManager ReloadAssembly
- Loaded All Assemblies, in  0.362 seconds
Refreshing native plugins compatible for Editor in 1.19 ms, found 4 plugins.
Native extension for WindowsStandalone target not found
Mono: successfully reloaded assembly
- Finished resetting the current domain, in  0.462 seconds
Domain Reload Profiling: 824ms
	BeginReloadAssembly (112ms)
		ExecutionOrderSort (0ms)
		DisableScriptedObjects (7ms)
		BackupInstance (0ms)
		ReleaseScriptingObjects (0ms)
		CreateAndSetChildDomain (25ms)
	RebuildCommonClasses (20ms)
	RebuildNativeTypeToScriptingClass (7ms)
	initialDomainReloadingComplete (16ms)
	LoadAllAssembliesAndSetupDomain (205ms)
		LoadAssemblies (169ms)
		RebuildTransferFunctionScriptingTraits (0ms)
		AnalyzeDomain (91ms)
			TypeCache.Refresh (5ms)
				TypeCache.ScanAssembly (0ms)
			BuildScriptInfoCaches (81ms)
			ResolveRequiredComponents (3ms)
	FinalizeReload (463ms)
		ReleaseScriptCaches (0ms)
		RebuildScriptCaches (0ms)
		SetupLoadedEditorAssemblies (300ms)
			LogAssemblyErrors (0ms)
			InitializePlatformSupportModulesInManaged (2ms)
			SetLoadedEditorAssemblies (3ms)
			BeforeProcessingInitializeOnLoad (36ms)
			ProcessInitializeOnLoadAttributes (221ms)
			ProcessInitializeOnLoadMethodAttributes (32ms)
			AfterProcessingInitializeOnLoad (5ms)
			EditorAssembliesLoaded (0ms)
		ExecutionOrderSort2 (0ms)
		AwakeInstancesAfterBackupRestoration (5ms)
Refreshing native plugins compatible for Editor in 1.18 ms, found 4 plugins.
Preloading 0 native plugins for Editor in 0.00 ms.
Unloading 1 Unused Serialized files (Serialized files now loaded: 0)
Unloading 4324 unused Assets / (1.1 MB). Loaded Objects now: 4981.
Memory consumption went from 120.4 MB to 119.3 MB.
Total: 4.762700 ms (FindLiveObjects: 0.274600 ms CreateObjectMapping: 0.121200 ms MarkObjects: 3.687000 ms  DeleteObjects: 0.679400 ms)

Prepare: number of updated asset objects reloaded= 0
========================================================================
Received Prepare
Begin MonoManager ReloadAssembly
- Loaded All Assemblies, in  0.384 seconds
Refreshing native plugins compatible for Editor in 1.01 ms, found 4 plugins.
Native extension for WindowsStandalone target not found
Mono: successfully reloaded assembly
- Finished resetting the current domain, in  0.468 seconds
Domain Reload Profiling: 851ms
	BeginReloadAssembly (107ms)
		ExecutionOrderSort (0ms)
		DisableScriptedObjects (7ms)
		BackupInstance (0ms)
		ReleaseScriptingObjects (0ms)
		CreateAndSetChildDomain (23ms)
	RebuildCommonClasses (20ms)
	RebuildNativeTypeToScriptingClass (8ms)
	initialDomainReloadingComplete (16ms)
	LoadAllAssembliesAndSetupDomain (233ms)
		LoadAssemblies (190ms)
		RebuildTransferFunctionScriptingTraits (0ms)
		AnalyzeDomain (94ms)
			TypeCache.Refresh (5ms)
				TypeCache.ScanAssembly (0ms)
			BuildScriptInfoCaches (84ms)
			ResolveRequiredComponents (3ms)
	FinalizeReload (468ms)
		ReleaseScriptCaches (0ms)
		RebuildScriptCaches (0ms)
		SetupLoadedEditorAssemblies (307ms)
			LogAssemblyErrors (0ms)
			InitializePlatformSupportModulesInManaged (2ms)
			SetLoadedEditorAssemblies (4ms)
			BeforeProcessingInitializeOnLoad (41ms)
			ProcessInitializeOnLoadAttributes (227ms)
			ProcessInitializeOnLoadMethodAttributes (29ms)
			AfterProcessingInitializeOnLoad (4ms)
			EditorAssembliesLoaded (0ms)
		ExecutionOrderSort2 (0ms)
		AwakeInstancesAfterBackupRestoration (5ms)
Refreshing native plugins compatible for Editor in 0.91 ms, found 4 plugins.
Preloading 0 native plugins for Editor in 0.00 ms.
Unloading 1 Unused Serialized files (Serialized files now loaded: 0)
Unloading 4324 unused Assets / (1.1 MB). Loaded Objects now: 4983.
Memory consumption went from 120.4 MB to 119.3 MB.
Total: 4.698800 ms (FindLiveObjects: 0.243700 ms CreateObjectMapping: 0.130800 ms MarkObjects: 3.595500 ms  DeleteObjects: 0.728100 ms)

Prepare: number of updated asset objects reloaded= 0
========================================================================
Received Prepare
Begin MonoManager ReloadAssembly
- Loaded All Assemblies, in  0.677 seconds
Refreshing native plugins compatible for Editor in 1.22 ms, found 4 plugins.
Native extension for WindowsStandalone target not found
Mono: successfully reloaded assembly
- Finished resetting the current domain, in  0.630 seconds
Domain Reload Profiling: 1307ms
	BeginReloadAssembly (186ms)
		ExecutionOrderSort (0ms)
		DisableScriptedObjects (13ms)
		BackupInstance (0ms)
		ReleaseScriptingObjects (0ms)
		CreateAndSetChildDomain (43ms)
	RebuildCommonClasses (33ms)
	RebuildNativeTypeToScriptingClass (13ms)
	initialDomainReloadingComplete (28ms)
	LoadAllAssembliesAndSetupDomain (417ms)
		LoadAssemblies (350ms)
		RebuildTransferFunctionScriptingTraits (0ms)
		AnalyzeDomain (158ms)
			TypeCache.Refresh (7ms)
				TypeCache.ScanAssembly (0ms)
			BuildScriptInfoCaches (143ms)
			ResolveRequiredComponents (6ms)
	FinalizeReload (631ms)
		ReleaseScriptCaches (0ms)
		RebuildScriptCaches (0ms)
		SetupLoadedEditorAssemblies (413ms)
			LogAssemblyErrors (0ms)
			InitializePlatformSupportModulesInManaged (2ms)
			SetLoadedEditorAssemblies (5ms)
			BeforeProcessingInitializeOnLoad (48ms)
			ProcessInitializeOnLoadAttributes (305ms)
			ProcessInitializeOnLoadMethodAttributes (44ms)
			AfterProcessingInitializeOnLoad (9ms)
			EditorAssembliesLoaded (0ms)
		ExecutionOrderSort2 (0ms)
		AwakeInstancesAfterBackupRestoration (7ms)
Refreshing native plugins compatible for Editor in 1.31 ms, found 4 plugins.
Preloading 0 native plugins for Editor in 0.00 ms.
Unloading 1 Unused Serialized files (Serialized files now loaded: 0)
Unloading 4324 unused Assets / (1.3 MB). Loaded Objects now: 4985.
Memory consumption went from 122.4 MB to 121.1 MB.
Total: 7.058700 ms (FindLiveObjects: 0.484000 ms CreateObjectMapping: 0.197500 ms MarkObjects: 5.149600 ms  DeleteObjects: 1.226600 ms)

Prepare: number of updated asset objects reloaded= 0
========================================================================
Received Prepare
Begin MonoManager ReloadAssembly
- Loaded All Assemblies, in  0.367 seconds
Refreshing native plugins compatible for Editor in 0.84 ms, found 4 plugins.
Native extension for WindowsStandalone target not found
Mono: successfully reloaded assembly
- Finished resetting the current domain, in  0.363 seconds
Domain Reload Profiling: 731ms
	BeginReloadAssembly (110ms)
		ExecutionOrderSort (0ms)
		DisableScriptedObjects (7ms)
		BackupInstance (0ms)
		ReleaseScriptingObjects (0ms)
		CreateAndSetChildDomain (25ms)
	RebuildCommonClasses (20ms)
	RebuildNativeTypeToScriptingClass (7ms)
	initialDomainReloadingComplete (15ms)
	LoadAllAssembliesAndSetupDomain (215ms)
		LoadAssemblies (173ms)
		RebuildTransferFunctionScriptingTraits (0ms)
		AnalyzeDomain (94ms)
			TypeCache.Refresh (6ms)
				TypeCache.ScanAssembly (0ms)
			BuildScriptInfoCaches (83ms)
			ResolveRequiredComponents (4ms)
	FinalizeReload (364ms)
		ReleaseScriptCaches (0ms)
		RebuildScriptCaches (0ms)
		SetupLoadedEditorAssemblies (238ms)
			LogAssemblyErrors (0ms)
			InitializePlatformSupportModulesInManaged (1ms)
			SetLoadedEditorAssemblies (3ms)
			BeforeProcessingInitializeOnLoad (30ms)
			ProcessInitializeOnLoadAttributes (175ms)
			ProcessInitializeOnLoadMethodAttributes (24ms)
			AfterProcessingInitializeOnLoad (4ms)
			EditorAssembliesLoaded (0ms)
		ExecutionOrderSort2 (0ms)
		AwakeInstancesAfterBackupRestoration (4ms)
Refreshing native plugins compatible for Editor in 0.76 ms, found 4 plugins.
Preloading 0 native plugins for Editor in 0.00 ms.
Unloading 1 Unused Serialized files (Serialized files now loaded: 0)
Unloading 4324 unused Assets / (1.1 MB). Loaded Objects now: 4987.
Memory consumption went from 122.4 MB to 121.3 MB.
Total: 3.976300 ms (FindLiveObjects: 0.246400 ms CreateObjectMapping: 0.147000 ms MarkObjects: 2.974900 ms  DeleteObjects: 0.607500 ms)

Prepare: number of updated asset objects reloaded= 0
========================================================================
Received Import Request.
  Time since last request: 584.317550 seconds.
  path: Assets/Prefabs/harpoon.prefab
  artifactKey: Guid(194b7dab2486a9f4aa336d664e4bea9f) Importer(815301076,1909f56bfc062723c751e8b465ee728b)
Start importing Assets/Prefabs/harpoon.prefab using Guid(194b7dab2486a9f4aa336d664e4bea9f) Importer(815301076,1909f56bfc062723c751e8b465ee728b) (PreviewImporter)[PhysX] Initialized MultithreadedTaskDispatcher with 16 workers.
[PhysX] Initialized MultithreadedTaskDispatcher with 16 workers.
 -> (artifact id: 'f70d8c28438c8e1395bf3042db46e32e') in 0.0453906 seconds
Number of updated asset objects reloaded before import = 0Number of asset objects unloaded after import = 15

========================================================================
Received Import Request.
  Time since last request: 3.380557 seconds.
  path: Assets/Prefabs/harpoon.prefab
  artifactKey: Guid(194b7dab2486a9f4aa336d664e4bea9f) Importer(815301076,1909f56bfc062723c751e8b465ee728b)
Start importing Assets/Prefabs/harpoon.prefab using Guid(194b7dab2486a9f4aa336d664e4bea9f) Importer(815301076,1909f56bfc062723c751e8b465ee728b) (PreviewImporter)[PhysX] Initialized MultithreadedTaskDispatcher with 16 workers.
[PhysX] Initialized MultithreadedTaskDispatcher with 16 workers.
 -> (artifact id: 'bb6a80472ce1b655a4f3e809ab1b9484') in 0.004372 seconds
Number of updated asset objects reloaded before import = 0Number of asset objects unloaded after import = 16

========================================================================
Received Import Request.
  Time since last request: 2.110917 seconds.
  path: Assets/Prefabs/harpoon.prefab
  artifactKey: Guid(194b7dab2486a9f4aa336d664e4bea9f) Importer(815301076,1909f56bfc062723c751e8b465ee728b)
Start importing Assets/Prefabs/harpoon.prefab using Guid(194b7dab2486a9f4aa336d664e4bea9f) Importer(815301076,1909f56bfc062723c751e8b465ee728b) (PreviewImporter)[PhysX] Initialized MultithreadedTaskDispatcher with 16 workers.
[PhysX] Initialized MultithreadedTaskDispatcher with 16 workers.
 -> (artifact id: '305a800c8110f85c26f0a3af7c513a6f') in 0.0044087 seconds
Number of updated asset objects reloaded before import = 0Number of asset objects unloaded after import = 16

========================================================================
Received Prepare
Begin MonoManager ReloadAssembly
- Loaded All Assemblies, in  0.370 seconds
Refreshing native plugins compatible for Editor in 0.66 ms, found 4 plugins.
Native extension for WindowsStandalone target not found
Mono: successfully reloaded assembly
- Finished resetting the current domain, in  0.404 seconds
Domain Reload Profiling: 774ms
	BeginReloadAssembly (113ms)
		ExecutionOrderSort (0ms)
		DisableScriptedObjects (7ms)
		BackupInstance (0ms)
		ReleaseScriptingObjects (0ms)
		CreateAndSetChildDomain (28ms)
	RebuildCommonClasses (21ms)
	RebuildNativeTypeToScriptingClass (8ms)
	initialDomainReloadingComplete (15ms)
	LoadAllAssembliesAndSetupDomain (212ms)
		LoadAssemblies (171ms)
		RebuildTransferFunctionScriptingTraits (0ms)
		AnalyzeDomain (95ms)
			TypeCache.Refresh (4ms)
				TypeCache.ScanAssembly (0ms)
			BuildScriptInfoCaches (86ms)
			ResolveRequiredComponents (3ms)
	FinalizeReload (405ms)
		ReleaseScriptCaches (0ms)
		RebuildScriptCaches (0ms)
		SetupLoadedEditorAssemblies (262ms)
			LogAssemblyErrors (0ms)
			InitializePlatformSupportModulesInManaged (1ms)
			SetLoadedEditorAssemblies (3ms)
			BeforeProcessingInitializeOnLoad (28ms)
			ProcessInitializeOnLoadAttributes (192ms)
			ProcessInitializeOnLoadMethodAttributes (32ms)
			AfterProcessingInitializeOnLoad (5ms)
			EditorAssembliesLoaded (0ms)
		ExecutionOrderSort2 (0ms)
		AwakeInstancesAfterBackupRestoration (5ms)
Refreshing native plugins compatible for Editor in 0.68 ms, found 4 plugins.
Preloading 0 native plugins for Editor in 0.00 ms.
Unloading 1 Unused Serialized files (Serialized files now loaded: 0)
Unloading 4324 unused Assets / (1.0 MB). Loaded Objects now: 4989.
Memory consumption went from 122.4 MB to 121.3 MB.
Total: 4.519900 ms (FindLiveObjects: 0.238200 ms CreateObjectMapping: 0.122900 ms MarkObjects: 3.475600 ms  DeleteObjects: 0.682400 ms)

Prepare: number of updated asset objects reloaded= 0
========================================================================
Received Prepare
Begin MonoManager ReloadAssembly
- Loaded All Assemblies, in  0.357 seconds
Refreshing native plugins compatible for Editor in 0.93 ms, found 4 plugins.
Native extension for WindowsStandalone target not found
Mono: successfully reloaded assembly
- Finished resetting the current domain, in  0.459 seconds
Domain Reload Profiling: 816ms
	BeginReloadAssembly (108ms)
		ExecutionOrderSort (0ms)
		DisableScriptedObjects (7ms)
		BackupInstance (0ms)
		ReleaseScriptingObjects (0ms)
		CreateAndSetChildDomain (24ms)
	RebuildCommonClasses (21ms)
	RebuildNativeTypeToScriptingClass (8ms)
	initialDomainReloadingComplete (15ms)
	LoadAllAssembliesAndSetupDomain (206ms)
		LoadAssemblies (166ms)
		RebuildTransferFunctionScriptingTraits (0ms)
		AnalyzeDomain (91ms)
			TypeCache.Refresh (4ms)
				TypeCache.ScanAssembly (0ms)
			BuildScriptInfoCaches (83ms)
			ResolveRequiredComponents (3ms)
	FinalizeReload (459ms)
		ReleaseScriptCaches (0ms)
		RebuildScriptCaches (0ms)
		SetupLoadedEditorAssemblies (303ms)
			LogAssemblyErrors (0ms)
			InitializePlatformSupportModulesInManaged (2ms)
			SetLoadedEditorAssemblies (3ms)
			BeforeProcessingInitializeOnLoad (39ms)
			ProcessInitializeOnLoadAttributes (221ms)
			ProcessInitializeOnLoadMethodAttributes (34ms)
			AfterProcessingInitializeOnLoad (4ms)
			EditorAssembliesLoaded (0ms)
		ExecutionOrderSort2 (0ms)
		AwakeInstancesAfterBackupRestoration (5ms)
Refreshing native plugins compatible for Editor in 1.00 ms, found 4 plugins.
Preloading 0 native plugins for Editor in 0.00 ms.
Unloading 1 Unused Serialized files (Serialized files now loaded: 0)
Unloading 4324 unused Assets / (1.0 MB). Loaded Objects now: 4991.
Memory consumption went from 122.4 MB to 121.4 MB.
Total: 4.427200 ms (FindLiveObjects: 0.395700 ms CreateObjectMapping: 0.107300 ms MarkObjects: 3.287900 ms  DeleteObjects: 0.635700 ms)

Prepare: number of updated asset objects reloaded= 0
========================================================================
Received Prepare
Begin MonoManager ReloadAssembly
- Loaded All Assemblies, in  0.636 seconds
Refreshing native plugins compatible for Editor in 2.15 ms, found 4 plugins.
Native extension for WindowsStandalone target not found
Mono: successfully reloaded assembly
- Finished resetting the current domain, in  0.693 seconds
Domain Reload Profiling: 1328ms
	BeginReloadAssembly (182ms)
		ExecutionOrderSort (0ms)
		DisableScriptedObjects (13ms)
		BackupInstance (0ms)
		ReleaseScriptingObjects (0ms)
		CreateAndSetChildDomain (42ms)
	RebuildCommonClasses (32ms)
	RebuildNativeTypeToScriptingClass (14ms)
	initialDomainReloadingComplete (32ms)
	LoadAllAssembliesAndSetupDomain (375ms)
		LoadAssemblies (319ms)
		RebuildTransferFunctionScriptingTraits (0ms)
		AnalyzeDomain (154ms)
			TypeCache.Refresh (9ms)
				TypeCache.ScanAssembly (0ms)
			BuildScriptInfoCaches (136ms)
			ResolveRequiredComponents (6ms)
	FinalizeReload (694ms)
		ReleaseScriptCaches (0ms)
		RebuildScriptCaches (0ms)
		SetupLoadedEditorAssemblies (484ms)
			LogAssemblyErrors (0ms)
			InitializePlatformSupportModulesInManaged (2ms)
			SetLoadedEditorAssemblies (5ms)
			BeforeProcessingInitializeOnLoad (69ms)
			ProcessInitializeOnLoadAttributes (355ms)
			ProcessInitializeOnLoadMethodAttributes (45ms)
			AfterProcessingInitializeOnLoad (8ms)
			EditorAssembliesLoaded (0ms)
		ExecutionOrderSort2 (0ms)
		AwakeInstancesAfterBackupRestoration (6ms)
Refreshing native plugins compatible for Editor in 1.56 ms, found 4 plugins.
Preloading 0 native plugins for Editor in 0.00 ms.
Unloading 1 Unused Serialized files (Serialized files now loaded: 0)
Unloading 4324 unused Assets / (189.1 KB). Loaded Objects now: 4993.
Memory consumption went from 122.4 MB to 122.2 MB.
Total: 6.786800 ms (FindLiveObjects: 0.480400 ms CreateObjectMapping: 0.179000 ms MarkObjects: 5.448800 ms  DeleteObjects: 0.677700 ms)

Prepare: number of updated asset objects reloaded= 0
========================================================================
Received Prepare
Begin MonoManager ReloadAssembly
- Loaded All Assemblies, in  0.358 seconds
Refreshing native plugins compatible for Editor in 0.71 ms, found 4 plugins.
Native extension for WindowsStandalone target not found
Mono: successfully reloaded assembly
- Finished resetting the current domain, in  0.463 seconds
Domain Reload Profiling: 821ms
	BeginReloadAssembly (107ms)
		ExecutionOrderSort (0ms)
		DisableScriptedObjects (7ms)
		BackupInstance (0ms)
		ReleaseScriptingObjects (0ms)
		CreateAndSetChildDomain (24ms)
	RebuildCommonClasses (21ms)
	RebuildNativeTypeToScriptingClass (8ms)
	initialDomainReloadingComplete (16ms)
	LoadAllAssembliesAndSetupDomain (207ms)
		LoadAssemblies (167ms)
		RebuildTransferFunctionScriptingTraits (0ms)
		AnalyzeDomain (92ms)
			TypeCache.Refresh (4ms)
				TypeCache.ScanAssembly (0ms)
			BuildScriptInfoCaches (83ms)
			ResolveRequiredComponents (3ms)
	FinalizeReload (463ms)
		ReleaseScriptCaches (0ms)
		RebuildScriptCaches (0ms)
		SetupLoadedEditorAssemblies (304ms)
			LogAssemblyErrors (0ms)
			InitializePlatformSupportModulesInManaged (2ms)
			SetLoadedEditorAssemblies (3ms)
			BeforeProcessingInitializeOnLoad (39ms)
			ProcessInitializeOnLoadAttributes (221ms)
			ProcessInitializeOnLoadMethodAttributes (34ms)
			AfterProcessingInitializeOnLoad (5ms)
			EditorAssembliesLoaded (0ms)
		ExecutionOrderSort2 (0ms)
		AwakeInstancesAfterBackupRestoration (5ms)
Refreshing native plugins compatible for Editor in 0.76 ms, found 4 plugins.
Preloading 0 native plugins for Editor in 0.00 ms.
Unloading 1 Unused Serialized files (Serialized files now loaded: 0)
Unloading 4324 unused Assets / (1.1 MB). Loaded Objects now: 4995.
Memory consumption went from 122.4 MB to 121.3 MB.
Total: 4.514500 ms (FindLiveObjects: 0.251800 ms CreateObjectMapping: 0.119000 ms MarkObjects: 3.477900 ms  DeleteObjects: 0.665100 ms)

Prepare: number of updated asset objects reloaded= 0
========================================================================
Received Import Request.
  Time since last request: 980.672519 seconds.
  path: Assets/Prefabs/harpoon.prefab
  artifactKey: Guid(194b7dab2486a9f4aa336d664e4bea9f) Importer(815301076,1909f56bfc062723c751e8b465ee728b)
Start importing Assets/Prefabs/harpoon.prefab using Guid(194b7dab2486a9f4aa336d664e4bea9f) Importer(815301076,1909f56bfc062723c751e8b465ee728b) (PreviewImporter)[PhysX] Initialized MultithreadedTaskDispatcher with 16 workers.
[PhysX] Initialized MultithreadedTaskDispatcher with 16 workers.
 -> (artifact id: '56985f1da1852cde420e77b912c95bb0') in 0.0448049 seconds
Number of updated asset objects reloaded before import = 0Number of asset objects unloaded after import = 16

========================================================================
Received Prepare
Begin MonoManager ReloadAssembly
- Loaded All Assemblies, in  0.642 seconds
Refreshing native plugins compatible for Editor in 1.61 ms, found 4 plugins.
Native extension for WindowsStandalone target not found
Mono: successfully reloaded assembly
- Finished resetting the current domain, in  0.638 seconds
Domain Reload Profiling: 1279ms
	BeginReloadAssembly (190ms)
		ExecutionOrderSort (0ms)
		DisableScriptedObjects (12ms)
		BackupInstance (0ms)
		ReleaseScriptingObjects (0ms)
		CreateAndSetChildDomain (46ms)
	RebuildCommonClasses (33ms)
	RebuildNativeTypeToScriptingClass (14ms)
	initialDomainReloadingComplete (27ms)
	LoadAllAssembliesAndSetupDomain (377ms)
		LoadAssemblies (316ms)
		RebuildTransferFunctionScriptingTraits (0ms)
		AnalyzeDomain (156ms)
			TypeCache.Refresh (11ms)
				TypeCache.ScanAssembly (0ms)
			BuildScriptInfoCaches (136ms)
			ResolveRequiredComponents (6ms)
	FinalizeReload (639ms)
		ReleaseScriptCaches (0ms)
		RebuildScriptCaches (0ms)
		SetupLoadedEditorAssemblies (424ms)
			LogAssemblyErrors (0ms)
			InitializePlatformSupportModulesInManaged (2ms)
			SetLoadedEditorAssemblies (6ms)
			BeforeProcessingInitializeOnLoad (60ms)
			ProcessInitializeOnLoadAttributes (303ms)
			ProcessInitializeOnLoadMethodAttributes (46ms)
			AfterProcessingInitializeOnLoad (7ms)
			EditorAssembliesLoaded (0ms)
		ExecutionOrderSort2 (0ms)
		AwakeInstancesAfterBackupRestoration (6ms)
Refreshing native plugins compatible for Editor in 1.26 ms, found 4 plugins.
Preloading 0 native plugins for Editor in 0.00 ms.
Unloading 1 Unused Serialized files (Serialized files now loaded: 0)
Unloading 4324 unused Assets / (0.9 MB). Loaded Objects now: 4997.
Memory consumption went from 122.4 MB to 121.5 MB.
Total: 7.158000 ms (FindLiveObjects: 0.505100 ms CreateObjectMapping: 0.347000 ms MarkObjects: 5.218000 ms  DeleteObjects: 1.087100 ms)

Prepare: number of updated asset objects reloaded= 0
========================================================================
Received Prepare
Begin MonoManager ReloadAssembly
- Loaded All Assemblies, in  0.645 seconds
Refreshing native plugins compatible for Editor in 1.28 ms, found 4 plugins.
Native extension for WindowsStandalone target not found
Mono: successfully reloaded assembly
- Finished resetting the current domain, in  0.454 seconds
Domain Reload Profiling: 1097ms
	BeginReloadAssembly (179ms)
		ExecutionOrderSort (0ms)
		DisableScriptedObjects (14ms)
		BackupInstance (0ms)
		ReleaseScriptingObjects (0ms)
		CreateAndSetChildDomain (44ms)
	RebuildCommonClasses (33ms)
	RebuildNativeTypeToScriptingClass (14ms)
	initialDomainReloadingComplete (28ms)
	LoadAllAssembliesAndSetupDomain (389ms)
		LoadAssemblies (323ms)
		RebuildTransferFunctionScriptingTraits (0ms)
		AnalyzeDomain (160ms)
			TypeCache.Refresh (8ms)
				TypeCache.ScanAssembly (0ms)
			BuildScriptInfoCaches (143ms)
			ResolveRequiredComponents (6ms)
	FinalizeReload (454ms)
		ReleaseScriptCaches (0ms)
		RebuildScriptCaches (0ms)
		SetupLoadedEditorAssemblies (295ms)
			LogAssemblyErrors (0ms)
			InitializePlatformSupportModulesInManaged (2ms)
			SetLoadedEditorAssemblies (4ms)
			BeforeProcessingInitializeOnLoad (39ms)
			ProcessInitializeOnLoadAttributes (215ms)
			ProcessInitializeOnLoadMethodAttributes (31ms)
			AfterProcessingInitializeOnLoad (4ms)
			EditorAssembliesLoaded (0ms)
		ExecutionOrderSort2 (0ms)
		AwakeInstancesAfterBackupRestoration (5ms)
Refreshing native plugins compatible for Editor in 0.80 ms, found 4 plugins.
Preloading 0 native plugins for Editor in 0.00 ms.
Unloading 1 Unused Serialized files (Serialized files now loaded: 0)
Unloading 4324 unused Assets / (1.1 MB). Loaded Objects now: 4999.
Memory consumption went from 122.4 MB to 121.3 MB.
Total: 4.298900 ms (FindLiveObjects: 0.238000 ms CreateObjectMapping: 0.163800 ms MarkObjects: 3.239500 ms  DeleteObjects: 0.656900 ms)

Prepare: number of updated asset objects reloaded= 0
========================================================================
Received Prepare
Begin MonoManager ReloadAssembly
- Loaded All Assemblies, in  0.644 seconds
Refreshing native plugins compatible for Editor in 1.02 ms, found 4 plugins.
Native extension for WindowsStandalone target not found
Mono: successfully reloaded assembly
- Finished resetting the current domain, in  0.666 seconds
Domain Reload Profiling: 1309ms
	BeginReloadAssembly (189ms)
		ExecutionOrderSort (0ms)
		DisableScriptedObjects (13ms)
		BackupInstance (0ms)
		ReleaseScriptingObjects (0ms)
		CreateAndSetChildDomain (43ms)
	RebuildCommonClasses (34ms)
	RebuildNativeTypeToScriptingClass (13ms)
	initialDomainReloadingComplete (28ms)
	LoadAllAssembliesAndSetupDomain (377ms)
		LoadAssemblies (321ms)
		RebuildTransferFunctionScriptingTraits (0ms)
		AnalyzeDomain (154ms)
			TypeCache.Refresh (9ms)
				TypeCache.ScanAssembly (0ms)
			BuildScriptInfoCaches (137ms)
			ResolveRequiredComponents (5ms)
	FinalizeReload (667ms)
		ReleaseScriptCaches (0ms)
		RebuildScriptCaches (0ms)
		SetupLoadedEditorAssemblies (458ms)
			LogAssemblyErrors (0ms)
			InitializePlatformSupportModulesInManaged (3ms)
			SetLoadedEditorAssemblies (6ms)
			BeforeProcessingInitializeOnLoad (57ms)
			ProcessInitializeOnLoadAttributes (343ms)
			ProcessInitializeOnLoadMethodAttributes (43ms)
			AfterProcessingInitializeOnLoad (7ms)
			EditorAssembliesLoaded (0ms)
		ExecutionOrderSort2 (0ms)
		AwakeInstancesAfterBackupRestoration (7ms)
Refreshing native plugins compatible for Editor in 1.69 ms, found 4 plugins.
Preloading 0 native plugins for Editor in 0.00 ms.
Unloading 1 Unused Serialized files (Serialized files now loaded: 0)
Unloading 4324 unused Assets / (189.1 KB). Loaded Objects now: 5001.
Memory consumption went from 122.4 MB to 122.2 MB.
Total: 6.487100 ms (FindLiveObjects: 0.472400 ms CreateObjectMapping: 0.164600 ms MarkObjects: 5.162500 ms  DeleteObjects: 0.686900 ms)

Prepare: number of updated asset objects reloaded= 0
========================================================================
Received Prepare
Begin MonoManager ReloadAssembly
- Loaded All Assemblies, in  0.651 seconds
Refreshing native plugins compatible for Editor in 1.73 ms, found 4 plugins.
Native extension for WindowsStandalone target not found
Mono: successfully reloaded assembly
- Finished resetting the current domain, in  0.669 seconds
Domain Reload Profiling: 1318ms
	BeginReloadAssembly (181ms)
		ExecutionOrderSort (0ms)
		DisableScriptedObjects (14ms)
		BackupInstance (0ms)
		ReleaseScriptingObjects (0ms)
		CreateAndSetChildDomain (43ms)
	RebuildCommonClasses (32ms)
	RebuildNativeTypeToScriptingClass (13ms)
	initialDomainReloadingComplete (32ms)
	LoadAllAssembliesAndSetupDomain (390ms)
		LoadAssemblies (327ms)
		RebuildTransferFunctionScriptingTraits (0ms)
		AnalyzeDomain (161ms)
			TypeCache.Refresh (10ms)
				TypeCache.ScanAssembly (0ms)
			BuildScriptInfoCaches (142ms)
			ResolveRequiredComponents (6ms)
	FinalizeReload (670ms)
		ReleaseScriptCaches (0ms)
		RebuildScriptCaches (0ms)
		SetupLoadedEditorAssemblies (437ms)
			LogAssemblyErrors (0ms)
			InitializePlatformSupportModulesInManaged (7ms)
			SetLoadedEditorAssemblies (14ms)
			BeforeProcessingInitializeOnLoad (56ms)
			ProcessInitializeOnLoadAttributes (302ms)
			ProcessInitializeOnLoadMethodAttributes (49ms)
			AfterProcessingInitializeOnLoad (7ms)
			EditorAssembliesLoaded (0ms)
		ExecutionOrderSort2 (0ms)
		AwakeInstancesAfterBackupRestoration (8ms)
Refreshing native plugins compatible for Editor in 1.70 ms, found 4 plugins.
Preloading 0 native plugins for Editor in 0.00 ms.
Unloading 1 Unused Serialized files (Serialized files now loaded: 0)
Unloading 4324 unused Assets / (345.5 KB). Loaded Objects now: 5003.
Memory consumption went from 122.4 MB to 122.1 MB.
Total: 7.124600 ms (FindLiveObjects: 0.578600 ms CreateObjectMapping: 0.221600 ms MarkObjects: 5.498600 ms  DeleteObjects: 0.825100 ms)

Prepare: number of updated asset objects reloaded= 0
========================================================================
Received Prepare
Begin MonoManager ReloadAssembly
- Loaded All Assemblies, in  0.633 seconds
Refreshing native plugins compatible for Editor in 0.56 ms, found 4 plugins.
Native extension for WindowsStandalone target not found
Mono: successfully reloaded assembly
- Finished resetting the current domain, in  0.418 seconds
Domain Reload Profiling: 1049ms
	BeginReloadAssembly (183ms)
		ExecutionOrderSort (0ms)
		DisableScriptedObjects (15ms)
		BackupInstance (0ms)
		ReleaseScriptingObjects (0ms)
		CreateAndSetChildDomain (47ms)
	RebuildCommonClasses (33ms)
	RebuildNativeTypeToScriptingClass (13ms)
	initialDomainReloadingComplete (29ms)
	LoadAllAssembliesAndSetupDomain (373ms)
		LoadAssemblies (326ms)
		RebuildTransferFunctionScriptingTraits (0ms)
		AnalyzeDomain (142ms)
			TypeCache.Refresh (7ms)
				TypeCache.ScanAssembly (0ms)
			BuildScriptInfoCaches (129ms)
			ResolveRequiredComponents (4ms)
	FinalizeReload (418ms)
		ReleaseScriptCaches (0ms)
		RebuildScriptCaches (0ms)
		SetupLoadedEditorAssemblies (277ms)
			LogAssemblyErrors (0ms)
			InitializePlatformSupportModulesInManaged (1ms)
			SetLoadedEditorAssemblies (3ms)
			BeforeProcessingInitializeOnLoad (36ms)
			ProcessInitializeOnLoadAttributes (203ms)
			ProcessInitializeOnLoadMethodAttributes (29ms)
			AfterProcessingInitializeOnLoad (4ms)
			EditorAssembliesLoaded (0ms)
		ExecutionOrderSort2 (0ms)
		AwakeInstancesAfterBackupRestoration (4ms)
Refreshing native plugins compatible for Editor in 0.85 ms, found 4 plugins.
Preloading 0 native plugins for Editor in 0.00 ms.
Unloading 1 Unused Serialized files (Serialized files now loaded: 0)
Unloading 4324 unused Assets / (1.1 MB). Loaded Objects now: 5005.
Memory consumption went from 122.4 MB to 121.3 MB.
Total: 4.444800 ms (FindLiveObjects: 0.285500 ms CreateObjectMapping: 0.136700 ms MarkObjects: 3.337000 ms  DeleteObjects: 0.684800 ms)

Prepare: number of updated asset objects reloaded= 0
========================================================================
Received Prepare
Begin MonoManager ReloadAssembly
- Loaded All Assemblies, in  0.631 seconds
Refreshing native plugins compatible for Editor in 1.70 ms, found 4 plugins.
Native extension for WindowsStandalone target not found
Mono: successfully reloaded assembly
- Finished resetting the current domain, in  0.641 seconds
Domain Reload Profiling: 1270ms
	BeginReloadAssembly (178ms)
		ExecutionOrderSort (0ms)
		DisableScriptedObjects (12ms)
		BackupInstance (0ms)
		ReleaseScriptingObjects (0ms)
		CreateAndSetChildDomain (41ms)
	RebuildCommonClasses (32ms)
	RebuildNativeTypeToScriptingClass (13ms)
	initialDomainReloadingComplete (27ms)
	LoadAllAssembliesAndSetupDomain (379ms)
		LoadAssemblies (315ms)
		RebuildTransferFunctionScriptingTraits (0ms)
		AnalyzeDomain (155ms)
			TypeCache.Refresh (10ms)
				TypeCache.ScanAssembly (1ms)
			BuildScriptInfoCaches (137ms)
			ResolveRequiredComponents (5ms)
	FinalizeReload (641ms)
		ReleaseScriptCaches (0ms)
		RebuildScriptCaches (0ms)
		SetupLoadedEditorAssemblies (417ms)
			LogAssemblyErrors (0ms)
			InitializePlatformSupportModulesInManaged (2ms)
			SetLoadedEditorAssemblies (4ms)
			BeforeProcessingInitializeOnLoad (59ms)
			ProcessInitializeOnLoadAttributes (299ms)
			ProcessInitializeOnLoadMethodAttributes (46ms)
			AfterProcessingInitializeOnLoad (6ms)
			EditorAssembliesLoaded (0ms)
		ExecutionOrderSort2 (0ms)
		AwakeInstancesAfterBackupRestoration (7ms)
Refreshing native plugins compatible for Editor in 1.58 ms, found 4 plugins.
Preloading 0 native plugins for Editor in 0.00 ms.
Unloading 1 Unused Serialized files (Serialized files now loaded: 0)
Unloading 4324 unused Assets / (274.1 KB). Loaded Objects now: 5007.
Memory consumption went from 122.4 MB to 122.1 MB.
Total: 6.421000 ms (FindLiveObjects: 0.609700 ms CreateObjectMapping: 0.266700 ms MarkObjects: 4.790900 ms  DeleteObjects: 0.753100 ms)

Prepare: number of updated asset objects reloaded= 0
========================================================================
Received Prepare
Begin MonoManager ReloadAssembly
- Loaded All Assemblies, in  0.353 seconds
Refreshing native plugins compatible for Editor in 0.65 ms, found 4 plugins.
Native extension for WindowsStandalone target not found
Mono: successfully reloaded assembly
- Finished resetting the current domain, in  0.465 seconds
Domain Reload Profiling: 818ms
	BeginReloadAssembly (107ms)
		ExecutionOrderSort (0ms)
		DisableScriptedObjects (7ms)
		BackupInstance (0ms)
		ReleaseScriptingObjects (0ms)
		CreateAndSetChildDomain (23ms)
	RebuildCommonClasses (21ms)
	RebuildNativeTypeToScriptingClass (7ms)
	initialDomainReloadingComplete (15ms)
	LoadAllAssembliesAndSetupDomain (203ms)
		LoadAssemblies (164ms)
		RebuildTransferFunctionScriptingTraits (0ms)
		AnalyzeDomain (90ms)
			TypeCache.Refresh (4ms)
				TypeCache.ScanAssembly (0ms)
			BuildScriptInfoCaches (81ms)
			ResolveRequiredComponents (3ms)
	FinalizeReload (466ms)
		ReleaseScriptCaches (0ms)
		RebuildScriptCaches (0ms)
		SetupLoadedEditorAssemblies (304ms)
			LogAssemblyErrors (0ms)
			InitializePlatformSupportModulesInManaged (2ms)
			SetLoadedEditorAssemblies (4ms)
			BeforeProcessingInitializeOnLoad (42ms)
			ProcessInitializeOnLoadAttributes (217ms)
			ProcessInitializeOnLoadMethodAttributes (31ms)
			AfterProcessingInitializeOnLoad (7ms)
			EditorAssembliesLoaded (0ms)
		ExecutionOrderSort2 (0ms)
		AwakeInstancesAfterBackupRestoration (5ms)
Refreshing native plugins compatible for Editor in 0.92 ms, found 4 plugins.
Preloading 0 native plugins for Editor in 0.00 ms.
Unloading 1 Unused Serialized files (Serialized files now loaded: 0)
Unloading 4324 unused Assets / (1.1 MB). Loaded Objects now: 5009.
Memory consumption went from 122.4 MB to 121.3 MB.
Total: 4.632100 ms (FindLiveObjects: 0.248100 ms CreateObjectMapping: 0.192000 ms MarkObjects: 3.494000 ms  DeleteObjects: 0.697400 ms)

Prepare: number of updated asset objects reloaded= 0
========================================================================
Received Prepare
Begin MonoManager ReloadAssembly
- Loaded All Assemblies, in  0.635 seconds
Refreshing native plugins compatible for Editor in 1.65 ms, found 4 plugins.
Native extension for WindowsStandalone target not found
Mono: successfully reloaded assembly
- Finished resetting the current domain, in  0.629 seconds
Domain Reload Profiling: 1259ms
	BeginReloadAssembly (177ms)
		ExecutionOrderSort (0ms)
		DisableScriptedObjects (13ms)
		BackupInstance (0ms)
		ReleaseScriptingObjects (0ms)
		CreateAndSetChildDomain (43ms)
	RebuildCommonClasses (32ms)
	RebuildNativeTypeToScriptingClass (13ms)
	initialDomainReloadingComplete (27ms)
	LoadAllAssembliesAndSetupDomain (380ms)
		LoadAssemblies (318ms)
		RebuildTransferFunctionScriptingTraits (0ms)
		AnalyzeDomain (157ms)
			TypeCache.Refresh (9ms)
				TypeCache.ScanAssembly (0ms)
			BuildScriptInfoCaches (140ms)
			ResolveRequiredComponents (5ms)
	FinalizeReload (630ms)
		ReleaseScriptCaches (0ms)
		RebuildScriptCaches (0ms)
		SetupLoadedEditorAssemblies (419ms)
			LogAssemblyErrors (0ms)
			InitializePlatformSupportModulesInManaged (2ms)
			SetLoadedEditorAssemblies (3ms)
			BeforeProcessingInitializeOnLoad (44ms)
			ProcessInitializeOnLoadAttributes (314ms)
			ProcessInitializeOnLoadMethodAttributes (48ms)
			AfterProcessingInitializeOnLoad (7ms)
			EditorAssembliesLoaded (0ms)
		ExecutionOrderSort2 (0ms)
		AwakeInstancesAfterBackupRestoration (7ms)
Refreshing native plugins compatible for Editor in 1.59 ms, found 4 plugins.
Preloading 0 native plugins for Editor in 0.00 ms.
Unloading 1 Unused Serialized files (Serialized files now loaded: 0)
Unloading 4324 unused Assets / (190.1 KB). Loaded Objects now: 5011.
Memory consumption went from 124.3 MB to 124.1 MB.
Total: 6.327500 ms (FindLiveObjects: 0.478900 ms CreateObjectMapping: 0.161700 ms MarkObjects: 4.990800 ms  DeleteObjects: 0.695300 ms)

Prepare: number of updated asset objects reloaded= 0
========================================================================
Received Prepare
Begin MonoManager ReloadAssembly
- Loaded All Assemblies, in  0.362 seconds
Refreshing native plugins compatible for Editor in 0.90 ms, found 4 plugins.
Native extension for WindowsStandalone target not found
Mono: successfully reloaded assembly
- Finished resetting the current domain, in  0.461 seconds
Domain Reload Profiling: 823ms
	BeginReloadAssembly (110ms)
		ExecutionOrderSort (0ms)
		DisableScriptedObjects (8ms)
		BackupInstance (0ms)
		ReleaseScriptingObjects (0ms)
		CreateAndSetChildDomain (24ms)
	RebuildCommonClasses (21ms)
	RebuildNativeTypeToScriptingClass (8ms)
	initialDomainReloadingComplete (16ms)
	LoadAllAssembliesAndSetupDomain (208ms)
		LoadAssemblies (170ms)
		RebuildTransferFunctionScriptingTraits (0ms)
		AnalyzeDomain (90ms)
			TypeCache.Refresh (4ms)
				TypeCache.ScanAssembly (0ms)
			BuildScriptInfoCaches (81ms)
			ResolveRequiredComponents (3ms)
	FinalizeReload (462ms)
		ReleaseScriptCaches (0ms)
		RebuildScriptCaches (0ms)
		SetupLoadedEditorAssemblies (302ms)
			LogAssemblyErrors (0ms)
			InitializePlatformSupportModulesInManaged (2ms)
			SetLoadedEditorAssemblies (4ms)
			BeforeProcessingInitializeOnLoad (41ms)
			ProcessInitializeOnLoadAttributes (219ms)
			ProcessInitializeOnLoadMethodAttributes (31ms)
			AfterProcessingInitializeOnLoad (5ms)
			EditorAssembliesLoaded (0ms)
		ExecutionOrderSort2 (0ms)
		AwakeInstancesAfterBackupRestoration (5ms)
Refreshing native plugins compatible for Editor in 0.83 ms, found 4 plugins.
Preloading 0 native plugins for Editor in 0.00 ms.
Unloading 1 Unused Serialized files (Serialized files now loaded: 0)
Unloading 4324 unused Assets / (1.0 MB). Loaded Objects now: 5013.
Memory consumption went from 124.3 MB to 123.3 MB.
Total: 4.502000 ms (FindLiveObjects: 0.286200 ms CreateObjectMapping: 0.177900 ms MarkObjects: 3.401000 ms  DeleteObjects: 0.636300 ms)

Prepare: number of updated asset objects reloaded= 0
========================================================================
Received Prepare
Begin MonoManager ReloadAssembly
- Loaded All Assemblies, in  0.363 seconds
Refreshing native plugins compatible for Editor in 0.75 ms, found 4 plugins.
Native extension for WindowsStandalone target not found
Mono: successfully reloaded assembly
- Finished resetting the current domain, in  0.464 seconds
Domain Reload Profiling: 827ms
	BeginReloadAssembly (110ms)
		ExecutionOrderSort (0ms)
		DisableScriptedObjects (7ms)
		BackupInstance (0ms)
		ReleaseScriptingObjects (0ms)
		CreateAndSetChildDomain (24ms)
	RebuildCommonClasses (21ms)
	RebuildNativeTypeToScriptingClass (7ms)
	initialDomainReloadingComplete (16ms)
	LoadAllAssembliesAndSetupDomain (209ms)
		LoadAssemblies (170ms)
		RebuildTransferFunctionScriptingTraits (0ms)
		AnalyzeDomain (92ms)
			TypeCache.Refresh (5ms)
				TypeCache.ScanAssembly (0ms)
			BuildScriptInfoCaches (82ms)
			ResolveRequiredComponents (3ms)
	FinalizeReload (464ms)
		ReleaseScriptCaches (0ms)
		RebuildScriptCaches (0ms)
		SetupLoadedEditorAssemblies (302ms)
			LogAssemblyErrors (0ms)
			InitializePlatformSupportModulesInManaged (2ms)
			SetLoadedEditorAssemblies (3ms)
			BeforeProcessingInitializeOnLoad (41ms)
			ProcessInitializeOnLoadAttributes (220ms)
			ProcessInitializeOnLoadMethodAttributes (32ms)
			AfterProcessingInitializeOnLoad (5ms)
			EditorAssembliesLoaded (0ms)
		ExecutionOrderSort2 (0ms)
		AwakeInstancesAfterBackupRestoration (5ms)
Refreshing native plugins compatible for Editor in 0.73 ms, found 4 plugins.
Preloading 0 native plugins for Editor in 0.00 ms.
Unloading 1 Unused Serialized files (Serialized files now loaded: 0)
Unloading 4324 unused Assets / (1.1 MB). Loaded Objects now: 5015.
Memory consumption went from 124.3 MB to 123.2 MB.
Total: 4.485800 ms (FindLiveObjects: 0.244300 ms CreateObjectMapping: 0.169300 ms MarkObjects: 3.400000 ms  DeleteObjects: 0.671600 ms)

Prepare: number of updated asset objects reloaded= 0
========================================================================
Received Prepare
Begin MonoManager ReloadAssembly
- Loaded All Assemblies, in  0.362 seconds
Refreshing native plugins compatible for Editor in 0.90 ms, found 4 plugins.
Native extension for WindowsStandalone target not found
Mono: successfully reloaded assembly
- Finished resetting the current domain, in  0.471 seconds
Domain Reload Profiling: 834ms
	BeginReloadAssembly (111ms)
		ExecutionOrderSort (0ms)
		DisableScriptedObjects (7ms)
		BackupInstance (0ms)
		ReleaseScriptingObjects (0ms)
		CreateAndSetChildDomain (25ms)
	RebuildCommonClasses (21ms)
	RebuildNativeTypeToScriptingClass (7ms)
	initialDomainReloadingComplete (16ms)
	LoadAllAssembliesAndSetupDomain (207ms)
		LoadAssemblies (170ms)
		RebuildTransferFunctionScriptingTraits (0ms)
		AnalyzeDomain (91ms)
			TypeCache.Refresh (4ms)
				TypeCache.ScanAssembly (0ms)
			BuildScriptInfoCaches (82ms)
			ResolveRequiredComponents (3ms)
	FinalizeReload (471ms)
		ReleaseScriptCaches (0ms)
		RebuildScriptCaches (0ms)
		SetupLoadedEditorAssemblies (307ms)
			LogAssemblyErrors (0ms)
			InitializePlatformSupportModulesInManaged (2ms)
			SetLoadedEditorAssemblies (3ms)
			BeforeProcessingInitializeOnLoad (42ms)
			ProcessInitializeOnLoadAttributes (225ms)
			ProcessInitializeOnLoadMethodAttributes (30ms)
			AfterProcessingInitializeOnLoad (5ms)
			EditorAssembliesLoaded (0ms)
		ExecutionOrderSort2 (0ms)
		AwakeInstancesAfterBackupRestoration (5ms)
Refreshing native plugins compatible for Editor in 0.81 ms, found 4 plugins.
Preloading 0 native plugins for Editor in 0.00 ms.
Unloading 1 Unused Serialized files (Serialized files now loaded: 0)
Unloading 4324 unused Assets / (1.0 MB). Loaded Objects now: 5017.
Memory consumption went from 126.2 MB to 125.2 MB.
Total: 4.381400 ms (FindLiveObjects: 0.261000 ms CreateObjectMapping: 0.110800 ms MarkObjects: 3.352300 ms  DeleteObjects: 0.656500 ms)

Prepare: number of updated asset objects reloaded= 0
========================================================================
Received Prepare
Begin MonoManager ReloadAssembly
- Loaded All Assemblies, in  0.646 seconds
Refreshing native plugins compatible for Editor in 1.94 ms, found 4 plugins.
Native extension for WindowsStandalone target not found
Mono: successfully reloaded assembly
- Finished resetting the current domain, in  0.645 seconds
Domain Reload Profiling: 1290ms
	BeginReloadAssembly (194ms)
		ExecutionOrderSort (0ms)
		DisableScriptedObjects (13ms)
		BackupInstance (0ms)
		ReleaseScriptingObjects (0ms)
		CreateAndSetChildDomain (44ms)
	RebuildCommonClasses (35ms)
	RebuildNativeTypeToScriptingClass (14ms)
	initialDomainReloadingComplete (31ms)
	LoadAllAssembliesAndSetupDomain (371ms)
		LoadAssemblies (316ms)
		RebuildTransferFunctionScriptingTraits (0ms)
		AnalyzeDomain (153ms)
			TypeCache.Refresh (9ms)
				TypeCache.ScanAssembly (0ms)
			BuildScriptInfoCaches (136ms)
			ResolveRequiredComponents (5ms)
	FinalizeReload (645ms)
		ReleaseScriptCaches (0ms)
		RebuildScriptCaches (0ms)
		SetupLoadedEditorAssemblies (431ms)
			LogAssemblyErrors (0ms)
			InitializePlatformSupportModulesInManaged (2ms)
			SetLoadedEditorAssemblies (4ms)
			BeforeProcessingInitializeOnLoad (52ms)
			ProcessInitializeOnLoadAttributes (317ms)
			ProcessInitializeOnLoadMethodAttributes (46ms)
			AfterProcessingInitializeOnLoad (9ms)
			EditorAssembliesLoaded (0ms)
		ExecutionOrderSort2 (0ms)
		AwakeInstancesAfterBackupRestoration (6ms)
Refreshing native plugins compatible for Editor in 1.22 ms, found 4 plugins.
Preloading 0 native plugins for Editor in 0.00 ms.
Unloading 1 Unused Serialized files (Serialized files now loaded: 0)
Unloading 4324 unused Assets / (1.1 MB). Loaded Objects now: 5019.
Memory consumption went from 126.3 MB to 125.1 MB.
Total: 6.458300 ms (FindLiveObjects: 0.504800 ms CreateObjectMapping: 0.176900 ms MarkObjects: 4.742700 ms  DeleteObjects: 1.033000 ms)

Prepare: number of updated asset objects reloaded= 0
========================================================================
Received Prepare
Begin MonoManager ReloadAssembly
- Loaded All Assemblies, in  0.636 seconds
Refreshing native plugins compatible for Editor in 0.87 ms, found 4 plugins.
Native extension for WindowsStandalone target not found
Mono: successfully reloaded assembly
- Finished resetting the current domain, in  0.471 seconds
Domain Reload Profiling: 1106ms
	BeginReloadAssembly (180ms)
		ExecutionOrderSort (0ms)
		DisableScriptedObjects (14ms)
		BackupInstance (0ms)
		ReleaseScriptingObjects (0ms)
		CreateAndSetChildDomain (43ms)
	RebuildCommonClasses (32ms)
	RebuildNativeTypeToScriptingClass (13ms)
	initialDomainReloadingComplete (29ms)
	LoadAllAssembliesAndSetupDomain (380ms)
		LoadAssemblies (315ms)
		RebuildTransferFunctionScriptingTraits (0ms)
		AnalyzeDomain (160ms)
			TypeCache.Refresh (8ms)
				TypeCache.ScanAssembly (0ms)
			BuildScriptInfoCaches (144ms)
			ResolveRequiredComponents (6ms)
	FinalizeReload (471ms)
		ReleaseScriptCaches (0ms)
		RebuildScriptCaches (0ms)
		SetupLoadedEditorAssemblies (312ms)
			LogAssemblyErrors (0ms)
			InitializePlatformSupportModulesInManaged (2ms)
			SetLoadedEditorAssemblies (3ms)
			BeforeProcessingInitializeOnLoad (42ms)
			ProcessInitializeOnLoadAttributes (227ms)
			ProcessInitializeOnLoadMethodAttributes (31ms)
			AfterProcessingInitializeOnLoad (6ms)
			EditorAssembliesLoaded (0ms)
		ExecutionOrderSort2 (0ms)
		AwakeInstancesAfterBackupRestoration (5ms)
Refreshing native plugins compatible for Editor in 1.07 ms, found 4 plugins.
Preloading 0 native plugins for Editor in 0.00 ms.
Unloading 1 Unused Serialized files (Serialized files now loaded: 0)
Unloading 4324 unused Assets / (1.1 MB). Loaded Objects now: 5021.
Memory consumption went from 126.3 MB to 125.2 MB.
Total: 4.862700 ms (FindLiveObjects: 0.277300 ms CreateObjectMapping: 0.138400 ms MarkObjects: 3.763000 ms  DeleteObjects: 0.683300 ms)

Prepare: number of updated asset objects reloaded= 0
========================================================================
Received Prepare
Begin MonoManager ReloadAssembly
- Loaded All Assemblies, in  0.643 seconds
Refreshing native plugins compatible for Editor in 1.57 ms, found 4 plugins.
Native extension for WindowsStandalone target not found
Mono: successfully reloaded assembly
- Finished resetting the current domain, in  0.692 seconds
Domain Reload Profiling: 1334ms
	BeginReloadAssembly (193ms)
		ExecutionOrderSort (0ms)
		DisableScriptedObjects (13ms)
		BackupInstance (0ms)
		ReleaseScriptingObjects (0ms)
		CreateAndSetChildDomain (44ms)
	RebuildCommonClasses (35ms)
	RebuildNativeTypeToScriptingClass (14ms)
	initialDomainReloadingComplete (28ms)
	LoadAllAssembliesAndSetupDomain (372ms)
		LoadAssemblies (313ms)
		RebuildTransferFunctionScriptingTraits (0ms)
		AnalyzeDomain (153ms)
			TypeCache.Refresh (9ms)
				TypeCache.ScanAssembly (0ms)
			BuildScriptInfoCaches (136ms)
			ResolveRequiredComponents (5ms)
	FinalizeReload (692ms)
		ReleaseScriptCaches (0ms)
		RebuildScriptCaches (0ms)
		SetupLoadedEditorAssemblies (480ms)
			LogAssemblyErrors (0ms)
			InitializePlatformSupportModulesInManaged (2ms)
			SetLoadedEditorAssemblies (4ms)
			BeforeProcessingInitializeOnLoad (58ms)
			ProcessInitializeOnLoadAttributes (363ms)
			ProcessInitializeOnLoadMethodAttributes (46ms)
			AfterProcessingInitializeOnLoad (6ms)
			EditorAssembliesLoaded (0ms)
		ExecutionOrderSort2 (0ms)
		AwakeInstancesAfterBackupRestoration (7ms)
Refreshing native plugins compatible for Editor in 1.62 ms, found 4 plugins.
Preloading 0 native plugins for Editor in 0.00 ms.
Unloading 1 Unused Serialized files (Serialized files now loaded: 0)
Unloading 4324 unused Assets / (190.2 KB). Loaded Objects now: 5023.
Memory consumption went from 126.3 MB to 126.1 MB.
Total: 6.007200 ms (FindLiveObjects: 0.452900 ms CreateObjectMapping: 0.163300 ms MarkObjects: 4.730000 ms  DeleteObjects: 0.660300 ms)

Prepare: number of updated asset objects reloaded= 0
========================================================================
Received Prepare
Begin MonoManager ReloadAssembly
- Loaded All Assemblies, in  0.361 seconds
Refreshing native plugins compatible for Editor in 0.77 ms, found 4 plugins.
Native extension for WindowsStandalone target not found
Mono: successfully reloaded assembly
- Finished resetting the current domain, in  0.465 seconds
Domain Reload Profiling: 826ms
	BeginReloadAssembly (107ms)
		ExecutionOrderSort (0ms)
		DisableScriptedObjects (7ms)
		BackupInstance (0ms)
		ReleaseScriptingObjects (0ms)
		CreateAndSetChildDomain (23ms)
	RebuildCommonClasses (20ms)
	RebuildNativeTypeToScriptingClass (8ms)
	initialDomainReloadingComplete (16ms)
	LoadAllAssembliesAndSetupDomain (210ms)
		LoadAssemblies (170ms)
		RebuildTransferFunctionScriptingTraits (0ms)
		AnalyzeDomain (92ms)
			TypeCache.Refresh (4ms)
				TypeCache.ScanAssembly (0ms)
			BuildScriptInfoCaches (82ms)
			ResolveRequiredComponents (3ms)
	FinalizeReload (465ms)
		ReleaseScriptCaches (0ms)
		RebuildScriptCaches (0ms)
		SetupLoadedEditorAssemblies (304ms)
			LogAssemblyErrors (0ms)
			InitializePlatformSupportModulesInManaged (2ms)
			SetLoadedEditorAssemblies (4ms)
			BeforeProcessingInitializeOnLoad (43ms)
			ProcessInitializeOnLoadAttributes (217ms)
			ProcessInitializeOnLoadMethodAttributes (34ms)
			AfterProcessingInitializeOnLoad (4ms)
			EditorAssembliesLoaded (0ms)
		ExecutionOrderSort2 (0ms)
		AwakeInstancesAfterBackupRestoration (5ms)
Refreshing native plugins compatible for Editor in 0.87 ms, found 4 plugins.
Preloading 0 native plugins for Editor in 0.00 ms.
Unloading 1 Unused Serialized files (Serialized files now loaded: 0)
Unloading 4324 unused Assets / (1.3 MB). Loaded Objects now: 5025.
Memory consumption went from 126.3 MB to 125.0 MB.
Total: 5.290900 ms (FindLiveObjects: 0.283900 ms CreateObjectMapping: 0.381300 ms MarkObjects: 3.804600 ms  DeleteObjects: 0.820500 ms)

Prepare: number of updated asset objects reloaded= 0
========================================================================
Received Prepare
Begin MonoManager ReloadAssembly
- Loaded All Assemblies, in  0.639 seconds
Refreshing native plugins compatible for Editor in 1.44 ms, found 4 plugins.
Native extension for WindowsStandalone target not found
Mono: successfully reloaded assembly
- Finished resetting the current domain, in  0.695 seconds
Domain Reload Profiling: 1333ms
	BeginReloadAssembly (186ms)
		ExecutionOrderSort (0ms)
		DisableScriptedObjects (13ms)
		BackupInstance (0ms)
		ReleaseScriptingObjects (0ms)
		CreateAndSetChildDomain (44ms)
	RebuildCommonClasses (33ms)
	RebuildNativeTypeToScriptingClass (14ms)
	initialDomainReloadingComplete (27ms)
	LoadAllAssembliesAndSetupDomain (378ms)
		LoadAssemblies (312ms)
		RebuildTransferFunctionScriptingTraits (0ms)
		AnalyzeDomain (158ms)
			TypeCache.Refresh (9ms)
				TypeCache.ScanAssembly (0ms)
			BuildScriptInfoCaches (137ms)
			ResolveRequiredComponents (9ms)
	FinalizeReload (695ms)
		ReleaseScriptCaches (0ms)
		RebuildScriptCaches (0ms)
		SetupLoadedEditorAssemblies (482ms)
			LogAssemblyErrors (0ms)
			InitializePlatformSupportModulesInManaged (2ms)
			SetLoadedEditorAssemblies (5ms)
			BeforeProcessingInitializeOnLoad (71ms)
			ProcessInitializeOnLoadAttributes (354ms)
			ProcessInitializeOnLoadMethodAttributes (44ms)
			AfterProcessingInitializeOnLoad (7ms)
			EditorAssembliesLoaded (0ms)
		ExecutionOrderSort2 (0ms)
		AwakeInstancesAfterBackupRestoration (7ms)
Refreshing native plugins compatible for Editor in 1.57 ms, found 4 plugins.
Preloading 0 native plugins for Editor in 0.00 ms.
Unloading 1 Unused Serialized files (Serialized files now loaded: 0)
Unloading 4324 unused Assets / (189.2 KB). Loaded Objects now: 5027.
Memory consumption went from 126.3 MB to 126.1 MB.
Total: 6.204700 ms (FindLiveObjects: 0.481500 ms CreateObjectMapping: 0.175800 ms MarkObjects: 4.894600 ms  DeleteObjects: 0.652100 ms)

Prepare: number of updated asset objects reloaded= 0
========================================================================
Received Prepare
Begin MonoManager ReloadAssembly
- Loaded All Assemblies, in  0.363 seconds
Refreshing native plugins compatible for Editor in 0.77 ms, found 4 plugins.
Native extension for WindowsStandalone target not found
Mono: successfully reloaded assembly
- Finished resetting the current domain, in  0.475 seconds
Domain Reload Profiling: 838ms
	BeginReloadAssembly (108ms)
		ExecutionOrderSort (0ms)
		DisableScriptedObjects (7ms)
		BackupInstance (0ms)
		ReleaseScriptingObjects (0ms)
		CreateAndSetChildDomain (24ms)
	RebuildCommonClasses (20ms)
	RebuildNativeTypeToScriptingClass (8ms)
	initialDomainReloadingComplete (16ms)
	LoadAllAssembliesAndSetupDomain (211ms)
		LoadAssemblies (171ms)
		RebuildTransferFunctionScriptingTraits (0ms)
		AnalyzeDomain (92ms)
			TypeCache.Refresh (4ms)
				TypeCache.ScanAssembly (0ms)
			BuildScriptInfoCaches (83ms)
			ResolveRequiredComponents (3ms)
	FinalizeReload (476ms)
		ReleaseScriptCaches (0ms)
		RebuildScriptCaches (0ms)
		SetupLoadedEditorAssemblies (311ms)
			LogAssemblyErrors (0ms)
			InitializePlatformSupportModulesInManaged (2ms)
			SetLoadedEditorAssemblies (4ms)
			BeforeProcessingInitializeOnLoad (42ms)
			ProcessInitializeOnLoadAttributes (225ms)
			ProcessInitializeOnLoadMethodAttributes (32ms)
			AfterProcessingInitializeOnLoad (5ms)
			EditorAssembliesLoaded (0ms)
		ExecutionOrderSort2 (0ms)
		AwakeInstancesAfterBackupRestoration (5ms)
Refreshing native plugins compatible for Editor in 0.88 ms, found 4 plugins.
Preloading 0 native plugins for Editor in 0.00 ms.
Unloading 1 Unused Serialized files (Serialized files now loaded: 0)
Unloading 4324 unused Assets / (1.0 MB). Loaded Objects now: 5029.
Memory consumption went from 126.3 MB to 125.2 MB.
Total: 4.675700 ms (FindLiveObjects: 0.284300 ms CreateObjectMapping: 0.224300 ms MarkObjects: 3.478400 ms  DeleteObjects: 0.688100 ms)

Prepare: number of updated asset objects reloaded= 0
========================================================================
Received Prepare
Begin MonoManager ReloadAssembly
- Loaded All Assemblies, in  0.646 seconds
Refreshing native plugins compatible for Editor in 1.04 ms, found 4 plugins.
Native extension for WindowsStandalone target not found
Mono: successfully reloaded assembly
- Finished resetting the current domain, in  0.665 seconds
Domain Reload Profiling: 1310ms
	BeginReloadAssembly (187ms)
		ExecutionOrderSort (0ms)
		DisableScriptedObjects (13ms)
		BackupInstance (0ms)
		ReleaseScriptingObjects (0ms)
		CreateAndSetChildDomain (43ms)
	RebuildCommonClasses (33ms)
	RebuildNativeTypeToScriptingClass (13ms)
	initialDomainReloadingComplete (28ms)
	LoadAllAssembliesAndSetupDomain (382ms)
		LoadAssemblies (321ms)
		RebuildTransferFunctionScriptingTraits (0ms)
		AnalyzeDomain (159ms)
			TypeCache.Refresh (10ms)
				TypeCache.ScanAssembly (0ms)
			BuildScriptInfoCaches (137ms)
			ResolveRequiredComponents (9ms)
	FinalizeReload (666ms)
		ReleaseScriptCaches (0ms)
		RebuildScriptCaches (0ms)
		SetupLoadedEditorAssemblies (456ms)
			LogAssemblyErrors (0ms)
			InitializePlatformSupportModulesInManaged (2ms)
			SetLoadedEditorAssemblies (5ms)
			BeforeProcessingInitializeOnLoad (64ms)
			ProcessInitializeOnLoadAttributes (334ms)
			ProcessInitializeOnLoadMethodAttributes (44ms)
			AfterProcessingInitializeOnLoad (6ms)
			EditorAssembliesLoaded (0ms)
		ExecutionOrderSort2 (0ms)
		AwakeInstancesAfterBackupRestoration (6ms)
Refreshing native plugins compatible for Editor in 1.86 ms, found 4 plugins.
Preloading 0 native plugins for Editor in 0.00 ms.
Unloading 1 Unused Serialized files (Serialized files now loaded: 0)
Unloading 4324 unused Assets / (190.2 KB). Loaded Objects now: 5031.
Memory consumption went from 126.3 MB to 126.1 MB.
Total: 6.205800 ms (FindLiveObjects: 0.480000 ms CreateObjectMapping: 0.172400 ms MarkObjects: 4.879300 ms  DeleteObjects: 0.673700 ms)

Prepare: number of updated asset objects reloaded= 0
========================================================================
Received Prepare
Begin MonoManager ReloadAssembly
- Loaded All Assemblies, in  0.363 seconds
Refreshing native plugins compatible for Editor in 0.99 ms, found 4 plugins.
Native extension for WindowsStandalone target not found
Mono: successfully reloaded assembly
- Finished resetting the current domain, in  0.479 seconds
Domain Reload Profiling: 842ms
	BeginReloadAssembly (110ms)
		ExecutionOrderSort (0ms)
		DisableScriptedObjects (7ms)
		BackupInstance (0ms)
		ReleaseScriptingObjects (0ms)
		CreateAndSetChildDomain (26ms)
	RebuildCommonClasses (20ms)
	RebuildNativeTypeToScriptingClass (7ms)
	initialDomainReloadingComplete (17ms)
	LoadAllAssembliesAndSetupDomain (208ms)
		LoadAssemblies (170ms)
		RebuildTransferFunctionScriptingTraits (0ms)
		AnalyzeDomain (90ms)
			TypeCache.Refresh (4ms)
				TypeCache.ScanAssembly (0ms)
			BuildScriptInfoCaches (81ms)
			ResolveRequiredComponents (3ms)
	FinalizeReload (480ms)
		ReleaseScriptCaches (0ms)
		RebuildScriptCaches (0ms)
		SetupLoadedEditorAssemblies (306ms)
			LogAssemblyErrors (0ms)
			InitializePlatformSupportModulesInManaged (2ms)
			SetLoadedEditorAssemblies (4ms)
			BeforeProcessingInitializeOnLoad (39ms)
			ProcessInitializeOnLoadAttributes (222ms)
			ProcessInitializeOnLoadMethodAttributes (33ms)
			AfterProcessingInitializeOnLoad (6ms)
			EditorAssembliesLoaded (0ms)
		ExecutionOrderSort2 (0ms)
		AwakeInstancesAfterBackupRestoration (5ms)
Refreshing native plugins compatible for Editor in 0.88 ms, found 4 plugins.
Preloading 0 native plugins for Editor in 0.00 ms.
Unloading 1 Unused Serialized files (Serialized files now loaded: 0)
Unloading 4324 unused Assets / (1.1 MB). Loaded Objects now: 5033.
Memory consumption went from 126.3 MB to 125.2 MB.
Total: 4.550500 ms (FindLiveObjects: 0.318500 ms CreateObjectMapping: 0.164600 ms MarkObjects: 3.397700 ms  DeleteObjects: 0.669100 ms)

Prepare: number of updated asset objects reloaded= 0
========================================================================
Received Prepare
Begin MonoManager ReloadAssembly
- Loaded All Assemblies, in  0.640 seconds
Refreshing native plugins compatible for Editor in 2.21 ms, found 4 plugins.
Native extension for WindowsStandalone target not found
Mono: successfully reloaded assembly
- Finished resetting the current domain, in  0.669 seconds
Domain Reload Profiling: 1307ms
	BeginReloadAssembly (186ms)
		ExecutionOrderSort (0ms)
		DisableScriptedObjects (13ms)
		BackupInstance (0ms)
		ReleaseScriptingObjects (0ms)
		CreateAndSetChildDomain (43ms)
	RebuildCommonClasses (32ms)
	RebuildNativeTypeToScriptingClass (14ms)
	initialDomainReloadingComplete (26ms)
	LoadAllAssembliesAndSetupDomain (380ms)
		LoadAssemblies (325ms)
		RebuildTransferFunctionScriptingTraits (0ms)
		AnalyzeDomain (153ms)
			TypeCache.Refresh (9ms)
				TypeCache.ScanAssembly (0ms)
			BuildScriptInfoCaches (136ms)
			ResolveRequiredComponents (5ms)
	FinalizeReload (669ms)
		ReleaseScriptCaches (0ms)
		RebuildScriptCaches (0ms)
		SetupLoadedEditorAssemblies (462ms)
			LogAssemblyErrors (0ms)
			InitializePlatformSupportModulesInManaged (2ms)
			SetLoadedEditorAssemblies (5ms)
			BeforeProcessingInitializeOnLoad (70ms)
			ProcessInitializeOnLoadAttributes (336ms)
			ProcessInitializeOnLoadMethodAttributes (42ms)
			AfterProcessingInitializeOnLoad (6ms)
			EditorAssembliesLoaded (0ms)
		ExecutionOrderSort2 (0ms)
		AwakeInstancesAfterBackupRestoration (6ms)
Refreshing native plugins compatible for Editor in 1.26 ms, found 4 plugins.
Preloading 0 native plugins for Editor in 0.00 ms.
Unloading 1 Unused Serialized files (Serialized files now loaded: 0)
Unloading 4324 unused Assets / (240.9 KB). Loaded Objects now: 5035.
Memory consumption went from 126.3 MB to 126.0 MB.
Total: 8.831500 ms (FindLiveObjects: 0.550600 ms CreateObjectMapping: 0.206600 ms MarkObjects: 7.349800 ms  DeleteObjects: 0.723900 ms)

Prepare: number of updated asset objects reloaded= 0
========================================================================
Received Prepare
Begin MonoManager ReloadAssembly
- Loaded All Assemblies, in  0.361 seconds
Refreshing native plugins compatible for Editor in 0.61 ms, found 4 plugins.
Native extension for WindowsStandalone target not found
Mono: successfully reloaded assembly
- Finished resetting the current domain, in  0.346 seconds
Domain Reload Profiling: 706ms
	BeginReloadAssembly (107ms)
		ExecutionOrderSort (0ms)
		DisableScriptedObjects (7ms)
		BackupInstance (0ms)
		ReleaseScriptingObjects (0ms)
		CreateAndSetChildDomain (23ms)
	RebuildCommonClasses (20ms)
	RebuildNativeTypeToScriptingClass (7ms)
	initialDomainReloadingComplete (15ms)
	LoadAllAssembliesAndSetupDomain (210ms)
		LoadAssemblies (170ms)
		RebuildTransferFunctionScriptingTraits (0ms)
		AnalyzeDomain (93ms)
			TypeCache.Refresh (6ms)
				TypeCache.ScanAssembly (0ms)
			BuildScriptInfoCaches (82ms)
			ResolveRequiredComponents (3ms)
	FinalizeReload (346ms)
		ReleaseScriptCaches (0ms)
		RebuildScriptCaches (0ms)
		SetupLoadedEditorAssemblies (226ms)
			LogAssemblyErrors (0ms)
			InitializePlatformSupportModulesInManaged (1ms)
			SetLoadedEditorAssemblies (3ms)
			BeforeProcessingInitializeOnLoad (28ms)
			ProcessInitializeOnLoadAttributes (168ms)
			ProcessInitializeOnLoadMethodAttributes (22ms)
			AfterProcessingInitializeOnLoad (4ms)
			EditorAssembliesLoaded (0ms)
		ExecutionOrderSort2 (0ms)
		AwakeInstancesAfterBackupRestoration (4ms)
Refreshing native plugins compatible for Editor in 0.66 ms, found 4 plugins.
Preloading 0 native plugins for Editor in 0.00 ms.
Unloading 1 Unused Serialized files (Serialized files now loaded: 0)
Unloading 4324 unused Assets / (1.2 MB). Loaded Objects now: 5037.
Memory consumption went from 126.3 MB to 125.0 MB.
Total: 4.329300 ms (FindLiveObjects: 0.303800 ms CreateObjectMapping: 0.183400 ms MarkObjects: 3.065000 ms  DeleteObjects: 0.776600 ms)

Prepare: number of updated asset objects reloaded= 0
========================================================================
Received Prepare
Begin MonoManager ReloadAssembly
- Loaded All Assemblies, in  0.357 seconds
Refreshing native plugins compatible for Editor in 0.88 ms, found 4 plugins.
Native extension for WindowsStandalone target not found
Mono: successfully reloaded assembly
- Finished resetting the current domain, in  0.463 seconds
Domain Reload Profiling: 820ms
	BeginReloadAssembly (107ms)
		ExecutionOrderSort (0ms)
		DisableScriptedObjects (7ms)
		BackupInstance (0ms)
		ReleaseScriptingObjects (0ms)
		CreateAndSetChildDomain (23ms)
	RebuildCommonClasses (20ms)
	RebuildNativeTypeToScriptingClass (8ms)
	initialDomainReloadingComplete (15ms)
	LoadAllAssembliesAndSetupDomain (207ms)
		LoadAssemblies (169ms)
		RebuildTransferFunctionScriptingTraits (0ms)
		AnalyzeDomain (91ms)
			TypeCache.Refresh (4ms)
				TypeCache.ScanAssembly (0ms)
			BuildScriptInfoCaches (81ms)
			ResolveRequiredComponents (3ms)
	FinalizeReload (463ms)
		ReleaseScriptCaches (0ms)
		RebuildScriptCaches (0ms)
		SetupLoadedEditorAssemblies (302ms)
			LogAssemblyErrors (0ms)
			InitializePlatformSupportModulesInManaged (2ms)
			SetLoadedEditorAssemblies (3ms)
			BeforeProcessingInitializeOnLoad (40ms)
			ProcessInitializeOnLoadAttributes (220ms)
			ProcessInitializeOnLoadMethodAttributes (31ms)
			AfterProcessingInitializeOnLoad (5ms)
			EditorAssembliesLoaded (0ms)
		ExecutionOrderSort2 (0ms)
		AwakeInstancesAfterBackupRestoration (5ms)
Refreshing native plugins compatible for Editor in 0.91 ms, found 4 plugins.
Preloading 0 native plugins for Editor in 0.00 ms.
Unloading 1 Unused Serialized files (Serialized files now loaded: 0)
Unloading 4324 unused Assets / (1.0 MB). Loaded Objects now: 5039.
Memory consumption went from 126.3 MB to 125.3 MB.
Total: 4.489300 ms (FindLiveObjects: 0.270200 ms CreateObjectMapping: 0.163900 ms MarkObjects: 3.376700 ms  DeleteObjects: 0.677800 ms)

Prepare: number of updated asset objects reloaded= 0
========================================================================
Received Prepare
Begin MonoManager ReloadAssembly
- Loaded All Assemblies, in  0.649 seconds
Refreshing native plugins compatible for Editor in 1.18 ms, found 4 plugins.
Native extension for WindowsStandalone target not found
Mono: successfully reloaded assembly
- Finished resetting the current domain, in  0.353 seconds
Domain Reload Profiling: 1000ms
	BeginReloadAssembly (189ms)
		ExecutionOrderSort (0ms)
		DisableScriptedObjects (15ms)
		BackupInstance (0ms)
		ReleaseScriptingObjects (0ms)
		CreateAndSetChildDomain (44ms)
	RebuildCommonClasses (34ms)
	RebuildNativeTypeToScriptingClass (16ms)
	initialDomainReloadingComplete (26ms)
	LoadAllAssembliesAndSetupDomain (383ms)
		LoadAssemblies (312ms)
		RebuildTransferFunctionScriptingTraits (0ms)
		AnalyzeDomain (164ms)
			TypeCache.Refresh (9ms)
				TypeCache.ScanAssembly (0ms)
			BuildScriptInfoCaches (139ms)
			ResolveRequiredComponents (12ms)
	FinalizeReload (353ms)
		ReleaseScriptCaches (0ms)
		RebuildScriptCaches (0ms)
		SetupLoadedEditorAssemblies (225ms)
			LogAssemblyErrors (0ms)
			InitializePlatformSupportModulesInManaged (1ms)
			SetLoadedEditorAssemblies (2ms)
			BeforeProcessingInitializeOnLoad (26ms)
			ProcessInitializeOnLoadAttributes (170ms)
			ProcessInitializeOnLoadMethodAttributes (22ms)
			AfterProcessingInitializeOnLoad (4ms)
			EditorAssembliesLoaded (0ms)
		ExecutionOrderSort2 (0ms)
		AwakeInstancesAfterBackupRestoration (4ms)
Refreshing native plugins compatible for Editor in 0.81 ms, found 4 plugins.
Preloading 0 native plugins for Editor in 0.00 ms.
Unloading 1 Unused Serialized files (Serialized files now loaded: 0)
Unloading 4324 unused Assets / (1.3 MB). Loaded Objects now: 5041.
Memory consumption went from 126.3 MB to 125.0 MB.
Total: 4.396300 ms (FindLiveObjects: 0.268300 ms CreateObjectMapping: 0.152800 ms MarkObjects: 3.208400 ms  DeleteObjects: 0.766100 ms)

Prepare: number of updated asset objects reloaded= 0
========================================================================
Received Prepare
Begin MonoManager ReloadAssembly
- Loaded All Assemblies, in  0.363 seconds
Refreshing native plugins compatible for Editor in 0.57 ms, found 4 plugins.
Native extension for WindowsStandalone target not found
Mono: successfully reloaded assembly
- Finished resetting the current domain, in  0.471 seconds
Domain Reload Profiling: 835ms
	BeginReloadAssembly (107ms)
		ExecutionOrderSort (0ms)
		DisableScriptedObjects (7ms)
		BackupInstance (0ms)
		ReleaseScriptingObjects (0ms)
		CreateAndSetChildDomain (22ms)
	RebuildCommonClasses (21ms)
	RebuildNativeTypeToScriptingClass (7ms)
	initialDomainReloadingComplete (16ms)
	LoadAllAssembliesAndSetupDomain (212ms)
		LoadAssemblies (171ms)
		RebuildTransferFunctionScriptingTraits (0ms)
		AnalyzeDomain (93ms)
			TypeCache.Refresh (5ms)
				TypeCache.ScanAssembly (0ms)
			BuildScriptInfoCaches (83ms)
			ResolveRequiredComponents (3ms)
	FinalizeReload (472ms)
		ReleaseScriptCaches (0ms)
		RebuildScriptCaches (0ms)
		SetupLoadedEditorAssemblies (306ms)
			LogAssemblyErrors (0ms)
			InitializePlatformSupportModulesInManaged (2ms)
			SetLoadedEditorAssemblies (4ms)
			BeforeProcessingInitializeOnLoad (39ms)
			ProcessInitializeOnLoadAttributes (227ms)
			ProcessInitializeOnLoadMethodAttributes (30ms)
			AfterProcessingInitializeOnLoad (4ms)
			EditorAssembliesLoaded (0ms)
		ExecutionOrderSort2 (0ms)
		AwakeInstancesAfterBackupRestoration (5ms)
Refreshing native plugins compatible for Editor in 0.77 ms, found 4 plugins.
Preloading 0 native plugins for Editor in 0.00 ms.
Unloading 1 Unused Serialized files (Serialized files now loaded: 0)
Unloading 4324 unused Assets / (1.1 MB). Loaded Objects now: 5043.
Memory consumption went from 126.3 MB to 125.2 MB.
Total: 4.475200 ms (FindLiveObjects: 0.355500 ms CreateObjectMapping: 0.121100 ms MarkObjects: 3.332200 ms  DeleteObjects: 0.665900 ms)

Prepare: number of updated asset objects reloaded= 0
========================================================================
Received Prepare
Begin MonoManager ReloadAssembly
- Loaded All Assemblies, in  0.370 seconds
Refreshing native plugins compatible for Editor in 0.74 ms, found 4 plugins.
Native extension for WindowsStandalone target not found
Mono: successfully reloaded assembly
- Finished resetting the current domain, in  0.475 seconds
Domain Reload Profiling: 845ms
	BeginReloadAssembly (111ms)
		ExecutionOrderSort (0ms)
		DisableScriptedObjects (9ms)
		BackupInstance (0ms)
		ReleaseScriptingObjects (0ms)
		CreateAndSetChildDomain (24ms)
	RebuildCommonClasses (21ms)
	RebuildNativeTypeToScriptingClass (8ms)
	initialDomainReloadingComplete (16ms)
	LoadAllAssembliesAndSetupDomain (214ms)
		LoadAssemblies (174ms)
		RebuildTransferFunctionScriptingTraits (0ms)
		AnalyzeDomain (94ms)
			TypeCache.Refresh (5ms)
				TypeCache.ScanAssembly (0ms)
			BuildScriptInfoCaches (83ms)
			ResolveRequiredComponents (3ms)
	FinalizeReload (475ms)
		ReleaseScriptCaches (0ms)
		RebuildScriptCaches (0ms)
		SetupLoadedEditorAssemblies (306ms)
			LogAssemblyErrors (0ms)
			InitializePlatformSupportModulesInManaged (2ms)
			SetLoadedEditorAssemblies (4ms)
			BeforeProcessingInitializeOnLoad (42ms)
			ProcessInitializeOnLoadAttributes (222ms)
			ProcessInitializeOnLoadMethodAttributes (32ms)
			AfterProcessingInitializeOnLoad (5ms)
			EditorAssembliesLoaded (0ms)
		ExecutionOrderSort2 (0ms)
		AwakeInstancesAfterBackupRestoration (6ms)
Refreshing native plugins compatible for Editor in 0.81 ms, found 4 plugins.
Preloading 0 native plugins for Editor in 0.00 ms.
Unloading 1 Unused Serialized files (Serialized files now loaded: 0)
Unloading 4324 unused Assets / (1.1 MB). Loaded Objects now: 5045.
Memory consumption went from 126.3 MB to 125.2 MB.
Total: 4.712900 ms (FindLiveObjects: 0.255400 ms CreateObjectMapping: 0.176200 ms MarkObjects: 3.620100 ms  DeleteObjects: 0.660500 ms)

Prepare: number of updated asset objects reloaded= 0
========================================================================
Received Prepare
Begin MonoManager ReloadAssembly
- Loaded All Assemblies, in  0.655 seconds
Refreshing native plugins compatible for Editor in 1.52 ms, found 4 plugins.
Native extension for WindowsStandalone target not found
Mono: successfully reloaded assembly
- Finished resetting the current domain, in  0.664 seconds
Domain Reload Profiling: 1317ms
	BeginReloadAssembly (187ms)
		ExecutionOrderSort (0ms)
		DisableScriptedObjects (14ms)
		BackupInstance (0ms)
		ReleaseScriptingObjects (0ms)
		CreateAndSetChildDomain (43ms)
	RebuildCommonClasses (33ms)
	RebuildNativeTypeToScriptingClass (13ms)
	initialDomainReloadingComplete (28ms)
	LoadAllAssembliesAndSetupDomain (392ms)
		LoadAssemblies (323ms)
		RebuildTransferFunctionScriptingTraits (0ms)
		AnalyzeDomain (162ms)
			TypeCache.Refresh (9ms)
				TypeCache.ScanAssembly (0ms)
			BuildScriptInfoCaches (140ms)
			ResolveRequiredComponents (9ms)
	FinalizeReload (664ms)
		ReleaseScriptCaches (0ms)
		RebuildScriptCaches (0ms)
		SetupLoadedEditorAssemblies (453ms)
			LogAssemblyErrors (0ms)
			InitializePlatformSupportModulesInManaged (2ms)
			SetLoadedEditorAssemblies (5ms)
			BeforeProcessingInitializeOnLoad (58ms)
			ProcessInitializeOnLoadAttributes (338ms)
			ProcessInitializeOnLoadMethodAttributes (44ms)
			AfterProcessingInitializeOnLoad (6ms)
			EditorAssembliesLoaded (0ms)
		ExecutionOrderSort2 (0ms)
		AwakeInstancesAfterBackupRestoration (6ms)
Refreshing native plugins compatible for Editor in 1.94 ms, found 4 plugins.
Preloading 0 native plugins for Editor in 0.00 ms.
Unloading 1 Unused Serialized files (Serialized files now loaded: 0)
Unloading 4324 unused Assets / (408.7 KB). Loaded Objects now: 5047.
Memory consumption went from 126.3 MB to 125.9 MB.
Total: 6.645000 ms (FindLiveObjects: 0.543500 ms CreateObjectMapping: 0.326900 ms MarkObjects: 5.010800 ms  DeleteObjects: 0.763100 ms)

Prepare: number of updated asset objects reloaded= 0
========================================================================
Received Prepare
Begin MonoManager ReloadAssembly
- Loaded All Assemblies, in  0.365 seconds
Refreshing native plugins compatible for Editor in 0.82 ms, found 4 plugins.
Native extension for WindowsStandalone target not found
Mono: successfully reloaded assembly
- Finished resetting the current domain, in  0.477 seconds
Domain Reload Profiling: 842ms
	BeginReloadAssembly (110ms)
		ExecutionOrderSort (0ms)
		DisableScriptedObjects (7ms)
		BackupInstance (0ms)
		ReleaseScriptingObjects (0ms)
		CreateAndSetChildDomain (25ms)
	RebuildCommonClasses (20ms)
	RebuildNativeTypeToScriptingClass (7ms)
	initialDomainReloadingComplete (15ms)
	LoadAllAssembliesAndSetupDomain (212ms)
		LoadAssemblies (172ms)
		RebuildTransferFunctionScriptingTraits (0ms)
		AnalyzeDomain (92ms)
			TypeCache.Refresh (4ms)
				TypeCache.ScanAssembly (0ms)
			BuildScriptInfoCaches (81ms)
			ResolveRequiredComponents (3ms)
	FinalizeReload (477ms)
		ReleaseScriptCaches (0ms)
		RebuildScriptCaches (0ms)
		SetupLoadedEditorAssemblies (308ms)
			LogAssemblyErrors (0ms)
			InitializePlatformSupportModulesInManaged (2ms)
			SetLoadedEditorAssemblies (4ms)
			BeforeProcessingInitializeOnLoad (40ms)
			ProcessInitializeOnLoadAttributes (225ms)
			ProcessInitializeOnLoadMethodAttributes (33ms)
			AfterProcessingInitializeOnLoad (4ms)
			EditorAssembliesLoaded (0ms)
		ExecutionOrderSort2 (0ms)
		AwakeInstancesAfterBackupRestoration (5ms)
Refreshing native plugins compatible for Editor in 0.89 ms, found 4 plugins.
Preloading 0 native plugins for Editor in 0.00 ms.
Unloading 1 Unused Serialized files (Serialized files now loaded: 0)
Unloading 4324 unused Assets / (1.0 MB). Loaded Objects now: 5049.
Memory consumption went from 126.3 MB to 125.3 MB.
Total: 4.373100 ms (FindLiveObjects: 0.326600 ms CreateObjectMapping: 0.116400 ms MarkObjects: 3.295300 ms  DeleteObjects: 0.634100 ms)

Prepare: number of updated asset objects reloaded= 0
========================================================================
Received Prepare
Begin MonoManager ReloadAssembly
- Loaded All Assemblies, in  0.358 seconds
Refreshing native plugins compatible for Editor in 0.71 ms, found 4 plugins.
Native extension for WindowsStandalone target not found
Mono: successfully reloaded assembly
- Finished resetting the current domain, in  0.471 seconds
Domain Reload Profiling: 830ms
	BeginReloadAssembly (107ms)
		ExecutionOrderSort (0ms)
		DisableScriptedObjects (7ms)
		BackupInstance (0ms)
		ReleaseScriptingObjects (0ms)
		CreateAndSetChildDomain (24ms)
	RebuildCommonClasses (21ms)
	RebuildNativeTypeToScriptingClass (8ms)
	initialDomainReloadingComplete (16ms)
	LoadAllAssembliesAndSetupDomain (208ms)
		LoadAssemblies (169ms)
		RebuildTransferFunctionScriptingTraits (0ms)
		AnalyzeDomain (89ms)
			TypeCache.Refresh (4ms)
				TypeCache.ScanAssembly (0ms)
			BuildScriptInfoCaches (80ms)
			ResolveRequiredComponents (3ms)
	FinalizeReload (471ms)
		ReleaseScriptCaches (0ms)
		RebuildScriptCaches (0ms)
		SetupLoadedEditorAssemblies (305ms)
			LogAssemblyErrors (0ms)
			InitializePlatformSupportModulesInManaged (2ms)
			SetLoadedEditorAssemblies (4ms)
			BeforeProcessingInitializeOnLoad (41ms)
			ProcessInitializeOnLoadAttributes (221ms)
			ProcessInitializeOnLoadMethodAttributes (32ms)
			AfterProcessingInitializeOnLoad (5ms)
			EditorAssembliesLoaded (0ms)
		ExecutionOrderSort2 (0ms)
		AwakeInstancesAfterBackupRestoration (6ms)
Refreshing native plugins compatible for Editor in 0.74 ms, found 4 plugins.
Preloading 0 native plugins for Editor in 0.00 ms.
Unloading 1 Unused Serialized files (Serialized files now loaded: 0)
Unloading 4324 unused Assets / (1.1 MB). Loaded Objects now: 5051.
Memory consumption went from 126.3 MB to 125.2 MB.
Total: 4.653300 ms (FindLiveObjects: 0.252800 ms CreateObjectMapping: 0.119100 ms MarkObjects: 3.480500 ms  DeleteObjects: 0.800200 ms)

Prepare: number of updated asset objects reloaded= 0
========================================================================
Received Prepare
Refreshing native plugins compatible for Editor in 1.70 ms, found 4 plugins.
Preloading 0 native plugins for Editor in 0.00 ms.
Unloading 1 Unused Serialized files (Serialized files now loaded: 0)
Unloading 4314 unused Assets / (0.7 MB). Loaded Objects now: 5051.
Memory consumption went from 126.5 MB to 125.8 MB.
Total: 7.746000 ms (FindLiveObjects: 0.521900 ms CreateObjectMapping: 0.245200 ms MarkObjects: 6.099300 ms  DeleteObjects: 0.878500 ms)

Prepare: number of updated asset objects reloaded= 0
========================================================================
Received Prepare
Begin MonoManager ReloadAssembly
- Loaded All Assemblies, in  0.643 seconds
Refreshing native plugins compatible for Editor in 1.71 ms, found 4 plugins.
Native extension for WindowsStandalone target not found
Mono: successfully reloaded assembly
- Finished resetting the current domain, in  0.678 seconds
Domain Reload Profiling: 1320ms
	BeginReloadAssembly (179ms)
		ExecutionOrderSort (0ms)
		DisableScriptedObjects (13ms)
		BackupInstance (0ms)
		ReleaseScriptingObjects (0ms)
		CreateAndSetChildDomain (40ms)
	RebuildCommonClasses (33ms)
	RebuildNativeTypeToScriptingClass (13ms)
	initialDomainReloadingComplete (29ms)
	LoadAllAssembliesAndSetupDomain (388ms)
		LoadAssemblies (321ms)
		RebuildTransferFunctionScriptingTraits (0ms)
		AnalyzeDomain (163ms)
			TypeCache.Refresh (9ms)
				TypeCache.ScanAssembly (0ms)
			BuildScriptInfoCaches (146ms)
			ResolveRequiredComponents (4ms)
	FinalizeReload (678ms)
		ReleaseScriptCaches (0ms)
		RebuildScriptCaches (0ms)
		SetupLoadedEditorAssemblies (456ms)
			LogAssemblyErrors (0ms)
			InitializePlatformSupportModulesInManaged (2ms)
			SetLoadedEditorAssemblies (3ms)
			BeforeProcessingInitializeOnLoad (65ms)
			ProcessInitializeOnLoadAttributes (330ms)
			ProcessInitializeOnLoadMethodAttributes (49ms)
			AfterProcessingInitializeOnLoad (6ms)
			EditorAssembliesLoaded (0ms)
		ExecutionOrderSort2 (0ms)
		AwakeInstancesAfterBackupRestoration (7ms)
Refreshing native plugins compatible for Editor in 1.51 ms, found 4 plugins.
Preloading 0 native plugins for Editor in 0.00 ms.
Unloading 1 Unused Serialized files (Serialized files now loaded: 0)
Unloading 4324 unused Assets / (189.2 KB). Loaded Objects now: 5053.
Memory consumption went from 126.3 MB to 126.1 MB.
Total: 5.867500 ms (FindLiveObjects: 0.475800 ms CreateObjectMapping: 0.161700 ms MarkObjects: 4.589300 ms  DeleteObjects: 0.640000 ms)

Prepare: number of updated asset objects reloaded= 0
========================================================================
Received Prepare
Begin MonoManager ReloadAssembly
- Loaded All Assemblies, in  0.365 seconds
Refreshing native plugins compatible for Editor in 0.75 ms, found 4 plugins.
Native extension for WindowsStandalone target not found
Mono: successfully reloaded assembly
- Finished resetting the current domain, in  0.473 seconds
Domain Reload Profiling: 838ms
	BeginReloadAssembly (111ms)
		ExecutionOrderSort (0ms)
		DisableScriptedObjects (7ms)
		BackupInstance (0ms)
		ReleaseScriptingObjects (0ms)
		CreateAndSetChildDomain (25ms)
	RebuildCommonClasses (21ms)
	RebuildNativeTypeToScriptingClass (7ms)
	initialDomainReloadingComplete (16ms)
	LoadAllAssembliesAndSetupDomain (210ms)
		LoadAssemblies (173ms)
		RebuildTransferFunctionScriptingTraits (0ms)
		AnalyzeDomain (91ms)
			TypeCache.Refresh (4ms)
				TypeCache.ScanAssembly (0ms)
			BuildScriptInfoCaches (82ms)
			ResolveRequiredComponents (3ms)
	FinalizeReload (473ms)
		ReleaseScriptCaches (0ms)
		RebuildScriptCaches (0ms)
		SetupLoadedEditorAssemblies (306ms)
			LogAssemblyErrors (0ms)
			InitializePlatformSupportModulesInManaged (2ms)
			SetLoadedEditorAssemblies (3ms)
			BeforeProcessingInitializeOnLoad (42ms)
			ProcessInitializeOnLoadAttributes (222ms)
			ProcessInitializeOnLoadMethodAttributes (33ms)
			AfterProcessingInitializeOnLoad (4ms)
			EditorAssembliesLoaded (0ms)
		ExecutionOrderSort2 (0ms)
		AwakeInstancesAfterBackupRestoration (5ms)
Refreshing native plugins compatible for Editor in 0.94 ms, found 4 plugins.
Preloading 0 native plugins for Editor in 0.00 ms.
Unloading 1 Unused Serialized files (Serialized files now loaded: 0)
Unloading 4324 unused Assets / (1.4 MB). Loaded Objects now: 5055.
Memory consumption went from 126.3 MB to 124.9 MB.
Total: 5.126700 ms (FindLiveObjects: 0.270700 ms CreateObjectMapping: 0.129700 ms MarkObjects: 3.788700 ms  DeleteObjects: 0.936700 ms)

Prepare: number of updated asset objects reloaded= 0
========================================================================
Received Prepare
Begin MonoManager ReloadAssembly
- Loaded All Assemblies, in  0.369 seconds
Refreshing native plugins compatible for Editor in 0.78 ms, found 4 plugins.
Native extension for WindowsStandalone target not found
Mono: successfully reloaded assembly
- Finished resetting the current domain, in  0.463 seconds
Domain Reload Profiling: 832ms
	BeginReloadAssembly (113ms)
		ExecutionOrderSort (0ms)
		DisableScriptedObjects (7ms)
		BackupInstance (0ms)
		ReleaseScriptingObjects (0ms)
		CreateAndSetChildDomain (24ms)
	RebuildCommonClasses (21ms)
	RebuildNativeTypeToScriptingClass (8ms)
	initialDomainReloadingComplete (16ms)
	LoadAllAssembliesAndSetupDomain (211ms)
		LoadAssemblies (172ms)
		RebuildTransferFunctionScriptingTraits (0ms)
		AnalyzeDomain (92ms)
			TypeCache.Refresh (5ms)
				TypeCache.ScanAssembly (0ms)
			BuildScriptInfoCaches (82ms)
			ResolveRequiredComponents (3ms)
	FinalizeReload (464ms)
		ReleaseScriptCaches (0ms)
		RebuildScriptCaches (0ms)
		SetupLoadedEditorAssemblies (298ms)
			LogAssemblyErrors (0ms)
			InitializePlatformSupportModulesInManaged (2ms)
			SetLoadedEditorAssemblies (4ms)
			BeforeProcessingInitializeOnLoad (38ms)
			ProcessInitializeOnLoadAttributes (217ms)
			ProcessInitializeOnLoadMethodAttributes (32ms)
			AfterProcessingInitializeOnLoad (5ms)
			EditorAssembliesLoaded (0ms)
		ExecutionOrderSort2 (0ms)
		AwakeInstancesAfterBackupRestoration (6ms)
Refreshing native plugins compatible for Editor in 0.95 ms, found 4 plugins.
Preloading 0 native plugins for Editor in 0.00 ms.
Unloading 1 Unused Serialized files (Serialized files now loaded: 0)
Unloading 4324 unused Assets / (1.4 MB). Loaded Objects now: 5057.
Memory consumption went from 126.3 MB to 124.9 MB.
Total: 4.869800 ms (FindLiveObjects: 0.274600 ms CreateObjectMapping: 0.126400 ms MarkObjects: 3.442000 ms  DeleteObjects: 1.026100 ms)

Prepare: number of updated asset objects reloaded= 0
========================================================================
Received Prepare
Begin MonoManager ReloadAssembly
- Loaded All Assemblies, in  0.360 seconds
Refreshing native plugins compatible for Editor in 0.65 ms, found 4 plugins.
Native extension for WindowsStandalone target not found
Mono: successfully reloaded assembly
- Finished resetting the current domain, in  0.355 seconds
Domain Reload Profiling: 716ms
	BeginReloadAssembly (109ms)
		ExecutionOrderSort (0ms)
		DisableScriptedObjects (7ms)
		BackupInstance (0ms)
		ReleaseScriptingObjects (0ms)
		CreateAndSetChildDomain (24ms)
	RebuildCommonClasses (20ms)
	RebuildNativeTypeToScriptingClass (8ms)
	initialDomainReloadingComplete (15ms)
	LoadAllAssembliesAndSetupDomain (209ms)
		LoadAssemblies (169ms)
		RebuildTransferFunctionScriptingTraits (0ms)
		AnalyzeDomain (92ms)
			TypeCache.Refresh (6ms)
				TypeCache.ScanAssembly (0ms)
			BuildScriptInfoCaches (81ms)
			ResolveRequiredComponents (3ms)
	FinalizeReload (356ms)
		ReleaseScriptCaches (0ms)
		RebuildScriptCaches (0ms)
		SetupLoadedEditorAssemblies (225ms)
			LogAssemblyErrors (0ms)
			InitializePlatformSupportModulesInManaged (1ms)
			SetLoadedEditorAssemblies (3ms)
			BeforeProcessingInitializeOnLoad (28ms)
			ProcessInitializeOnLoadAttributes (167ms)
			ProcessInitializeOnLoadMethodAttributes (23ms)
			AfterProcessingInitializeOnLoad (3ms)
			EditorAssembliesLoaded (0ms)
		ExecutionOrderSort2 (0ms)
		AwakeInstancesAfterBackupRestoration (4ms)
Refreshing native plugins compatible for Editor in 0.60 ms, found 4 plugins.
Preloading 0 native plugins for Editor in 0.00 ms.
Unloading 1 Unused Serialized files (Serialized files now loaded: 0)
Unloading 4324 unused Assets / (1.1 MB). Loaded Objects now: 5059.
Memory consumption went from 126.3 MB to 125.2 MB.
Total: 3.842400 ms (FindLiveObjects: 0.244500 ms CreateObjectMapping: 0.118700 ms MarkObjects: 2.897700 ms  DeleteObjects: 0.581100 ms)

Prepare: number of updated asset objects reloaded= 0
========================================================================
Received Prepare
Begin MonoManager ReloadAssembly
- Loaded All Assemblies, in  0.367 seconds
Refreshing native plugins compatible for Editor in 0.64 ms, found 4 plugins.
Native extension for WindowsStandalone target not found
Mono: successfully reloaded assembly
- Finished resetting the current domain, in  0.462 seconds
Domain Reload Profiling: 828ms
	BeginReloadAssembly (111ms)
		ExecutionOrderSort (0ms)
		DisableScriptedObjects (7ms)
		BackupInstance (0ms)
		ReleaseScriptingObjects (0ms)
		CreateAndSetChildDomain (27ms)
	RebuildCommonClasses (21ms)
	RebuildNativeTypeToScriptingClass (7ms)
	initialDomainReloadingComplete (16ms)
	LoadAllAssembliesAndSetupDomain (211ms)
		LoadAssemblies (173ms)
		RebuildTransferFunctionScriptingTraits (0ms)
		AnalyzeDomain (91ms)
			TypeCache.Refresh (4ms)
				TypeCache.ScanAssembly (0ms)
			BuildScriptInfoCaches (81ms)
			ResolveRequiredComponents (3ms)
	FinalizeReload (462ms)
		ReleaseScriptCaches (0ms)
		RebuildScriptCaches (0ms)
		SetupLoadedEditorAssemblies (310ms)
			LogAssemblyErrors (0ms)
			InitializePlatformSupportModulesInManaged (2ms)
			SetLoadedEditorAssemblies (4ms)
			BeforeProcessingInitializeOnLoad (41ms)
			ProcessInitializeOnLoadAttributes (223ms)
			ProcessInitializeOnLoadMethodAttributes (36ms)
			AfterProcessingInitializeOnLoad (5ms)
			EditorAssembliesLoaded (0ms)
		ExecutionOrderSort2 (0ms)
		AwakeInstancesAfterBackupRestoration (6ms)
Refreshing native plugins compatible for Editor in 0.83 ms, found 4 plugins.
Preloading 0 native plugins for Editor in 0.00 ms.
Unloading 1 Unused Serialized files (Serialized files now loaded: 0)
Unloading 4324 unused Assets / (1.1 MB). Loaded Objects now: 5061.
Memory consumption went from 126.3 MB to 125.2 MB.
Total: 4.419200 ms (FindLiveObjects: 0.248900 ms CreateObjectMapping: 0.129300 ms MarkObjects: 3.354100 ms  DeleteObjects: 0.686200 ms)

Prepare: number of updated asset objects reloaded= 0
========================================================================
Received Import Request.
  Time since last request: 2744.970638 seconds.
  path: Assets/Prefabs/harpoon.prefab
  artifactKey: Guid(194b7dab2486a9f4aa336d664e4bea9f) Importer(815301076,1909f56bfc062723c751e8b465ee728b)
Start importing Assets/Prefabs/harpoon.prefab using Guid(194b7dab2486a9f4aa336d664e4bea9f) Importer(815301076,1909f56bfc062723c751e8b465ee728b) (PreviewImporter)[PhysX] Initialized MultithreadedTaskDispatcher with 16 workers.
[PhysX] Initialized MultithreadedTaskDispatcher with 16 workers.
 -> (artifact id: '4885583f92a0e336740a3d00c7503bec') in 0.0558729 seconds
Number of updated asset objects reloaded before import = 0Number of asset objects unloaded after import = 16

========================================================================
Received Import Request.
  Time since last request: 7.582245 seconds.
  path: Assets/Prefabs/Resources
  artifactKey: Guid(028789555b82d1b449ffc3036a7ae85c) Importer(815301076,1909f56bfc062723c751e8b465ee728b)
Start importing Assets/Prefabs/Resources using Guid(028789555b82d1b449ffc3036a7ae85c) Importer(815301076,1909f56bfc062723c751e8b465ee728b) (PreviewImporter)[PhysX] Initialized MultithreadedTaskDispatcher with 16 workers.
 -> (artifact id: '8c9feb57e3fb699bded52889ddc8d13b') in 0.0005486 seconds
Number of updated asset objects reloaded before import = 0Number of asset objects unloaded after import = 0

========================================================================
Received Import Request.
  Time since last request: 0.056821 seconds.
  path: Assets/Prefabs/Resources/HarpoonGun.prefab
  artifactKey: Guid(4794a00efb17f83478e60b1c06d8367b) Importer(815301076,1909f56bfc062723c751e8b465ee728b)
Start importing Assets/Prefabs/Resources/HarpoonGun.prefab using Guid(4794a00efb17f83478e60b1c06d8367b) Importer(815301076,1909f56bfc062723c751e8b465ee728b) (PreviewImporter)[PhysX] Initialized MultithreadedTaskDispatcher with 16 workers.
[PhysX] Initialized MultithreadedTaskDispatcher with 16 workers.
 -> (artifact id: '29bd731c6c0f62f342a1805ba542ad88') in 0.0132249 seconds
Number of updated asset objects reloaded before import = 0Number of asset objects unloaded after import = 24

========================================================================
Received Prepare
Begin MonoManager ReloadAssembly
- Loaded All Assemblies, in  2.051 seconds
Refreshing native plugins compatible for Editor in 0.67 ms, found 4 plugins.
Native extension for WindowsStandalone target not found
Mono: successfully reloaded assembly
- Finished resetting the current domain, in  0.360 seconds
Domain Reload Profiling: 2411ms
	BeginReloadAssembly (304ms)
		ExecutionOrderSort (0ms)
		DisableScriptedObjects (7ms)
		BackupInstance (0ms)
		ReleaseScriptingObjects (0ms)
		CreateAndSetChildDomain (31ms)
	RebuildCommonClasses (104ms)
	RebuildNativeTypeToScriptingClass (8ms)
	initialDomainReloadingComplete (17ms)
	LoadAllAssembliesAndSetupDomain (1618ms)
		LoadAssemblies (1762ms)
		RebuildTransferFunctionScriptingTraits (0ms)
		AnalyzeDomain (96ms)
			TypeCache.Refresh (6ms)
				TypeCache.ScanAssembly (0ms)
			BuildScriptInfoCaches (85ms)
			ResolveRequiredComponents (3ms)
	FinalizeReload (361ms)
		ReleaseScriptCaches (0ms)
		RebuildScriptCaches (0ms)
		SetupLoadedEditorAssemblies (235ms)
			LogAssemblyErrors (0ms)
			InitializePlatformSupportModulesInManaged (1ms)
			SetLoadedEditorAssemblies (3ms)
			BeforeProcessingInitializeOnLoad (30ms)
			ProcessInitializeOnLoadAttributes (174ms)
			ProcessInitializeOnLoadMethodAttributes (23ms)
			AfterProcessingInitializeOnLoad (4ms)
			EditorAssembliesLoaded (0ms)
		ExecutionOrderSort2 (0ms)
		AwakeInstancesAfterBackupRestoration (4ms)
Refreshing native plugins compatible for Editor in 0.83 ms, found 4 plugins.
Preloading 0 native plugins for Editor in 0.00 ms.
Unloading 1 Unused Serialized files (Serialized files now loaded: 0)
Unloading 4324 unused Assets / (1.2 MB). Loaded Objects now: 5063.
Memory consumption went from 126.3 MB to 125.1 MB.
Total: 4.165900 ms (FindLiveObjects: 0.253700 ms CreateObjectMapping: 0.149400 ms MarkObjects: 3.059100 ms  DeleteObjects: 0.703100 ms)

Prepare: number of updated asset objects reloaded= 0
========================================================================
Received Prepare
Begin MonoManager ReloadAssembly
- Loaded All Assemblies, in  0.363 seconds
Refreshing native plugins compatible for Editor in 0.62 ms, found 4 plugins.
Native extension for WindowsStandalone target not found
Mono: successfully reloaded assembly
- Finished resetting the current domain, in  0.435 seconds
Domain Reload Profiling: 798ms
	BeginReloadAssembly (108ms)
		ExecutionOrderSort (0ms)
		DisableScriptedObjects (7ms)
		BackupInstance (0ms)
		ReleaseScriptingObjects (0ms)
		CreateAndSetChildDomain (23ms)
	RebuildCommonClasses (21ms)
	RebuildNativeTypeToScriptingClass (8ms)
	initialDomainReloadingComplete (15ms)
	LoadAllAssembliesAndSetupDomain (211ms)
		LoadAssemblies (172ms)
		RebuildTransferFunctionScriptingTraits (0ms)
		AnalyzeDomain (92ms)
			TypeCache.Refresh (5ms)
				TypeCache.ScanAssembly (0ms)
			BuildScriptInfoCaches (81ms)
			ResolveRequiredComponents (4ms)
	FinalizeReload (435ms)
		ReleaseScriptCaches (0ms)
		RebuildScriptCaches (0ms)
		SetupLoadedEditorAssemblies (290ms)
			LogAssemblyErrors (0ms)
			InitializePlatformSupportModulesInManaged (1ms)
			SetLoadedEditorAssemblies (3ms)
			BeforeProcessingInitializeOnLoad (28ms)
			ProcessInitializeOnLoadAttributes (219ms)
			ProcessInitializeOnLoadMethodAttributes (34ms)
			AfterProcessingInitializeOnLoad (5ms)
			EditorAssembliesLoaded (0ms)
		ExecutionOrderSort2 (0ms)
		AwakeInstancesAfterBackupRestoration (5ms)
Refreshing native plugins compatible for Editor in 0.80 ms, found 4 plugins.
Preloading 0 native plugins for Editor in 0.00 ms.
Unloading 1 Unused Serialized files (Serialized files now loaded: 0)
Unloading 4324 unused Assets / (1.0 MB). Loaded Objects now: 5065.
Memory consumption went from 126.3 MB to 125.3 MB.
Total: 4.660100 ms (FindLiveObjects: 0.303900 ms CreateObjectMapping: 0.327000 ms MarkObjects: 3.308200 ms  DeleteObjects: 0.720200 ms)

Prepare: number of updated asset objects reloaded= 0
========================================================================
Received Prepare
Begin MonoManager ReloadAssembly
- Loaded All Assemblies, in  0.365 seconds
Refreshing native plugins compatible for Editor in 0.71 ms, found 4 plugins.
Native extension for WindowsStandalone target not found
Mono: successfully reloaded assembly
- Finished resetting the current domain, in  0.424 seconds
Domain Reload Profiling: 790ms
	BeginReloadAssembly (116ms)
		ExecutionOrderSort (0ms)
		DisableScriptedObjects (7ms)
		BackupInstance (0ms)
		ReleaseScriptingObjects (0ms)
		CreateAndSetChildDomain (28ms)
	RebuildCommonClasses (21ms)
	RebuildNativeTypeToScriptingClass (8ms)
	initialDomainReloadingComplete (15ms)
	LoadAllAssembliesAndSetupDomain (206ms)
		LoadAssemblies (171ms)
		RebuildTransferFunctionScriptingTraits (0ms)
		AnalyzeDomain (89ms)
			TypeCache.Refresh (4ms)
				TypeCache.ScanAssembly (0ms)
			BuildScriptInfoCaches (80ms)
			ResolveRequiredComponents (3ms)
	FinalizeReload (425ms)
		ReleaseScriptCaches (0ms)
		RebuildScriptCaches (0ms)
		SetupLoadedEditorAssemblies (276ms)
			LogAssemblyErrors (0ms)
			InitializePlatformSupportModulesInManaged (1ms)
			SetLoadedEditorAssemblies (3ms)
			BeforeProcessingInitializeOnLoad (28ms)
			ProcessInitializeOnLoadAttributes (208ms)
			ProcessInitializeOnLoadMethodAttributes (32ms)
			AfterProcessingInitializeOnLoad (4ms)
			EditorAssembliesLoaded (0ms)
		ExecutionOrderSort2 (0ms)
		AwakeInstancesAfterBackupRestoration (5ms)
Refreshing native plugins compatible for Editor in 0.90 ms, found 4 plugins.
Preloading 0 native plugins for Editor in 0.00 ms.
Unloading 1 Unused Serialized files (Serialized files now loaded: 0)
Unloading 4324 unused Assets / (1.2 MB). Loaded Objects now: 5067.
Memory consumption went from 126.3 MB to 125.1 MB.
Total: 4.555100 ms (FindLiveObjects: 0.249000 ms CreateObjectMapping: 0.181500 ms MarkObjects: 3.380100 ms  DeleteObjects: 0.743800 ms)

Prepare: number of updated asset objects reloaded= 0
========================================================================
Received Prepare
Begin MonoManager ReloadAssembly
- Loaded All Assemblies, in  0.365 seconds
Refreshing native plugins compatible for Editor in 0.56 ms, found 4 plugins.
Native extension for WindowsStandalone target not found
Mono: successfully reloaded assembly
- Finished resetting the current domain, in  0.412 seconds
Domain Reload Profiling: 777ms
	BeginReloadAssembly (115ms)
		ExecutionOrderSort (0ms)
		DisableScriptedObjects (8ms)
		BackupInstance (0ms)
		ReleaseScriptingObjects (0ms)
		CreateAndSetChildDomain (24ms)
	RebuildCommonClasses (21ms)
	RebuildNativeTypeToScriptingClass (8ms)
	initialDomainReloadingComplete (16ms)
	LoadAllAssembliesAndSetupDomain (205ms)
		LoadAssemblies (169ms)
		RebuildTransferFunctionScriptingTraits (0ms)
		AnalyzeDomain (89ms)
			TypeCache.Refresh (4ms)
				TypeCache.ScanAssembly (0ms)
			BuildScriptInfoCaches (80ms)
			ResolveRequiredComponents (3ms)
	FinalizeReload (413ms)
		ReleaseScriptCaches (0ms)
		RebuildScriptCaches (0ms)
		SetupLoadedEditorAssemblies (266ms)
			LogAssemblyErrors (0ms)
			InitializePlatformSupportModulesInManaged (1ms)
			SetLoadedEditorAssemblies (4ms)
			BeforeProcessingInitializeOnLoad (30ms)
			ProcessInitializeOnLoadAttributes (197ms)
			ProcessInitializeOnLoadMethodAttributes (30ms)
			AfterProcessingInitializeOnLoad (4ms)
			EditorAssembliesLoaded (0ms)
		ExecutionOrderSort2 (0ms)
		AwakeInstancesAfterBackupRestoration (5ms)
Refreshing native plugins compatible for Editor in 1.29 ms, found 4 plugins.
Preloading 0 native plugins for Editor in 0.00 ms.
Unloading 1 Unused Serialized files (Serialized files now loaded: 0)
Unloading 4324 unused Assets / (1.1 MB). Loaded Objects now: 5069.
Memory consumption went from 126.3 MB to 125.2 MB.
Total: 4.665900 ms (FindLiveObjects: 0.291800 ms CreateObjectMapping: 0.388500 ms MarkObjects: 3.315600 ms  DeleteObjects: 0.669400 ms)

Prepare: number of updated asset objects reloaded= 0
========================================================================
Received Prepare
Begin MonoManager ReloadAssembly
- Loaded All Assemblies, in  0.654 seconds
Refreshing native plugins compatible for Editor in 1.09 ms, found 4 plugins.
Native extension for WindowsStandalone target not found
Mono: successfully reloaded assembly
- Finished resetting the current domain, in  0.665 seconds
Domain Reload Profiling: 1318ms
	BeginReloadAssembly (191ms)
		ExecutionOrderSort (0ms)
		DisableScriptedObjects (13ms)
		BackupInstance (0ms)
		ReleaseScriptingObjects (0ms)
		CreateAndSetChildDomain (45ms)
	RebuildCommonClasses (36ms)
	RebuildNativeTypeToScriptingClass (13ms)
	initialDomainReloadingComplete (32ms)
	LoadAllAssembliesAndSetupDomain (381ms)
		LoadAssemblies (329ms)
		RebuildTransferFunctionScriptingTraits (0ms)
		AnalyzeDomain (153ms)
			TypeCache.Refresh (9ms)
				TypeCache.ScanAssembly (0ms)
			BuildScriptInfoCaches (135ms)
			ResolveRequiredComponents (5ms)
	FinalizeReload (665ms)
		ReleaseScriptCaches (0ms)
		RebuildScriptCaches (0ms)
		SetupLoadedEditorAssemblies (464ms)
			LogAssemblyErrors (0ms)
			InitializePlatformSupportModulesInManaged (2ms)
			SetLoadedEditorAssemblies (5ms)
			BeforeProcessingInitializeOnLoad (68ms)
			ProcessInitializeOnLoadAttributes (336ms)
			ProcessInitializeOnLoadMethodAttributes (45ms)
			AfterProcessingInitializeOnLoad (7ms)
			EditorAssembliesLoaded (0ms)
		ExecutionOrderSort2 (0ms)
		AwakeInstancesAfterBackupRestoration (6ms)
Refreshing native plugins compatible for Editor in 1.42 ms, found 4 plugins.
Preloading 0 native plugins for Editor in 0.00 ms.
Unloading 1 Unused Serialized files (Serialized files now loaded: 0)
Unloading 4324 unused Assets / (1.1 MB). Loaded Objects now: 5071.
Memory consumption went from 126.3 MB to 125.2 MB.
Total: 6.840300 ms (FindLiveObjects: 0.473500 ms CreateObjectMapping: 0.171300 ms MarkObjects: 5.133600 ms  DeleteObjects: 1.061300 ms)

Prepare: number of updated asset objects reloaded= 0
========================================================================
Received Prepare
Begin MonoManager ReloadAssembly
- Loaded All Assemblies, in  0.365 seconds
Refreshing native plugins compatible for Editor in 0.57 ms, found 4 plugins.
Native extension for WindowsStandalone target not found
Mono: successfully reloaded assembly
- Finished resetting the current domain, in  0.429 seconds
Domain Reload Profiling: 794ms
	BeginReloadAssembly (112ms)
		ExecutionOrderSort (0ms)
		DisableScriptedObjects (7ms)
		BackupInstance (0ms)
		ReleaseScriptingObjects (0ms)
		CreateAndSetChildDomain (26ms)
	RebuildCommonClasses (21ms)
	RebuildNativeTypeToScriptingClass (7ms)
	initialDomainReloadingComplete (16ms)
	LoadAllAssembliesAndSetupDomain (209ms)
		LoadAssemblies (171ms)
		RebuildTransferFunctionScriptingTraits (0ms)
		AnalyzeDomain (91ms)
			TypeCache.Refresh (4ms)
				TypeCache.ScanAssembly (0ms)
			BuildScriptInfoCaches (81ms)
			ResolveRequiredComponents (3ms)
	FinalizeReload (429ms)
		ReleaseScriptCaches (0ms)
		RebuildScriptCaches (0ms)
		SetupLoadedEditorAssemblies (272ms)
			LogAssemblyErrors (0ms)
			InitializePlatformSupportModulesInManaged (1ms)
			SetLoadedEditorAssemblies (3ms)
			BeforeProcessingInitializeOnLoad (30ms)
			ProcessInitializeOnLoadAttributes (201ms)
			ProcessInitializeOnLoadMethodAttributes (31ms)
			AfterProcessingInitializeOnLoad (5ms)
			EditorAssembliesLoaded (0ms)
		ExecutionOrderSort2 (0ms)
		AwakeInstancesAfterBackupRestoration (5ms)
Refreshing native plugins compatible for Editor in 0.85 ms, found 4 plugins.
Preloading 0 native plugins for Editor in 0.00 ms.
Unloading 1 Unused Serialized files (Serialized files now loaded: 0)
Unloading 4324 unused Assets / (1.1 MB). Loaded Objects now: 5073.
Memory consumption went from 126.3 MB to 125.2 MB.
Total: 4.256200 ms (FindLiveObjects: 0.256800 ms CreateObjectMapping: 0.109700 ms MarkObjects: 3.171600 ms  DeleteObjects: 0.717500 ms)

Prepare: number of updated asset objects reloaded= 0
========================================================================
Received Prepare
Begin MonoManager ReloadAssembly
- Loaded All Assemblies, in  0.662 seconds
Refreshing native plugins compatible for Editor in 1.63 ms, found 4 plugins.
Native extension for WindowsStandalone target not found
Mono: successfully reloaded assembly
- Finished resetting the current domain, in  0.676 seconds
Domain Reload Profiling: 1336ms
	BeginReloadAssembly (195ms)
		ExecutionOrderSort (0ms)
		DisableScriptedObjects (14ms)
		BackupInstance (0ms)
		ReleaseScriptingObjects (0ms)
		CreateAndSetChildDomain (44ms)
	RebuildCommonClasses (32ms)
	RebuildNativeTypeToScriptingClass (13ms)
	initialDomainReloadingComplete (29ms)
	LoadAllAssembliesAndSetupDomain (390ms)
		LoadAssemblies (334ms)
		RebuildTransferFunctionScriptingTraits (0ms)
		AnalyzeDomain (154ms)
			TypeCache.Refresh (9ms)
				TypeCache.ScanAssembly (0ms)
			BuildScriptInfoCaches (137ms)
			ResolveRequiredComponents (5ms)
	FinalizeReload (677ms)
		ReleaseScriptCaches (0ms)
		RebuildScriptCaches (0ms)
		SetupLoadedEditorAssemblies (461ms)
			LogAssemblyErrors (0ms)
			InitializePlatformSupportModulesInManaged (3ms)
			SetLoadedEditorAssemblies (5ms)
			BeforeProcessingInitializeOnLoad (69ms)
			ProcessInitializeOnLoadAttributes (330ms)
			ProcessInitializeOnLoadMethodAttributes (48ms)
			AfterProcessingInitializeOnLoad (7ms)
			EditorAssembliesLoaded (0ms)
		ExecutionOrderSort2 (0ms)
		AwakeInstancesAfterBackupRestoration (6ms)
Refreshing native plugins compatible for Editor in 1.59 ms, found 4 plugins.
Preloading 0 native plugins for Editor in 0.00 ms.
Unloading 1 Unused Serialized files (Serialized files now loaded: 0)
Unloading 4324 unused Assets / (359.1 KB). Loaded Objects now: 5075.
Memory consumption went from 126.3 MB to 126.0 MB.
Total: 6.286900 ms (FindLiveObjects: 0.485500 ms CreateObjectMapping: 0.168100 ms MarkObjects: 4.904700 ms  DeleteObjects: 0.728000 ms)

Prepare: number of updated asset objects reloaded= 0
========================================================================
Received Prepare
Begin MonoManager ReloadAssembly
- Loaded All Assemblies, in  0.372 seconds
Refreshing native plugins compatible for Editor in 0.94 ms, found 4 plugins.
Native extension for WindowsStandalone target not found
Mono: successfully reloaded assembly
- Finished resetting the current domain, in  0.476 seconds
Domain Reload Profiling: 848ms
	BeginReloadAssembly (107ms)
		ExecutionOrderSort (0ms)
		DisableScriptedObjects (7ms)
		BackupInstance (0ms)
		ReleaseScriptingObjects (0ms)
		CreateAndSetChildDomain (23ms)
	RebuildCommonClasses (21ms)
	RebuildNativeTypeToScriptingClass (7ms)
	initialDomainReloadingComplete (16ms)
	LoadAllAssembliesAndSetupDomain (219ms)
		LoadAssemblies (172ms)
		RebuildTransferFunctionScriptingTraits (0ms)
		AnalyzeDomain (99ms)
			TypeCache.Refresh (5ms)
				TypeCache.ScanAssembly (0ms)
			BuildScriptInfoCaches (89ms)
			ResolveRequiredComponents (3ms)
	FinalizeReload (476ms)
		ReleaseScriptCaches (0ms)
		RebuildScriptCaches (0ms)
		SetupLoadedEditorAssemblies (311ms)
			LogAssemblyErrors (0ms)
			InitializePlatformSupportModulesInManaged (2ms)
			SetLoadedEditorAssemblies (3ms)
			BeforeProcessingInitializeOnLoad (41ms)
			ProcessInitializeOnLoadAttributes (223ms)
			ProcessInitializeOnLoadMethodAttributes (37ms)
			AfterProcessingInitializeOnLoad (4ms)
			EditorAssembliesLoaded (0ms)
		ExecutionOrderSort2 (0ms)
		AwakeInstancesAfterBackupRestoration (6ms)
Refreshing native plugins compatible for Editor in 1.13 ms, found 4 plugins.
Preloading 0 native plugins for Editor in 0.00 ms.
Unloading 1 Unused Serialized files (Serialized files now loaded: 0)
Unloading 4324 unused Assets / (1.2 MB). Loaded Objects now: 5077.
Memory consumption went from 126.3 MB to 125.2 MB.
Total: 5.626900 ms (FindLiveObjects: 0.252200 ms CreateObjectMapping: 0.131100 ms MarkObjects: 4.507300 ms  DeleteObjects: 0.735600 ms)

Prepare: number of updated asset objects reloaded= 0
========================================================================
Received Prepare
Begin MonoManager ReloadAssembly
- Loaded All Assemblies, in  0.659 seconds
Refreshing native plugins compatible for Editor in 1.62 ms, found 4 plugins.
Native extension for WindowsStandalone target not found
Mono: successfully reloaded assembly
- Finished resetting the current domain, in  0.710 seconds
Domain Reload Profiling: 1368ms
	BeginReloadAssembly (195ms)
		ExecutionOrderSort (0ms)
		DisableScriptedObjects (13ms)
		BackupInstance (0ms)
		ReleaseScriptingObjects (0ms)
		CreateAndSetChildDomain (50ms)
	RebuildCommonClasses (32ms)
	RebuildNativeTypeToScriptingClass (13ms)
	initialDomainReloadingComplete (26ms)
	LoadAllAssembliesAndSetupDomain (392ms)
		LoadAssemblies (331ms)
		RebuildTransferFunctionScriptingTraits (0ms)
		AnalyzeDomain (153ms)
			TypeCache.Refresh (9ms)
				TypeCache.ScanAssembly (0ms)
			BuildScriptInfoCaches (135ms)
			ResolveRequiredComponents (6ms)
	FinalizeReload (710ms)
		ReleaseScriptCaches (0ms)
		RebuildScriptCaches (0ms)
		SetupLoadedEditorAssemblies (484ms)
			LogAssemblyErrors (0ms)
			InitializePlatformSupportModulesInManaged (3ms)
			SetLoadedEditorAssemblies (6ms)
			BeforeProcessingInitializeOnLoad (77ms)
			ProcessInitializeOnLoadAttributes (346ms)
			ProcessInitializeOnLoadMethodAttributes (45ms)
			AfterProcessingInitializeOnLoad (7ms)
			EditorAssembliesLoaded (0ms)
		ExecutionOrderSort2 (0ms)
		AwakeInstancesAfterBackupRestoration (7ms)
Refreshing native plugins compatible for Editor in 1.58 ms, found 4 plugins.
Preloading 0 native plugins for Editor in 0.00 ms.
Unloading 1 Unused Serialized files (Serialized files now loaded: 0)
Unloading 4324 unused Assets / (189.9 KB). Loaded Objects now: 5079.
Memory consumption went from 126.3 MB to 126.2 MB.
Total: 8.358900 ms (FindLiveObjects: 0.456700 ms CreateObjectMapping: 0.171200 ms MarkObjects: 7.034600 ms  DeleteObjects: 0.695500 ms)

Prepare: number of updated asset objects reloaded= 0
========================================================================
Received Prepare
Begin MonoManager ReloadAssembly
- Loaded All Assemblies, in  0.360 seconds
Refreshing native plugins compatible for Editor in 0.57 ms, found 4 plugins.
Native extension for WindowsStandalone target not found
Mono: successfully reloaded assembly
- Finished resetting the current domain, in  0.405 seconds
Domain Reload Profiling: 765ms
	BeginReloadAssembly (107ms)
		ExecutionOrderSort (0ms)
		DisableScriptedObjects (7ms)
		BackupInstance (0ms)
		ReleaseScriptingObjects (0ms)
		CreateAndSetChildDomain (24ms)
	RebuildCommonClasses (21ms)
	RebuildNativeTypeToScriptingClass (8ms)
	initialDomainReloadingComplete (16ms)
	LoadAllAssembliesAndSetupDomain (208ms)
		LoadAssemblies (169ms)
		RebuildTransferFunctionScriptingTraits (0ms)
		AnalyzeDomain (90ms)
			TypeCache.Refresh (4ms)
				TypeCache.ScanAssembly (0ms)
			BuildScriptInfoCaches (80ms)
			ResolveRequiredComponents (3ms)
	FinalizeReload (405ms)
		ReleaseScriptCaches (0ms)
		RebuildScriptCaches (0ms)
		SetupLoadedEditorAssemblies (262ms)
			LogAssemblyErrors (0ms)
			InitializePlatformSupportModulesInManaged (1ms)
			SetLoadedEditorAssemblies (3ms)
			BeforeProcessingInitializeOnLoad (29ms)
			ProcessInitializeOnLoadAttributes (189ms)
			ProcessInitializeOnLoadMethodAttributes (34ms)
			AfterProcessingInitializeOnLoad (4ms)
			EditorAssembliesLoaded (0ms)
		ExecutionOrderSort2 (0ms)
		AwakeInstancesAfterBackupRestoration (4ms)
Refreshing native plugins compatible for Editor in 0.96 ms, found 4 plugins.
Preloading 0 native plugins for Editor in 0.00 ms.
Unloading 1 Unused Serialized files (Serialized files now loaded: 0)
Unloading 4324 unused Assets / (1.1 MB). Loaded Objects now: 5081.
Memory consumption went from 126.3 MB to 125.2 MB.
Total: 4.957800 ms (FindLiveObjects: 0.289100 ms CreateObjectMapping: 0.122700 ms MarkObjects: 3.881400 ms  DeleteObjects: 0.663800 ms)

Prepare: number of updated asset objects reloaded= 0
========================================================================
Received Prepare
Begin MonoManager ReloadAssembly
- Loaded All Assemblies, in  2.114 seconds
Refreshing native plugins compatible for Editor in 0.54 ms, found 4 plugins.
Native extension for WindowsStandalone target not found
Mono: successfully reloaded assembly
- Finished resetting the current domain, in  0.352 seconds
Domain Reload Profiling: 2466ms
	BeginReloadAssembly (289ms)
		ExecutionOrderSort (0ms)
		DisableScriptedObjects (8ms)
		BackupInstance (0ms)
		ReleaseScriptingObjects (0ms)
		CreateAndSetChildDomain (26ms)
	RebuildCommonClasses (99ms)
	RebuildNativeTypeToScriptingClass (8ms)
	initialDomainReloadingComplete (18ms)
	LoadAllAssembliesAndSetupDomain (1699ms)
		LoadAssemblies (1835ms)
		RebuildTransferFunctionScriptingTraits (0ms)
		AnalyzeDomain (93ms)
			TypeCache.Refresh (6ms)
				TypeCache.ScanAssembly (0ms)
			BuildScriptInfoCaches (82ms)
			ResolveRequiredComponents (3ms)
	FinalizeReload (353ms)
		ReleaseScriptCaches (0ms)
		RebuildScriptCaches (0ms)
		SetupLoadedEditorAssemblies (231ms)
			LogAssemblyErrors (0ms)
			InitializePlatformSupportModulesInManaged (1ms)
			SetLoadedEditorAssemblies (3ms)
			BeforeProcessingInitializeOnLoad (28ms)
			ProcessInitializeOnLoadAttributes (172ms)
			ProcessInitializeOnLoadMethodAttributes (23ms)
			AfterProcessingInitializeOnLoad (3ms)
			EditorAssembliesLoaded (0ms)
		ExecutionOrderSort2 (0ms)
		AwakeInstancesAfterBackupRestoration (4ms)
Refreshing native plugins compatible for Editor in 0.75 ms, found 4 plugins.
Preloading 0 native plugins for Editor in 0.00 ms.
Unloading 1 Unused Serialized files (Serialized files now loaded: 0)
Unloading 4324 unused Assets / (1.1 MB). Loaded Objects now: 5083.
Memory consumption went from 126.3 MB to 125.3 MB.
Total: 4.160900 ms (FindLiveObjects: 0.275400 ms CreateObjectMapping: 0.127500 ms MarkObjects: 3.056100 ms  DeleteObjects: 0.701400 ms)

Prepare: number of updated asset objects reloaded= 0
========================================================================
Received Prepare
Begin MonoManager ReloadAssembly
- Loaded All Assemblies, in  0.579 seconds
Refreshing native plugins compatible for Editor in 0.66 ms, found 4 plugins.
Native extension for WindowsStandalone target not found
Mono: successfully reloaded assembly
- Finished resetting the current domain, in  0.372 seconds
Domain Reload Profiling: 949ms
	BeginReloadAssembly (198ms)
		ExecutionOrderSort (0ms)
		DisableScriptedObjects (15ms)
		BackupInstance (0ms)
		ReleaseScriptingObjects (0ms)
		CreateAndSetChildDomain (46ms)
	RebuildCommonClasses (35ms)
	RebuildNativeTypeToScriptingClass (13ms)
	initialDomainReloadingComplete (29ms)
	LoadAllAssembliesAndSetupDomain (302ms)
		LoadAssemblies (312ms)
		RebuildTransferFunctionScriptingTraits (0ms)
		AnalyzeDomain (92ms)
			TypeCache.Refresh (6ms)
				TypeCache.ScanAssembly (0ms)
			BuildScriptInfoCaches (82ms)
			ResolveRequiredComponents (3ms)
	FinalizeReload (372ms)
		ReleaseScriptCaches (0ms)
		RebuildScriptCaches (0ms)
		SetupLoadedEditorAssemblies (242ms)
			LogAssemblyErrors (0ms)
			InitializePlatformSupportModulesInManaged (1ms)
			SetLoadedEditorAssemblies (3ms)
			BeforeProcessingInitializeOnLoad (30ms)
			ProcessInitializeOnLoadAttributes (177ms)
			ProcessInitializeOnLoadMethodAttributes (26ms)
			AfterProcessingInitializeOnLoad (4ms)
			EditorAssembliesLoaded (0ms)
		ExecutionOrderSort2 (0ms)
		AwakeInstancesAfterBackupRestoration (4ms)
Refreshing native plugins compatible for Editor in 0.72 ms, found 4 plugins.
Preloading 0 native plugins for Editor in 0.00 ms.
Unloading 1 Unused Serialized files (Serialized files now loaded: 0)
Unloading 4324 unused Assets / (1.2 MB). Loaded Objects now: 5085.
Memory consumption went from 126.3 MB to 125.1 MB.
Total: 4.111800 ms (FindLiveObjects: 0.277500 ms CreateObjectMapping: 0.112100 ms MarkObjects: 3.031900 ms  DeleteObjects: 0.689600 ms)

Prepare: number of updated asset objects reloaded= 0
========================================================================
Received Import Request.
  Time since last request: 57214.156060 seconds.
  path: Assets/ActivatableButtonSpawner.cs
  artifactKey: Guid(3a43ca04d5ef88f409337570e1653f31) Importer(815301076,1909f56bfc062723c751e8b465ee728b)
Start importing Assets/ActivatableButtonSpawner.cs using Guid(3a43ca04d5ef88f409337570e1653f31) Importer(815301076,1909f56bfc062723c751e8b465ee728b) (PreviewImporter)[PhysX] Initialized MultithreadedTaskDispatcher with 16 workers.
 -> (artifact id: '00000000000000000000000000000000') in 0.0094486 seconds
Import Error Code:(4)
Message: Build asset version error: assets/activatablebuttonspawner.cs in SourceAssetDB has modification time of '2024-08-30T16:46:43.5753739Z' while content on disk has modification time of '2024-08-31T22:16:34.2245Z'
  ERROR: Build asset version error: assets/activatablebuttonspawner.cs in SourceAssetDB has modification time of '2024-08-30T16:46:43.5753739Z' while content on disk has modification time of '2024-08-31T22:16:34.2245Z'
Number of updated asset objects reloaded before import = 0Number of asset objects unloaded after import = 0

========================================================================
Received Import Request.
  Time since last request: 0.000390 seconds.
  path: Assets/ActivatableButtonSpawner.cs
  artifactKey: Guid(3a43ca04d5ef88f409337570e1653f31) Importer(815301076,1909f56bfc062723c751e8b465ee728b)
Start importing Assets/ActivatableButtonSpawner.cs using Guid(3a43ca04d5ef88f409337570e1653f31) Importer(815301076,1909f56bfc062723c751e8b465ee728b) (PreviewImporter)[PhysX] Initialized MultithreadedTaskDispatcher with 16 workers.
 -> (artifact id: '00000000000000000000000000000000') in 0.0003096 seconds
Import Error Code:(4)
Message: Build asset version error: assets/activatablebuttonspawner.cs in SourceAssetDB has modification time of '2024-08-30T16:46:43.5753739Z' while content on disk has modification time of '2024-08-31T22:16:34.2245Z'
  ERROR: Build asset version error: assets/activatablebuttonspawner.cs in SourceAssetDB has modification time of '2024-08-30T16:46:43.5753739Z' while content on disk has modification time of '2024-08-31T22:16:34.2245Z'
Number of updated asset objects reloaded before import = 0Number of asset objects unloaded after import = 0

========================================================================
Received Import Request.
  Time since last request: 0.013046 seconds.
  path: Assets/ActivatableButtonSpawner.cs
  artifactKey: Guid(3a43ca04d5ef88f409337570e1653f31) Importer(815301076,1909f56bfc062723c751e8b465ee728b)
Start importing Assets/ActivatableButtonSpawner.cs using Guid(3a43ca04d5ef88f409337570e1653f31) Importer(815301076,1909f56bfc062723c751e8b465ee728b) (PreviewImporter)[PhysX] Initialized MultithreadedTaskDispatcher with 16 workers.
 -> (artifact id: '00000000000000000000000000000000') in 0.000314 seconds
Import Error Code:(4)
Message: Build asset version error: assets/activatablebuttonspawner.cs in SourceAssetDB has modification time of '2024-08-30T16:46:43.5753739Z' while content on disk has modification time of '2024-08-31T22:16:34.2245Z'
  ERROR: Build asset version error: assets/activatablebuttonspawner.cs in SourceAssetDB has modification time of '2024-08-30T16:46:43.5753739Z' while content on disk has modification time of '2024-08-31T22:16:34.2245Z'
Number of updated asset objects reloaded before import = 0Number of asset objects unloaded after import = 0

========================================================================
Received Import Request.
  Time since last request: 0.003534 seconds.
  path: Assets/ActivatableButtonSpawner.cs
  artifactKey: Guid(3a43ca04d5ef88f409337570e1653f31) Importer(815301076,1909f56bfc062723c751e8b465ee728b)
Start importing Assets/ActivatableButtonSpawner.cs using Guid(3a43ca04d5ef88f409337570e1653f31) Importer(815301076,1909f56bfc062723c751e8b465ee728b) (PreviewImporter)[PhysX] Initialized MultithreadedTaskDispatcher with 16 workers.
 -> (artifact id: '00000000000000000000000000000000') in 0.000267 seconds
Import Error Code:(4)
Message: Build asset version error: assets/activatablebuttonspawner.cs in SourceAssetDB has modification time of '2024-08-30T16:46:43.5753739Z' while content on disk has modification time of '2024-08-31T22:16:34.2245Z'
  ERROR: Build asset version error: assets/activatablebuttonspawner.cs in SourceAssetDB has modification time of '2024-08-30T16:46:43.5753739Z' while content on disk has modification time of '2024-08-31T22:16:34.2245Z'
Number of updated asset objects reloaded before import = 0Number of asset objects unloaded after import = 0

========================================================================
Received Import Request.
  Time since last request: 0.003889 seconds.
  path: Assets/ActivatableButtonSpawner.cs
  artifactKey: Guid(3a43ca04d5ef88f409337570e1653f31) Importer(815301076,1909f56bfc062723c751e8b465ee728b)
Start importing Assets/ActivatableButtonSpawner.cs using Guid(3a43ca04d5ef88f409337570e1653f31) Importer(815301076,1909f56bfc062723c751e8b465ee728b) (PreviewImporter)[PhysX] Initialized MultithreadedTaskDispatcher with 16 workers.
 -> (artifact id: '00000000000000000000000000000000') in 0.0002869 seconds
Import Error Code:(4)
Message: Build asset version error: assets/activatablebuttonspawner.cs in SourceAssetDB has modification time of '2024-08-30T16:46:43.5753739Z' while content on disk has modification time of '2024-08-31T22:16:34.2245Z'
  ERROR: Build asset version error: assets/activatablebuttonspawner.cs in SourceAssetDB has modification time of '2024-08-30T16:46:43.5753739Z' while content on disk has modification time of '2024-08-31T22:16:34.2245Z'
Number of updated asset objects reloaded before import = 0Number of asset objects unloaded after import = 0

========================================================================
Received Import Request.
  Time since last request: 0.003426 seconds.
  path: Assets/ActivatableButtonSpawner.cs
  artifactKey: Guid(3a43ca04d5ef88f409337570e1653f31) Importer(815301076,1909f56bfc062723c751e8b465ee728b)
Start importing Assets/ActivatableButtonSpawner.cs using Guid(3a43ca04d5ef88f409337570e1653f31) Importer(815301076,1909f56bfc062723c751e8b465ee728b) (PreviewImporter)[PhysX] Initialized MultithreadedTaskDispatcher with 16 workers.
 -> (artifact id: '00000000000000000000000000000000') in 0.0002264 seconds
Import Error Code:(4)
Message: Build asset version error: assets/activatablebuttonspawner.cs in SourceAssetDB has modification time of '2024-08-30T16:46:43.5753739Z' while content on disk has modification time of '2024-08-31T22:16:34.2245Z'
  ERROR: Build asset version error: assets/activatablebuttonspawner.cs in SourceAssetDB has modification time of '2024-08-30T16:46:43.5753739Z' while content on disk has modification time of '2024-08-31T22:16:34.2245Z'
Number of updated asset objects reloaded before import = 0Number of asset objects unloaded after import = 0

========================================================================
Received Import Request.
  Time since last request: 0.003643 seconds.
  path: Assets/ActivatableButtonSpawner.cs
  artifactKey: Guid(3a43ca04d5ef88f409337570e1653f31) Importer(815301076,1909f56bfc062723c751e8b465ee728b)
Start importing Assets/ActivatableButtonSpawner.cs using Guid(3a43ca04d5ef88f409337570e1653f31) Importer(815301076,1909f56bfc062723c751e8b465ee728b) (PreviewImporter)[PhysX] Initialized MultithreadedTaskDispatcher with 16 workers.
 -> (artifact id: '00000000000000000000000000000000') in 0.0002198 seconds
Import Error Code:(4)
Message: Build asset version error: assets/activatablebuttonspawner.cs in SourceAssetDB has modification time of '2024-08-30T16:46:43.5753739Z' while content on disk has modification time of '2024-08-31T22:16:34.2245Z'
  ERROR: Build asset version error: assets/activatablebuttonspawner.cs in SourceAssetDB has modification time of '2024-08-30T16:46:43.5753739Z' while content on disk has modification time of '2024-08-31T22:16:34.2245Z'
Number of updated asset objects reloaded before import = 0Number of asset objects unloaded after import = 0

========================================================================
Received Import Request.
  Time since last request: 0.003434 seconds.
  path: Assets/ActivatableButtonSpawner.cs
  artifactKey: Guid(3a43ca04d5ef88f409337570e1653f31) Importer(815301076,1909f56bfc062723c751e8b465ee728b)
Start importing Assets/ActivatableButtonSpawner.cs using Guid(3a43ca04d5ef88f409337570e1653f31) Importer(815301076,1909f56bfc062723c751e8b465ee728b) (PreviewImporter)[PhysX] Initialized MultithreadedTaskDispatcher with 16 workers.
 -> (artifact id: '00000000000000000000000000000000') in 0.0002388 seconds
Import Error Code:(4)
Message: Build asset version error: assets/activatablebuttonspawner.cs in SourceAssetDB has modification time of '2024-08-30T16:46:43.5753739Z' while content on disk has modification time of '2024-08-31T22:16:34.2245Z'
  ERROR: Build asset version error: assets/activatablebuttonspawner.cs in SourceAssetDB has modification time of '2024-08-30T16:46:43.5753739Z' while content on disk has modification time of '2024-08-31T22:16:34.2245Z'
Number of updated asset objects reloaded before import = 0Number of asset objects unloaded after import = 0

========================================================================
Received Import Request.
  Time since last request: 0.003697 seconds.
  path: Assets/ActivatableButtonSpawner.cs
  artifactKey: Guid(3a43ca04d5ef88f409337570e1653f31) Importer(815301076,1909f56bfc062723c751e8b465ee728b)
Start importing Assets/ActivatableButtonSpawner.cs using Guid(3a43ca04d5ef88f409337570e1653f31) Importer(815301076,1909f56bfc062723c751e8b465ee728b) (PreviewImporter)[PhysX] Initialized MultithreadedTaskDispatcher with 16 workers.
 -> (artifact id: '00000000000000000000000000000000') in 0.0002652 seconds
Import Error Code:(4)
Message: Build asset version error: assets/activatablebuttonspawner.cs in SourceAssetDB has modification time of '2024-08-30T16:46:43.5753739Z' while content on disk has modification time of '2024-08-31T22:16:34.2245Z'
  ERROR: Build asset version error: assets/activatablebuttonspawner.cs in SourceAssetDB has modification time of '2024-08-30T16:46:43.5753739Z' while content on disk has modification time of '2024-08-31T22:16:34.2245Z'
Number of updated asset objects reloaded before import = 0Number of asset objects unloaded after import = 0

========================================================================
Received Import Request.
  Time since last request: 0.003678 seconds.
  path: Assets/ActivatableButtonSpawner.cs
  artifactKey: Guid(3a43ca04d5ef88f409337570e1653f31) Importer(815301076,1909f56bfc062723c751e8b465ee728b)
Start importing Assets/ActivatableButtonSpawner.cs using Guid(3a43ca04d5ef88f409337570e1653f31) Importer(815301076,1909f56bfc062723c751e8b465ee728b) (PreviewImporter)[PhysX] Initialized MultithreadedTaskDispatcher with 16 workers.
 -> (artifact id: '00000000000000000000000000000000') in 0.0002344 seconds
Import Error Code:(4)
Message: Build asset version error: assets/activatablebuttonspawner.cs in SourceAssetDB has modification time of '2024-08-30T16:46:43.5753739Z' while content on disk has modification time of '2024-08-31T22:16:34.2245Z'
  ERROR: Build asset version error: assets/activatablebuttonspawner.cs in SourceAssetDB has modification time of '2024-08-30T16:46:43.5753739Z' while content on disk has modification time of '2024-08-31T22:16:34.2245Z'
Number of updated asset objects reloaded before import = 0Number of asset objects unloaded after import = 0

========================================================================
Received Import Request.
  Time since last request: 0.003530 seconds.
  path: Assets/ActivatableButtonSpawner.cs
  artifactKey: Guid(3a43ca04d5ef88f409337570e1653f31) Importer(815301076,1909f56bfc062723c751e8b465ee728b)
Start importing Assets/ActivatableButtonSpawner.cs using Guid(3a43ca04d5ef88f409337570e1653f31) Importer(815301076,1909f56bfc062723c751e8b465ee728b) (PreviewImporter)[PhysX] Initialized MultithreadedTaskDispatcher with 16 workers.
 -> (artifact id: '00000000000000000000000000000000') in 0.0002221 seconds
Import Error Code:(4)
Message: Build asset version error: assets/activatablebuttonspawner.cs in SourceAssetDB has modification time of '2024-08-30T16:46:43.5753739Z' while content on disk has modification time of '2024-08-31T22:16:34.2245Z'
  ERROR: Build asset version error: assets/activatablebuttonspawner.cs in SourceAssetDB has modification time of '2024-08-30T16:46:43.5753739Z' while content on disk has modification time of '2024-08-31T22:16:34.2245Z'
Number of updated asset objects reloaded before import = 0Number of asset objects unloaded after import = 0

========================================================================
Received Import Request.
  Time since last request: 0.003598 seconds.
  path: Assets/ActivatableButtonSpawner.cs
  artifactKey: Guid(3a43ca04d5ef88f409337570e1653f31) Importer(815301076,1909f56bfc062723c751e8b465ee728b)
Start importing Assets/ActivatableButtonSpawner.cs using Guid(3a43ca04d5ef88f409337570e1653f31) Importer(815301076,1909f56bfc062723c751e8b465ee728b) (PreviewImporter)[PhysX] Initialized MultithreadedTaskDispatcher with 16 workers.
 -> (artifact id: '00000000000000000000000000000000') in 0.0002433 seconds
Import Error Code:(4)
Message: Build asset version error: assets/activatablebuttonspawner.cs in SourceAssetDB has modification time of '2024-08-30T16:46:43.5753739Z' while content on disk has modification time of '2024-08-31T22:16:34.2245Z'
  ERROR: Build asset version error: assets/activatablebuttonspawner.cs in SourceAssetDB has modification time of '2024-08-30T16:46:43.5753739Z' while content on disk has modification time of '2024-08-31T22:16:34.2245Z'
Number of updated asset objects reloaded before import = 0Number of asset objects unloaded after import = 0

========================================================================
Received Import Request.
  Time since last request: 0.003888 seconds.
  path: Assets/ActivatableButtonSpawner.cs
  artifactKey: Guid(3a43ca04d5ef88f409337570e1653f31) Importer(815301076,1909f56bfc062723c751e8b465ee728b)
Start importing Assets/ActivatableButtonSpawner.cs using Guid(3a43ca04d5ef88f409337570e1653f31) Importer(815301076,1909f56bfc062723c751e8b465ee728b) (PreviewImporter)[PhysX] Initialized MultithreadedTaskDispatcher with 16 workers.
 -> (artifact id: '00000000000000000000000000000000') in 0.0002583 seconds
Import Error Code:(4)
Message: Build asset version error: assets/activatablebuttonspawner.cs in SourceAssetDB has modification time of '2024-08-30T16:46:43.5753739Z' while content on disk has modification time of '2024-08-31T22:16:34.2245Z'
  ERROR: Build asset version error: assets/activatablebuttonspawner.cs in SourceAssetDB has modification time of '2024-08-30T16:46:43.5753739Z' while content on disk has modification time of '2024-08-31T22:16:34.2245Z'
Number of updated asset objects reloaded before import = 0Number of asset objects unloaded after import = 0

========================================================================
Received Import Request.
  Time since last request: 0.003700 seconds.
  path: Assets/ActivatableButtonSpawner.cs
  artifactKey: Guid(3a43ca04d5ef88f409337570e1653f31) Importer(815301076,1909f56bfc062723c751e8b465ee728b)
Start importing Assets/ActivatableButtonSpawner.cs using Guid(3a43ca04d5ef88f409337570e1653f31) Importer(815301076,1909f56bfc062723c751e8b465ee728b) (PreviewImporter)[PhysX] Initialized MultithreadedTaskDispatcher with 16 workers.
 -> (artifact id: '00000000000000000000000000000000') in 0.0002307 seconds
Import Error Code:(4)
Message: Build asset version error: assets/activatablebuttonspawner.cs in SourceAssetDB has modification time of '2024-08-30T16:46:43.5753739Z' while content on disk has modification time of '2024-08-31T22:16:34.2245Z'
  ERROR: Build asset version error: assets/activatablebuttonspawner.cs in SourceAssetDB has modification time of '2024-08-30T16:46:43.5753739Z' while content on disk has modification time of '2024-08-31T22:16:34.2245Z'
Number of updated asset objects reloaded before import = 0Number of asset objects unloaded after import = 0

========================================================================
Received Import Request.
  Time since last request: 0.003422 seconds.
  path: Assets/ActivatableButtonSpawner.cs
  artifactKey: Guid(3a43ca04d5ef88f409337570e1653f31) Importer(815301076,1909f56bfc062723c751e8b465ee728b)
Start importing Assets/ActivatableButtonSpawner.cs using Guid(3a43ca04d5ef88f409337570e1653f31) Importer(815301076,1909f56bfc062723c751e8b465ee728b) (PreviewImporter)[PhysX] Initialized MultithreadedTaskDispatcher with 16 workers.
 -> (artifact id: '00000000000000000000000000000000') in 0.000221 seconds
Import Error Code:(4)
Message: Build asset version error: assets/activatablebuttonspawner.cs in SourceAssetDB has modification time of '2024-08-30T16:46:43.5753739Z' while content on disk has modification time of '2024-08-31T22:16:34.2245Z'
  ERROR: Build asset version error: assets/activatablebuttonspawner.cs in SourceAssetDB has modification time of '2024-08-30T16:46:43.5753739Z' while content on disk has modification time of '2024-08-31T22:16:34.2245Z'
Number of updated asset objects reloaded before import = 0Number of asset objects unloaded after import = 0

========================================================================
Received Import Request.
  Time since last request: 0.003465 seconds.
  path: Assets/ActivatableButtonSpawner.cs
  artifactKey: Guid(3a43ca04d5ef88f409337570e1653f31) Importer(815301076,1909f56bfc062723c751e8b465ee728b)
Start importing Assets/ActivatableButtonSpawner.cs using Guid(3a43ca04d5ef88f409337570e1653f31) Importer(815301076,1909f56bfc062723c751e8b465ee728b) (PreviewImporter)[PhysX] Initialized MultithreadedTaskDispatcher with 16 workers.
 -> (artifact id: '00000000000000000000000000000000') in 0.0002374 seconds
Import Error Code:(4)
Message: Build asset version error: assets/activatablebuttonspawner.cs in SourceAssetDB has modification time of '2024-08-30T16:46:43.5753739Z' while content on disk has modification time of '2024-08-31T22:16:34.2245Z'
  ERROR: Build asset version error: assets/activatablebuttonspawner.cs in SourceAssetDB has modification time of '2024-08-30T16:46:43.5753739Z' while content on disk has modification time of '2024-08-31T22:16:34.2245Z'
Number of updated asset objects reloaded before import = 0Number of asset objects unloaded after import = 0

========================================================================
Received Import Request.
  Time since last request: 0.003551 seconds.
  path: Assets/ActivatableButtonSpawner.cs
  artifactKey: Guid(3a43ca04d5ef88f409337570e1653f31) Importer(815301076,1909f56bfc062723c751e8b465ee728b)
Start importing Assets/ActivatableButtonSpawner.cs using Guid(3a43ca04d5ef88f409337570e1653f31) Importer(815301076,1909f56bfc062723c751e8b465ee728b) (PreviewImporter)[PhysX] Initialized MultithreadedTaskDispatcher with 16 workers.
 -> (artifact id: '00000000000000000000000000000000') in 0.000277 seconds
Import Error Code:(4)
Message: Build asset version error: assets/activatablebuttonspawner.cs in SourceAssetDB has modification time of '2024-08-30T16:46:43.5753739Z' while content on disk has modification time of '2024-08-31T22:16:34.2245Z'
  ERROR: Build asset version error: assets/activatablebuttonspawner.cs in SourceAssetDB has modification time of '2024-08-30T16:46:43.5753739Z' while content on disk has modification time of '2024-08-31T22:16:34.2245Z'
Number of updated asset objects reloaded before import = 0Number of asset objects unloaded after import = 0

========================================================================
Received Import Request.
  Time since last request: 0.003475 seconds.
  path: Assets/ActivatableButtonSpawner.cs
  artifactKey: Guid(3a43ca04d5ef88f409337570e1653f31) Importer(815301076,1909f56bfc062723c751e8b465ee728b)
Start importing Assets/ActivatableButtonSpawner.cs using Guid(3a43ca04d5ef88f409337570e1653f31) Importer(815301076,1909f56bfc062723c751e8b465ee728b) (PreviewImporter)[PhysX] Initialized MultithreadedTaskDispatcher with 16 workers.
 -> (artifact id: '00000000000000000000000000000000') in 0.0002336 seconds
Import Error Code:(4)
Message: Build asset version error: assets/activatablebuttonspawner.cs in SourceAssetDB has modification time of '2024-08-30T16:46:43.5753739Z' while content on disk has modification time of '2024-08-31T22:16:34.2245Z'
  ERROR: Build asset version error: assets/activatablebuttonspawner.cs in SourceAssetDB has modification time of '2024-08-30T16:46:43.5753739Z' while content on disk has modification time of '2024-08-31T22:16:34.2245Z'
Number of updated asset objects reloaded before import = 0Number of asset objects unloaded after import = 0

========================================================================
Received Import Request.
  Time since last request: 0.003396 seconds.
  path: Assets/ActivatableButtonSpawner.cs
  artifactKey: Guid(3a43ca04d5ef88f409337570e1653f31) Importer(815301076,1909f56bfc062723c751e8b465ee728b)
Start importing Assets/ActivatableButtonSpawner.cs using Guid(3a43ca04d5ef88f409337570e1653f31) Importer(815301076,1909f56bfc062723c751e8b465ee728b) (PreviewImporter)[PhysX] Initialized MultithreadedTaskDispatcher with 16 workers.
 -> (artifact id: '00000000000000000000000000000000') in 0.0002346 seconds
Import Error Code:(4)
Message: Build asset version error: assets/activatablebuttonspawner.cs in SourceAssetDB has modification time of '2024-08-30T16:46:43.5753739Z' while content on disk has modification time of '2024-08-31T22:16:34.2245Z'
  ERROR: Build asset version error: assets/activatablebuttonspawner.cs in SourceAssetDB has modification time of '2024-08-30T16:46:43.5753739Z' while content on disk has modification time of '2024-08-31T22:16:34.2245Z'
Number of updated asset objects reloaded before import = 0Number of asset objects unloaded after import = 0

========================================================================
Received Import Request.
  Time since last request: 0.003398 seconds.
  path: Assets/ActivatableButtonSpawner.cs
  artifactKey: Guid(3a43ca04d5ef88f409337570e1653f31) Importer(815301076,1909f56bfc062723c751e8b465ee728b)
Start importing Assets/ActivatableButtonSpawner.cs using Guid(3a43ca04d5ef88f409337570e1653f31) Importer(815301076,1909f56bfc062723c751e8b465ee728b) (PreviewImporter)[PhysX] Initialized MultithreadedTaskDispatcher with 16 workers.
 -> (artifact id: '00000000000000000000000000000000') in 0.0002146 seconds
Import Error Code:(4)
Message: Build asset version error: assets/activatablebuttonspawner.cs in SourceAssetDB has modification time of '2024-08-30T16:46:43.5753739Z' while content on disk has modification time of '2024-08-31T22:16:34.2245Z'
  ERROR: Build asset version error: assets/activatablebuttonspawner.cs in SourceAssetDB has modification time of '2024-08-30T16:46:43.5753739Z' while content on disk has modification time of '2024-08-31T22:16:34.2245Z'
Number of updated asset objects reloaded before import = 0Number of asset objects unloaded after import = 0

========================================================================
Received Import Request.
  Time since last request: 0.004631 seconds.
  path: Assets/ActivatableButtonSpawner.cs
  artifactKey: Guid(3a43ca04d5ef88f409337570e1653f31) Importer(815301076,1909f56bfc062723c751e8b465ee728b)
Start importing Assets/ActivatableButtonSpawner.cs using Guid(3a43ca04d5ef88f409337570e1653f31) Importer(815301076,1909f56bfc062723c751e8b465ee728b) (PreviewImporter)[PhysX] Initialized MultithreadedTaskDispatcher with 16 workers.
 -> (artifact id: '00000000000000000000000000000000') in 0.0002863 seconds
Import Error Code:(4)
Message: Build asset version error: assets/activatablebuttonspawner.cs in SourceAssetDB has modification time of '2024-08-30T16:46:43.5753739Z' while content on disk has modification time of '2024-08-31T22:16:34.2245Z'
  ERROR: Build asset version error: assets/activatablebuttonspawner.cs in SourceAssetDB has modification time of '2024-08-30T16:46:43.5753739Z' while content on disk has modification time of '2024-08-31T22:16:34.2245Z'
Number of updated asset objects reloaded before import = 0Number of asset objects unloaded after import = 0

========================================================================
Received Import Request.
  Time since last request: 0.003595 seconds.
  path: Assets/ActivatableButtonSpawner.cs
  artifactKey: Guid(3a43ca04d5ef88f409337570e1653f31) Importer(815301076,1909f56bfc062723c751e8b465ee728b)
Start importing Assets/ActivatableButtonSpawner.cs using Guid(3a43ca04d5ef88f409337570e1653f31) Importer(815301076,1909f56bfc062723c751e8b465ee728b) (PreviewImporter)[PhysX] Initialized MultithreadedTaskDispatcher with 16 workers.
 -> (artifact id: '00000000000000000000000000000000') in 0.0002267 seconds
Import Error Code:(4)
Message: Build asset version error: assets/activatablebuttonspawner.cs in SourceAssetDB has modification time of '2024-08-30T16:46:43.5753739Z' while content on disk has modification time of '2024-08-31T22:16:34.2245Z'
  ERROR: Build asset version error: assets/activatablebuttonspawner.cs in SourceAssetDB has modification time of '2024-08-30T16:46:43.5753739Z' while content on disk has modification time of '2024-08-31T22:16:34.2245Z'
Number of updated asset objects reloaded before import = 0Number of asset objects unloaded after import = 0

========================================================================
Received Import Request.
  Time since last request: 0.003416 seconds.
  path: Assets/ActivatableButtonSpawner.cs
  artifactKey: Guid(3a43ca04d5ef88f409337570e1653f31) Importer(815301076,1909f56bfc062723c751e8b465ee728b)
Start importing Assets/ActivatableButtonSpawner.cs using Guid(3a43ca04d5ef88f409337570e1653f31) Importer(815301076,1909f56bfc062723c751e8b465ee728b) (PreviewImporter)[PhysX] Initialized MultithreadedTaskDispatcher with 16 workers.
 -> (artifact id: '00000000000000000000000000000000') in 0.0002181 seconds
Import Error Code:(4)
Message: Build asset version error: assets/activatablebuttonspawner.cs in SourceAssetDB has modification time of '2024-08-30T16:46:43.5753739Z' while content on disk has modification time of '2024-08-31T22:16:34.2245Z'
  ERROR: Build asset version error: assets/activatablebuttonspawner.cs in SourceAssetDB has modification time of '2024-08-30T16:46:43.5753739Z' while content on disk has modification time of '2024-08-31T22:16:34.2245Z'
Number of updated asset objects reloaded before import = 0Number of asset objects unloaded after import = 0

========================================================================
Received Import Request.
  Time since last request: 0.003893 seconds.
  path: Assets/ActivatableButtonSpawner.cs
  artifactKey: Guid(3a43ca04d5ef88f409337570e1653f31) Importer(815301076,1909f56bfc062723c751e8b465ee728b)
Start importing Assets/ActivatableButtonSpawner.cs using Guid(3a43ca04d5ef88f409337570e1653f31) Importer(815301076,1909f56bfc062723c751e8b465ee728b) (PreviewImporter)[PhysX] Initialized MultithreadedTaskDispatcher with 16 workers.
 -> (artifact id: '00000000000000000000000000000000') in 0.0002405 seconds
Import Error Code:(4)
Message: Build asset version error: assets/activatablebuttonspawner.cs in SourceAssetDB has modification time of '2024-08-30T16:46:43.5753739Z' while content on disk has modification time of '2024-08-31T22:16:34.2245Z'
  ERROR: Build asset version error: assets/activatablebuttonspawner.cs in SourceAssetDB has modification time of '2024-08-30T16:46:43.5753739Z' while content on disk has modification time of '2024-08-31T22:16:34.2245Z'
Number of updated asset objects reloaded before import = 0Number of asset objects unloaded after import = 0

========================================================================
Received Import Request.
  Time since last request: 0.003563 seconds.
  path: Assets/ActivatableButtonSpawner.cs
  artifactKey: Guid(3a43ca04d5ef88f409337570e1653f31) Importer(815301076,1909f56bfc062723c751e8b465ee728b)
Start importing Assets/ActivatableButtonSpawner.cs using Guid(3a43ca04d5ef88f409337570e1653f31) Importer(815301076,1909f56bfc062723c751e8b465ee728b) (PreviewImporter)[PhysX] Initialized MultithreadedTaskDispatcher with 16 workers.
 -> (artifact id: '00000000000000000000000000000000') in 0.0003068 seconds
Import Error Code:(4)
Message: Build asset version error: assets/activatablebuttonspawner.cs in SourceAssetDB has modification time of '2024-08-30T16:46:43.5753739Z' while content on disk has modification time of '2024-08-31T22:16:34.2245Z'
  ERROR: Build asset version error: assets/activatablebuttonspawner.cs in SourceAssetDB has modification time of '2024-08-30T16:46:43.5753739Z' while content on disk has modification time of '2024-08-31T22:16:34.2245Z'
Number of updated asset objects reloaded before import = 0Number of asset objects unloaded after import = 0

========================================================================
Received Import Request.
  Time since last request: 0.003465 seconds.
  path: Assets/ActivatableButtonSpawner.cs
  artifactKey: Guid(3a43ca04d5ef88f409337570e1653f31) Importer(815301076,1909f56bfc062723c751e8b465ee728b)
Start importing Assets/ActivatableButtonSpawner.cs using Guid(3a43ca04d5ef88f409337570e1653f31) Importer(815301076,1909f56bfc062723c751e8b465ee728b) (PreviewImporter)[PhysX] Initialized MultithreadedTaskDispatcher with 16 workers.
 -> (artifact id: '00000000000000000000000000000000') in 0.000246 seconds
Import Error Code:(4)
Message: Build asset version error: assets/activatablebuttonspawner.cs in SourceAssetDB has modification time of '2024-08-30T16:46:43.5753739Z' while content on disk has modification time of '2024-08-31T22:16:34.2245Z'
  ERROR: Build asset version error: assets/activatablebuttonspawner.cs in SourceAssetDB has modification time of '2024-08-30T16:46:43.5753739Z' while content on disk has modification time of '2024-08-31T22:16:34.2245Z'
Number of updated asset objects reloaded before import = 0Number of asset objects unloaded after import = 0

========================================================================
Received Import Request.
  Time since last request: 0.003525 seconds.
  path: Assets/ActivatableButtonSpawner.cs
  artifactKey: Guid(3a43ca04d5ef88f409337570e1653f31) Importer(815301076,1909f56bfc062723c751e8b465ee728b)
Start importing Assets/ActivatableButtonSpawner.cs using Guid(3a43ca04d5ef88f409337570e1653f31) Importer(815301076,1909f56bfc062723c751e8b465ee728b) (PreviewImporter)[PhysX] Initialized MultithreadedTaskDispatcher with 16 workers.
 -> (artifact id: '00000000000000000000000000000000') in 0.0002185 seconds
Import Error Code:(4)
Message: Build asset version error: assets/activatablebuttonspawner.cs in SourceAssetDB has modification time of '2024-08-30T16:46:43.5753739Z' while content on disk has modification time of '2024-08-31T22:16:34.2245Z'
  ERROR: Build asset version error: assets/activatablebuttonspawner.cs in SourceAssetDB has modification time of '2024-08-30T16:46:43.5753739Z' while content on disk has modification time of '2024-08-31T22:16:34.2245Z'
Number of updated asset objects reloaded before import = 0Number of asset objects unloaded after import = 0

========================================================================
Received Import Request.
  Time since last request: 0.003725 seconds.
  path: Assets/ActivatableButtonSpawner.cs
  artifactKey: Guid(3a43ca04d5ef88f409337570e1653f31) Importer(815301076,1909f56bfc062723c751e8b465ee728b)
Start importing Assets/ActivatableButtonSpawner.cs using Guid(3a43ca04d5ef88f409337570e1653f31) Importer(815301076,1909f56bfc062723c751e8b465ee728b) (PreviewImporter)[PhysX] Initialized MultithreadedTaskDispatcher with 16 workers.
 -> (artifact id: '00000000000000000000000000000000') in 0.0002373 seconds
Import Error Code:(4)
Message: Build asset version error: assets/activatablebuttonspawner.cs in SourceAssetDB has modification time of '2024-08-30T16:46:43.5753739Z' while content on disk has modification time of '2024-08-31T22:16:34.2245Z'
  ERROR: Build asset version error: assets/activatablebuttonspawner.cs in SourceAssetDB has modification time of '2024-08-30T16:46:43.5753739Z' while content on disk has modification time of '2024-08-31T22:16:34.2245Z'
Number of updated asset objects reloaded before import = 0Number of asset objects unloaded after import = 0

========================================================================
Received Import Request.
  Time since last request: 0.003589 seconds.
  path: Assets/ActivatableButtonSpawner.cs
  artifactKey: Guid(3a43ca04d5ef88f409337570e1653f31) Importer(815301076,1909f56bfc062723c751e8b465ee728b)
Start importing Assets/ActivatableButtonSpawner.cs using Guid(3a43ca04d5ef88f409337570e1653f31) Importer(815301076,1909f56bfc062723c751e8b465ee728b) (PreviewImporter)[PhysX] Initialized MultithreadedTaskDispatcher with 16 workers.
 -> (artifact id: '00000000000000000000000000000000') in 0.0002369 seconds
Import Error Code:(4)
Message: Build asset version error: assets/activatablebuttonspawner.cs in SourceAssetDB has modification time of '2024-08-30T16:46:43.5753739Z' while content on disk has modification time of '2024-08-31T22:16:34.2245Z'
  ERROR: Build asset version error: assets/activatablebuttonspawner.cs in SourceAssetDB has modification time of '2024-08-30T16:46:43.5753739Z' while content on disk has modification time of '2024-08-31T22:16:34.2245Z'
Number of updated asset objects reloaded before import = 0Number of asset objects unloaded after import = 0

========================================================================
Received Import Request.
  Time since last request: 0.003577 seconds.
  path: Assets/ActivatableButtonSpawner.cs
  artifactKey: Guid(3a43ca04d5ef88f409337570e1653f31) Importer(815301076,1909f56bfc062723c751e8b465ee728b)
Start importing Assets/ActivatableButtonSpawner.cs using Guid(3a43ca04d5ef88f409337570e1653f31) Importer(815301076,1909f56bfc062723c751e8b465ee728b) (PreviewImporter)[PhysX] Initialized MultithreadedTaskDispatcher with 16 workers.
 -> (artifact id: '00000000000000000000000000000000') in 0.0002227 seconds
Import Error Code:(4)
Message: Build asset version error: assets/activatablebuttonspawner.cs in SourceAssetDB has modification time of '2024-08-30T16:46:43.5753739Z' while content on disk has modification time of '2024-08-31T22:16:34.2245Z'
  ERROR: Build asset version error: assets/activatablebuttonspawner.cs in SourceAssetDB has modification time of '2024-08-30T16:46:43.5753739Z' while content on disk has modification time of '2024-08-31T22:16:34.2245Z'
Number of updated asset objects reloaded before import = 0Number of asset objects unloaded after import = 0

========================================================================
Received Import Request.
  Time since last request: 0.003494 seconds.
  path: Assets/ActivatableButtonSpawner.cs
  artifactKey: Guid(3a43ca04d5ef88f409337570e1653f31) Importer(815301076,1909f56bfc062723c751e8b465ee728b)
Start importing Assets/ActivatableButtonSpawner.cs using Guid(3a43ca04d5ef88f409337570e1653f31) Importer(815301076,1909f56bfc062723c751e8b465ee728b) (PreviewImporter)[PhysX] Initialized MultithreadedTaskDispatcher with 16 workers.
 -> (artifact id: '00000000000000000000000000000000') in 0.0002186 seconds
Import Error Code:(4)
Message: Build asset version error: assets/activatablebuttonspawner.cs in SourceAssetDB has modification time of '2024-08-30T16:46:43.5753739Z' while content on disk has modification time of '2024-08-31T22:16:34.2245Z'
  ERROR: Build asset version error: assets/activatablebuttonspawner.cs in SourceAssetDB has modification time of '2024-08-30T16:46:43.5753739Z' while content on disk has modification time of '2024-08-31T22:16:34.2245Z'
Number of updated asset objects reloaded before import = 0Number of asset objects unloaded after import = 0

========================================================================
Received Import Request.
  Time since last request: 0.004030 seconds.
  path: Assets/ActivatableButtonSpawner.cs
  artifactKey: Guid(3a43ca04d5ef88f409337570e1653f31) Importer(815301076,1909f56bfc062723c751e8b465ee728b)
Start importing Assets/ActivatableButtonSpawner.cs using Guid(3a43ca04d5ef88f409337570e1653f31) Importer(815301076,1909f56bfc062723c751e8b465ee728b) (PreviewImporter)[PhysX] Initialized MultithreadedTaskDispatcher with 16 workers.
 -> (artifact id: '00000000000000000000000000000000') in 0.0002331 seconds
Import Error Code:(4)
Message: Build asset version error: assets/activatablebuttonspawner.cs in SourceAssetDB has modification time of '2024-08-30T16:46:43.5753739Z' while content on disk has modification time of '2024-08-31T22:16:34.2245Z'
  ERROR: Build asset version error: assets/activatablebuttonspawner.cs in SourceAssetDB has modification time of '2024-08-30T16:46:43.5753739Z' while content on disk has modification time of '2024-08-31T22:16:34.2245Z'
Number of updated asset objects reloaded before import = 0Number of asset objects unloaded after import = 0

========================================================================
Received Import Request.
  Time since last request: 0.003573 seconds.
  path: Assets/ActivatableButtonSpawner.cs
  artifactKey: Guid(3a43ca04d5ef88f409337570e1653f31) Importer(815301076,1909f56bfc062723c751e8b465ee728b)
Start importing Assets/ActivatableButtonSpawner.cs using Guid(3a43ca04d5ef88f409337570e1653f31) Importer(815301076,1909f56bfc062723c751e8b465ee728b) (PreviewImporter)[PhysX] Initialized MultithreadedTaskDispatcher with 16 workers.
 -> (artifact id: '00000000000000000000000000000000') in 0.0002497 seconds
Import Error Code:(4)
Message: Build asset version error: assets/activatablebuttonspawner.cs in SourceAssetDB has modification time of '2024-08-30T16:46:43.5753739Z' while content on disk has modification time of '2024-08-31T22:16:34.2245Z'
  ERROR: Build asset version error: assets/activatablebuttonspawner.cs in SourceAssetDB has modification time of '2024-08-30T16:46:43.5753739Z' while content on disk has modification time of '2024-08-31T22:16:34.2245Z'
Number of updated asset objects reloaded before import = 0Number of asset objects unloaded after import = 0

========================================================================
Received Import Request.
  Time since last request: 0.003828 seconds.
  path: Assets/ActivatableButtonSpawner.cs
  artifactKey: Guid(3a43ca04d5ef88f409337570e1653f31) Importer(815301076,1909f56bfc062723c751e8b465ee728b)
Start importing Assets/ActivatableButtonSpawner.cs using Guid(3a43ca04d5ef88f409337570e1653f31) Importer(815301076,1909f56bfc062723c751e8b465ee728b) (PreviewImporter)[PhysX] Initialized MultithreadedTaskDispatcher with 16 workers.
 -> (artifact id: '00000000000000000000000000000000') in 0.0002204 seconds
Import Error Code:(4)
Message: Build asset version error: assets/activatablebuttonspawner.cs in SourceAssetDB has modification time of '2024-08-30T16:46:43.5753739Z' while content on disk has modification time of '2024-08-31T22:16:34.2245Z'
  ERROR: Build asset version error: assets/activatablebuttonspawner.cs in SourceAssetDB has modification time of '2024-08-30T16:46:43.5753739Z' while content on disk has modification time of '2024-08-31T22:16:34.2245Z'
Number of updated asset objects reloaded before import = 0Number of asset objects unloaded after import = 0

========================================================================
Received Import Request.
  Time since last request: 0.003530 seconds.
  path: Assets/ActivatableButtonSpawner.cs
  artifactKey: Guid(3a43ca04d5ef88f409337570e1653f31) Importer(815301076,1909f56bfc062723c751e8b465ee728b)
Start importing Assets/ActivatableButtonSpawner.cs using Guid(3a43ca04d5ef88f409337570e1653f31) Importer(815301076,1909f56bfc062723c751e8b465ee728b) (PreviewImporter)[PhysX] Initialized MultithreadedTaskDispatcher with 16 workers.
 -> (artifact id: '00000000000000000000000000000000') in 0.0002252 seconds
Import Error Code:(4)
Message: Build asset version error: assets/activatablebuttonspawner.cs in SourceAssetDB has modification time of '2024-08-30T16:46:43.5753739Z' while content on disk has modification time of '2024-08-31T22:16:34.2245Z'
  ERROR: Build asset version error: assets/activatablebuttonspawner.cs in SourceAssetDB has modification time of '2024-08-30T16:46:43.5753739Z' while content on disk has modification time of '2024-08-31T22:16:34.2245Z'
Number of updated asset objects reloaded before import = 0Number of asset objects unloaded after import = 0

========================================================================
Received Import Request.
  Time since last request: 0.003693 seconds.
  path: Assets/ActivatableButtonSpawner.cs
  artifactKey: Guid(3a43ca04d5ef88f409337570e1653f31) Importer(815301076,1909f56bfc062723c751e8b465ee728b)
Start importing Assets/ActivatableButtonSpawner.cs using Guid(3a43ca04d5ef88f409337570e1653f31) Importer(815301076,1909f56bfc062723c751e8b465ee728b) (PreviewImporter)[PhysX] Initialized MultithreadedTaskDispatcher with 16 workers.
 -> (artifact id: '00000000000000000000000000000000') in 0.0002197 seconds
Import Error Code:(4)
Message: Build asset version error: assets/activatablebuttonspawner.cs in SourceAssetDB has modification time of '2024-08-30T16:46:43.5753739Z' while content on disk has modification time of '2024-08-31T22:16:34.2245Z'
  ERROR: Build asset version error: assets/activatablebuttonspawner.cs in SourceAssetDB has modification time of '2024-08-30T16:46:43.5753739Z' while content on disk has modification time of '2024-08-31T22:16:34.2245Z'
Number of updated asset objects reloaded before import = 0Number of asset objects unloaded after import = 0

========================================================================
Received Import Request.
  Time since last request: 0.003574 seconds.
  path: Assets/ActivatableButtonSpawner.cs
  artifactKey: Guid(3a43ca04d5ef88f409337570e1653f31) Importer(815301076,1909f56bfc062723c751e8b465ee728b)
Start importing Assets/ActivatableButtonSpawner.cs using Guid(3a43ca04d5ef88f409337570e1653f31) Importer(815301076,1909f56bfc062723c751e8b465ee728b) (PreviewImporter)[PhysX] Initialized MultithreadedTaskDispatcher with 16 workers.
 -> (artifact id: '00000000000000000000000000000000') in 0.0002434 seconds
Import Error Code:(4)
Message: Build asset version error: assets/activatablebuttonspawner.cs in SourceAssetDB has modification time of '2024-08-30T16:46:43.5753739Z' while content on disk has modification time of '2024-08-31T22:16:34.2245Z'
  ERROR: Build asset version error: assets/activatablebuttonspawner.cs in SourceAssetDB has modification time of '2024-08-30T16:46:43.5753739Z' while content on disk has modification time of '2024-08-31T22:16:34.2245Z'
Number of updated asset objects reloaded before import = 0Number of asset objects unloaded after import = 0

========================================================================
Received Import Request.
  Time since last request: 0.004269 seconds.
  path: Assets/ActivatableButtonSpawner.cs
  artifactKey: Guid(3a43ca04d5ef88f409337570e1653f31) Importer(815301076,1909f56bfc062723c751e8b465ee728b)
Start importing Assets/ActivatableButtonSpawner.cs using Guid(3a43ca04d5ef88f409337570e1653f31) Importer(815301076,1909f56bfc062723c751e8b465ee728b) (PreviewImporter)[PhysX] Initialized MultithreadedTaskDispatcher with 16 workers.
 -> (artifact id: '00000000000000000000000000000000') in 0.0002308 seconds
Import Error Code:(4)
Message: Build asset version error: assets/activatablebuttonspawner.cs in SourceAssetDB has modification time of '2024-08-30T16:46:43.5753739Z' while content on disk has modification time of '2024-08-31T22:16:34.2245Z'
  ERROR: Build asset version error: assets/activatablebuttonspawner.cs in SourceAssetDB has modification time of '2024-08-30T16:46:43.5753739Z' while content on disk has modification time of '2024-08-31T22:16:34.2245Z'
Number of updated asset objects reloaded before import = 0Number of asset objects unloaded after import = 0

========================================================================
Received Import Request.
  Time since last request: 0.003874 seconds.
  path: Assets/ActivatableButtonSpawner.cs
  artifactKey: Guid(3a43ca04d5ef88f409337570e1653f31) Importer(815301076,1909f56bfc062723c751e8b465ee728b)
Start importing Assets/ActivatableButtonSpawner.cs using Guid(3a43ca04d5ef88f409337570e1653f31) Importer(815301076,1909f56bfc062723c751e8b465ee728b) (PreviewImporter)[PhysX] Initialized MultithreadedTaskDispatcher with 16 workers.
 -> (artifact id: '00000000000000000000000000000000') in 0.0002463 seconds
Import Error Code:(4)
Message: Build asset version error: assets/activatablebuttonspawner.cs in SourceAssetDB has modification time of '2024-08-30T16:46:43.5753739Z' while content on disk has modification time of '2024-08-31T22:16:34.2245Z'
  ERROR: Build asset version error: assets/activatablebuttonspawner.cs in SourceAssetDB has modification time of '2024-08-30T16:46:43.5753739Z' while content on disk has modification time of '2024-08-31T22:16:34.2245Z'
Number of updated asset objects reloaded before import = 0Number of asset objects unloaded after import = 0

========================================================================
Received Import Request.
  Time since last request: 0.003588 seconds.
  path: Assets/ActivatableButtonSpawner.cs
  artifactKey: Guid(3a43ca04d5ef88f409337570e1653f31) Importer(815301076,1909f56bfc062723c751e8b465ee728b)
Start importing Assets/ActivatableButtonSpawner.cs using Guid(3a43ca04d5ef88f409337570e1653f31) Importer(815301076,1909f56bfc062723c751e8b465ee728b) (PreviewImporter)[PhysX] Initialized MultithreadedTaskDispatcher with 16 workers.
 -> (artifact id: '00000000000000000000000000000000') in 0.0002369 seconds
Import Error Code:(4)
Message: Build asset version error: assets/activatablebuttonspawner.cs in SourceAssetDB has modification time of '2024-08-30T16:46:43.5753739Z' while content on disk has modification time of '2024-08-31T22:16:34.2245Z'
  ERROR: Build asset version error: assets/activatablebuttonspawner.cs in SourceAssetDB has modification time of '2024-08-30T16:46:43.5753739Z' while content on disk has modification time of '2024-08-31T22:16:34.2245Z'
Number of updated asset objects reloaded before import = 0Number of asset objects unloaded after import = 0

========================================================================
Received Import Request.
  Time since last request: 0.003727 seconds.
  path: Assets/ActivatableButtonSpawner.cs
  artifactKey: Guid(3a43ca04d5ef88f409337570e1653f31) Importer(815301076,1909f56bfc062723c751e8b465ee728b)
Start importing Assets/ActivatableButtonSpawner.cs using Guid(3a43ca04d5ef88f409337570e1653f31) Importer(815301076,1909f56bfc062723c751e8b465ee728b) (PreviewImporter)[PhysX] Initialized MultithreadedTaskDispatcher with 16 workers.
 -> (artifact id: '00000000000000000000000000000000') in 0.0003142 seconds
Import Error Code:(4)
Message: Build asset version error: assets/activatablebuttonspawner.cs in SourceAssetDB has modification time of '2024-08-30T16:46:43.5753739Z' while content on disk has modification time of '2024-08-31T22:16:34.2245Z'
  ERROR: Build asset version error: assets/activatablebuttonspawner.cs in SourceAssetDB has modification time of '2024-08-30T16:46:43.5753739Z' while content on disk has modification time of '2024-08-31T22:16:34.2245Z'
Number of updated asset objects reloaded before import = 0Number of asset objects unloaded after import = 0

========================================================================
Received Import Request.
  Time since last request: 0.003520 seconds.
  path: Assets/ActivatableButtonSpawner.cs
  artifactKey: Guid(3a43ca04d5ef88f409337570e1653f31) Importer(815301076,1909f56bfc062723c751e8b465ee728b)
Start importing Assets/ActivatableButtonSpawner.cs using Guid(3a43ca04d5ef88f409337570e1653f31) Importer(815301076,1909f56bfc062723c751e8b465ee728b) (PreviewImporter)[PhysX] Initialized MultithreadedTaskDispatcher with 16 workers.
 -> (artifact id: '00000000000000000000000000000000') in 0.0002645 seconds
Import Error Code:(4)
Message: Build asset version error: assets/activatablebuttonspawner.cs in SourceAssetDB has modification time of '2024-08-30T16:46:43.5753739Z' while content on disk has modification time of '2024-08-31T22:16:34.2245Z'
  ERROR: Build asset version error: assets/activatablebuttonspawner.cs in SourceAssetDB has modification time of '2024-08-30T16:46:43.5753739Z' while content on disk has modification time of '2024-08-31T22:16:34.2245Z'
Number of updated asset objects reloaded before import = 0Number of asset objects unloaded after import = 0

========================================================================
Received Import Request.
  Time since last request: 0.003670 seconds.
  path: Assets/ActivatableButtonSpawner.cs
  artifactKey: Guid(3a43ca04d5ef88f409337570e1653f31) Importer(815301076,1909f56bfc062723c751e8b465ee728b)
Start importing Assets/ActivatableButtonSpawner.cs using Guid(3a43ca04d5ef88f409337570e1653f31) Importer(815301076,1909f56bfc062723c751e8b465ee728b) (PreviewImporter)[PhysX] Initialized MultithreadedTaskDispatcher with 16 workers.
 -> (artifact id: '00000000000000000000000000000000') in 0.00024 seconds
Import Error Code:(4)
Message: Build asset version error: assets/activatablebuttonspawner.cs in SourceAssetDB has modification time of '2024-08-30T16:46:43.5753739Z' while content on disk has modification time of '2024-08-31T22:16:34.2245Z'
  ERROR: Build asset version error: assets/activatablebuttonspawner.cs in SourceAssetDB has modification time of '2024-08-30T16:46:43.5753739Z' while content on disk has modification time of '2024-08-31T22:16:34.2245Z'
Number of updated asset objects reloaded before import = 0Number of asset objects unloaded after import = 0

========================================================================
Received Import Request.
  Time since last request: 0.003745 seconds.
  path: Assets/ActivatableButtonSpawner.cs
  artifactKey: Guid(3a43ca04d5ef88f409337570e1653f31) Importer(815301076,1909f56bfc062723c751e8b465ee728b)
Start importing Assets/ActivatableButtonSpawner.cs using Guid(3a43ca04d5ef88f409337570e1653f31) Importer(815301076,1909f56bfc062723c751e8b465ee728b) (PreviewImporter)[PhysX] Initialized MultithreadedTaskDispatcher with 16 workers.
 -> (artifact id: '00000000000000000000000000000000') in 0.0002984 seconds
Import Error Code:(4)
Message: Build asset version error: assets/activatablebuttonspawner.cs in SourceAssetDB has modification time of '2024-08-30T16:46:43.5753739Z' while content on disk has modification time of '2024-08-31T22:16:34.2245Z'
  ERROR: Build asset version error: assets/activatablebuttonspawner.cs in SourceAssetDB has modification time of '2024-08-30T16:46:43.5753739Z' while content on disk has modification time of '2024-08-31T22:16:34.2245Z'
Number of updated asset objects reloaded before import = 0Number of asset objects unloaded after import = 0

========================================================================
Received Import Request.
  Time since last request: 0.003197 seconds.
  path: Assets/ActivatableButtonSpawner.cs
  artifactKey: Guid(3a43ca04d5ef88f409337570e1653f31) Importer(815301076,1909f56bfc062723c751e8b465ee728b)
Start importing Assets/ActivatableButtonSpawner.cs using Guid(3a43ca04d5ef88f409337570e1653f31) Importer(815301076,1909f56bfc062723c751e8b465ee728b) (PreviewImporter)[PhysX] Initialized MultithreadedTaskDispatcher with 16 workers.
 -> (artifact id: '00000000000000000000000000000000') in 0.0002223 seconds
Import Error Code:(4)
Message: Build asset version error: assets/activatablebuttonspawner.cs in SourceAssetDB has modification time of '2024-08-30T16:46:43.5753739Z' while content on disk has modification time of '2024-08-31T22:16:34.2245Z'
  ERROR: Build asset version error: assets/activatablebuttonspawner.cs in SourceAssetDB has modification time of '2024-08-30T16:46:43.5753739Z' while content on disk has modification time of '2024-08-31T22:16:34.2245Z'
Number of updated asset objects reloaded before import = 0Number of asset objects unloaded after import = 0

========================================================================
Received Import Request.
  Time since last request: 0.003467 seconds.
  path: Assets/ActivatableButtonSpawner.cs
  artifactKey: Guid(3a43ca04d5ef88f409337570e1653f31) Importer(815301076,1909f56bfc062723c751e8b465ee728b)
Start importing Assets/ActivatableButtonSpawner.cs using Guid(3a43ca04d5ef88f409337570e1653f31) Importer(815301076,1909f56bfc062723c751e8b465ee728b) (PreviewImporter)[PhysX] Initialized MultithreadedTaskDispatcher with 16 workers.
 -> (artifact id: '00000000000000000000000000000000') in 0.0002267 seconds
Import Error Code:(4)
Message: Build asset version error: assets/activatablebuttonspawner.cs in SourceAssetDB has modification time of '2024-08-30T16:46:43.5753739Z' while content on disk has modification time of '2024-08-31T22:16:34.2245Z'
  ERROR: Build asset version error: assets/activatablebuttonspawner.cs in SourceAssetDB has modification time of '2024-08-30T16:46:43.5753739Z' while content on disk has modification time of '2024-08-31T22:16:34.2245Z'
Number of updated asset objects reloaded before import = 0Number of asset objects unloaded after import = 0

========================================================================
Received Import Request.
  Time since last request: 0.003443 seconds.
  path: Assets/ActivatableButtonSpawner.cs
  artifactKey: Guid(3a43ca04d5ef88f409337570e1653f31) Importer(815301076,1909f56bfc062723c751e8b465ee728b)
Start importing Assets/ActivatableButtonSpawner.cs using Guid(3a43ca04d5ef88f409337570e1653f31) Importer(815301076,1909f56bfc062723c751e8b465ee728b) (PreviewImporter)[PhysX] Initialized MultithreadedTaskDispatcher with 16 workers.
 -> (artifact id: '00000000000000000000000000000000') in 0.000219 seconds
Import Error Code:(4)
Message: Build asset version error: assets/activatablebuttonspawner.cs in SourceAssetDB has modification time of '2024-08-30T16:46:43.5753739Z' while content on disk has modification time of '2024-08-31T22:16:34.2245Z'
  ERROR: Build asset version error: assets/activatablebuttonspawner.cs in SourceAssetDB has modification time of '2024-08-30T16:46:43.5753739Z' while content on disk has modification time of '2024-08-31T22:16:34.2245Z'
Number of updated asset objects reloaded before import = 0Number of asset objects unloaded after import = 0

========================================================================
Received Import Request.
  Time since last request: 0.003370 seconds.
  path: Assets/ActivatableButtonSpawner.cs
  artifactKey: Guid(3a43ca04d5ef88f409337570e1653f31) Importer(815301076,1909f56bfc062723c751e8b465ee728b)
Start importing Assets/ActivatableButtonSpawner.cs using Guid(3a43ca04d5ef88f409337570e1653f31) Importer(815301076,1909f56bfc062723c751e8b465ee728b) (PreviewImporter)[PhysX] Initialized MultithreadedTaskDispatcher with 16 workers.
 -> (artifact id: '00000000000000000000000000000000') in 0.0002002 seconds
Import Error Code:(4)
Message: Build asset version error: assets/activatablebuttonspawner.cs in SourceAssetDB has modification time of '2024-08-30T16:46:43.5753739Z' while content on disk has modification time of '2024-08-31T22:16:34.2245Z'
  ERROR: Build asset version error: assets/activatablebuttonspawner.cs in SourceAssetDB has modification time of '2024-08-30T16:46:43.5753739Z' while content on disk has modification time of '2024-08-31T22:16:34.2245Z'
Number of updated asset objects reloaded before import = 0Number of asset objects unloaded after import = 0

========================================================================
Received Import Request.
  Time since last request: 0.003496 seconds.
  path: Assets/ActivatableButtonSpawner.cs
  artifactKey: Guid(3a43ca04d5ef88f409337570e1653f31) Importer(815301076,1909f56bfc062723c751e8b465ee728b)
Start importing Assets/ActivatableButtonSpawner.cs using Guid(3a43ca04d5ef88f409337570e1653f31) Importer(815301076,1909f56bfc062723c751e8b465ee728b) (PreviewImporter)[PhysX] Initialized MultithreadedTaskDispatcher with 16 workers.
 -> (artifact id: '00000000000000000000000000000000') in 0.0002199 seconds
Import Error Code:(4)
Message: Build asset version error: assets/activatablebuttonspawner.cs in SourceAssetDB has modification time of '2024-08-30T16:46:43.5753739Z' while content on disk has modification time of '2024-08-31T22:16:34.2245Z'
  ERROR: Build asset version error: assets/activatablebuttonspawner.cs in SourceAssetDB has modification time of '2024-08-30T16:46:43.5753739Z' while content on disk has modification time of '2024-08-31T22:16:34.2245Z'
Number of updated asset objects reloaded before import = 0Number of asset objects unloaded after import = 0

========================================================================
Received Import Request.
  Time since last request: 0.003714 seconds.
  path: Assets/ActivatableButtonSpawner.cs
  artifactKey: Guid(3a43ca04d5ef88f409337570e1653f31) Importer(815301076,1909f56bfc062723c751e8b465ee728b)
Start importing Assets/ActivatableButtonSpawner.cs using Guid(3a43ca04d5ef88f409337570e1653f31) Importer(815301076,1909f56bfc062723c751e8b465ee728b) (PreviewImporter)[PhysX] Initialized MultithreadedTaskDispatcher with 16 workers.
 -> (artifact id: '00000000000000000000000000000000') in 0.0002451 seconds
Import Error Code:(4)
Message: Build asset version error: assets/activatablebuttonspawner.cs in SourceAssetDB has modification time of '2024-08-30T16:46:43.5753739Z' while content on disk has modification time of '2024-08-31T22:16:34.2245Z'
  ERROR: Build asset version error: assets/activatablebuttonspawner.cs in SourceAssetDB has modification time of '2024-08-30T16:46:43.5753739Z' while content on disk has modification time of '2024-08-31T22:16:34.2245Z'
Number of updated asset objects reloaded before import = 0Number of asset objects unloaded after import = 0

========================================================================
Received Import Request.
  Time since last request: 0.003868 seconds.
  path: Assets/ActivatableButtonSpawner.cs
  artifactKey: Guid(3a43ca04d5ef88f409337570e1653f31) Importer(815301076,1909f56bfc062723c751e8b465ee728b)
Start importing Assets/ActivatableButtonSpawner.cs using Guid(3a43ca04d5ef88f409337570e1653f31) Importer(815301076,1909f56bfc062723c751e8b465ee728b) (PreviewImporter)[PhysX] Initialized MultithreadedTaskDispatcher with 16 workers.
 -> (artifact id: '00000000000000000000000000000000') in 0.0002478 seconds
Import Error Code:(4)
Message: Build asset version error: assets/activatablebuttonspawner.cs in SourceAssetDB has modification time of '2024-08-30T16:46:43.5753739Z' while content on disk has modification time of '2024-08-31T22:16:34.2245Z'
  ERROR: Build asset version error: assets/activatablebuttonspawner.cs in SourceAssetDB has modification time of '2024-08-30T16:46:43.5753739Z' while content on disk has modification time of '2024-08-31T22:16:34.2245Z'
Number of updated asset objects reloaded before import = 0Number of asset objects unloaded after import = 0

========================================================================
Received Import Request.
  Time since last request: 0.003478 seconds.
  path: Assets/ActivatableButtonSpawner.cs
  artifactKey: Guid(3a43ca04d5ef88f409337570e1653f31) Importer(815301076,1909f56bfc062723c751e8b465ee728b)
Start importing Assets/ActivatableButtonSpawner.cs using Guid(3a43ca04d5ef88f409337570e1653f31) Importer(815301076,1909f56bfc062723c751e8b465ee728b) (PreviewImporter)[PhysX] Initialized MultithreadedTaskDispatcher with 16 workers.
 -> (artifact id: '00000000000000000000000000000000') in 0.000224 seconds
Import Error Code:(4)
Message: Build asset version error: assets/activatablebuttonspawner.cs in SourceAssetDB has modification time of '2024-08-30T16:46:43.5753739Z' while content on disk has modification time of '2024-08-31T22:16:34.2245Z'
  ERROR: Build asset version error: assets/activatablebuttonspawner.cs in SourceAssetDB has modification time of '2024-08-30T16:46:43.5753739Z' while content on disk has modification time of '2024-08-31T22:16:34.2245Z'
Number of updated asset objects reloaded before import = 0Number of asset objects unloaded after import = 0

========================================================================
Received Import Request.
  Time since last request: 0.003261 seconds.
  path: Assets/ActivatableButtonSpawner.cs
  artifactKey: Guid(3a43ca04d5ef88f409337570e1653f31) Importer(815301076,1909f56bfc062723c751e8b465ee728b)
Start importing Assets/ActivatableButtonSpawner.cs using Guid(3a43ca04d5ef88f409337570e1653f31) Importer(815301076,1909f56bfc062723c751e8b465ee728b) (PreviewImporter)[PhysX] Initialized MultithreadedTaskDispatcher with 16 workers.
 -> (artifact id: '00000000000000000000000000000000') in 0.0002061 seconds
Import Error Code:(4)
Message: Build asset version error: assets/activatablebuttonspawner.cs in SourceAssetDB has modification time of '2024-08-30T16:46:43.5753739Z' while content on disk has modification time of '2024-08-31T22:16:34.2245Z'
  ERROR: Build asset version error: assets/activatablebuttonspawner.cs in SourceAssetDB has modification time of '2024-08-30T16:46:43.5753739Z' while content on disk has modification time of '2024-08-31T22:16:34.2245Z'
Number of updated asset objects reloaded before import = 0Number of asset objects unloaded after import = 0

========================================================================
Received Import Request.
  Time since last request: 0.004239 seconds.
  path: Assets/ActivatableButtonSpawner.cs
  artifactKey: Guid(3a43ca04d5ef88f409337570e1653f31) Importer(815301076,1909f56bfc062723c751e8b465ee728b)
Start importing Assets/ActivatableButtonSpawner.cs using Guid(3a43ca04d5ef88f409337570e1653f31) Importer(815301076,1909f56bfc062723c751e8b465ee728b) (PreviewImporter)[PhysX] Initialized MultithreadedTaskDispatcher with 16 workers.
 -> (artifact id: '00000000000000000000000000000000') in 0.0002326 seconds
Import Error Code:(4)
Message: Build asset version error: assets/activatablebuttonspawner.cs in SourceAssetDB has modification time of '2024-08-30T16:46:43.5753739Z' while content on disk has modification time of '2024-08-31T22:16:34.2245Z'
  ERROR: Build asset version error: assets/activatablebuttonspawner.cs in SourceAssetDB has modification time of '2024-08-30T16:46:43.5753739Z' while content on disk has modification time of '2024-08-31T22:16:34.2245Z'
Number of updated asset objects reloaded before import = 0Number of asset objects unloaded after import = 0

========================================================================
Received Import Request.
  Time since last request: 0.004064 seconds.
  path: Assets/ActivatableButtonSpawner.cs
  artifactKey: Guid(3a43ca04d5ef88f409337570e1653f31) Importer(815301076,1909f56bfc062723c751e8b465ee728b)
Start importing Assets/ActivatableButtonSpawner.cs using Guid(3a43ca04d5ef88f409337570e1653f31) Importer(815301076,1909f56bfc062723c751e8b465ee728b) (PreviewImporter)[PhysX] Initialized MultithreadedTaskDispatcher with 16 workers.
 -> (artifact id: '00000000000000000000000000000000') in 0.0002619 seconds
Import Error Code:(4)
Message: Build asset version error: assets/activatablebuttonspawner.cs in SourceAssetDB has modification time of '2024-08-30T16:46:43.5753739Z' while content on disk has modification time of '2024-08-31T22:16:34.2245Z'
  ERROR: Build asset version error: assets/activatablebuttonspawner.cs in SourceAssetDB has modification time of '2024-08-30T16:46:43.5753739Z' while content on disk has modification time of '2024-08-31T22:16:34.2245Z'
Number of updated asset objects reloaded before import = 0Number of asset objects unloaded after import = 0

========================================================================
Received Import Request.
  Time since last request: 0.003412 seconds.
  path: Assets/ActivatableButtonSpawner.cs
  artifactKey: Guid(3a43ca04d5ef88f409337570e1653f31) Importer(815301076,1909f56bfc062723c751e8b465ee728b)
Start importing Assets/ActivatableButtonSpawner.cs using Guid(3a43ca04d5ef88f409337570e1653f31) Importer(815301076,1909f56bfc062723c751e8b465ee728b) (PreviewImporter)[PhysX] Initialized MultithreadedTaskDispatcher with 16 workers.
 -> (artifact id: '00000000000000000000000000000000') in 0.0002179 seconds
Import Error Code:(4)
Message: Build asset version error: assets/activatablebuttonspawner.cs in SourceAssetDB has modification time of '2024-08-30T16:46:43.5753739Z' while content on disk has modification time of '2024-08-31T22:16:34.2245Z'
  ERROR: Build asset version error: assets/activatablebuttonspawner.cs in SourceAssetDB has modification time of '2024-08-30T16:46:43.5753739Z' while content on disk has modification time of '2024-08-31T22:16:34.2245Z'
Number of updated asset objects reloaded before import = 0Number of asset objects unloaded after import = 0

========================================================================
Received Import Request.
  Time since last request: 0.003386 seconds.
  path: Assets/ActivatableButtonSpawner.cs
  artifactKey: Guid(3a43ca04d5ef88f409337570e1653f31) Importer(815301076,1909f56bfc062723c751e8b465ee728b)
Start importing Assets/ActivatableButtonSpawner.cs using Guid(3a43ca04d5ef88f409337570e1653f31) Importer(815301076,1909f56bfc062723c751e8b465ee728b) (PreviewImporter)[PhysX] Initialized MultithreadedTaskDispatcher with 16 workers.
 -> (artifact id: '00000000000000000000000000000000') in 0.0002094 seconds
Import Error Code:(4)
Message: Build asset version error: assets/activatablebuttonspawner.cs in SourceAssetDB has modification time of '2024-08-30T16:46:43.5753739Z' while content on disk has modification time of '2024-08-31T22:16:34.2245Z'
  ERROR: Build asset version error: assets/activatablebuttonspawner.cs in SourceAssetDB has modification time of '2024-08-30T16:46:43.5753739Z' while content on disk has modification time of '2024-08-31T22:16:34.2245Z'
Number of updated asset objects reloaded before import = 0Number of asset objects unloaded after import = 0

========================================================================
Received Import Request.
  Time since last request: 0.004143 seconds.
  path: Assets/ActivatableButtonSpawner.cs
  artifactKey: Guid(3a43ca04d5ef88f409337570e1653f31) Importer(815301076,1909f56bfc062723c751e8b465ee728b)
Start importing Assets/ActivatableButtonSpawner.cs using Guid(3a43ca04d5ef88f409337570e1653f31) Importer(815301076,1909f56bfc062723c751e8b465ee728b) (PreviewImporter)[PhysX] Initialized MultithreadedTaskDispatcher with 16 workers.
 -> (artifact id: '00000000000000000000000000000000') in 0.0002411 seconds
Import Error Code:(4)
Message: Build asset version error: assets/activatablebuttonspawner.cs in SourceAssetDB has modification time of '2024-08-30T16:46:43.5753739Z' while content on disk has modification time of '2024-08-31T22:16:34.2245Z'
  ERROR: Build asset version error: assets/activatablebuttonspawner.cs in SourceAssetDB has modification time of '2024-08-30T16:46:43.5753739Z' while content on disk has modification time of '2024-08-31T22:16:34.2245Z'
Number of updated asset objects reloaded before import = 0Number of asset objects unloaded after import = 0

========================================================================
Received Import Request.
  Time since last request: 0.003580 seconds.
  path: Assets/ActivatableButtonSpawner.cs
  artifactKey: Guid(3a43ca04d5ef88f409337570e1653f31) Importer(815301076,1909f56bfc062723c751e8b465ee728b)
Start importing Assets/ActivatableButtonSpawner.cs using Guid(3a43ca04d5ef88f409337570e1653f31) Importer(815301076,1909f56bfc062723c751e8b465ee728b) (PreviewImporter)[PhysX] Initialized MultithreadedTaskDispatcher with 16 workers.
 -> (artifact id: '00000000000000000000000000000000') in 0.000218 seconds
Import Error Code:(4)
Message: Build asset version error: assets/activatablebuttonspawner.cs in SourceAssetDB has modification time of '2024-08-30T16:46:43.5753739Z' while content on disk has modification time of '2024-08-31T22:16:34.2245Z'
  ERROR: Build asset version error: assets/activatablebuttonspawner.cs in SourceAssetDB has modification time of '2024-08-30T16:46:43.5753739Z' while content on disk has modification time of '2024-08-31T22:16:34.2245Z'
Number of updated asset objects reloaded before import = 0Number of asset objects unloaded after import = 0

========================================================================
Received Import Request.
  Time since last request: 0.003435 seconds.
  path: Assets/ActivatableButtonSpawner.cs
  artifactKey: Guid(3a43ca04d5ef88f409337570e1653f31) Importer(815301076,1909f56bfc062723c751e8b465ee728b)
Start importing Assets/ActivatableButtonSpawner.cs using Guid(3a43ca04d5ef88f409337570e1653f31) Importer(815301076,1909f56bfc062723c751e8b465ee728b) (PreviewImporter)[PhysX] Initialized MultithreadedTaskDispatcher with 16 workers.
 -> (artifact id: '00000000000000000000000000000000') in 0.0002113 seconds
Import Error Code:(4)
Message: Build asset version error: assets/activatablebuttonspawner.cs in SourceAssetDB has modification time of '2024-08-30T16:46:43.5753739Z' while content on disk has modification time of '2024-08-31T22:16:34.2245Z'
  ERROR: Build asset version error: assets/activatablebuttonspawner.cs in SourceAssetDB has modification time of '2024-08-30T16:46:43.5753739Z' while content on disk has modification time of '2024-08-31T22:16:34.2245Z'
Number of updated asset objects reloaded before import = 0Number of asset objects unloaded after import = 0

========================================================================
Received Import Request.
  Time since last request: 0.003158 seconds.
  path: Assets/ActivatableButtonSpawner.cs
  artifactKey: Guid(3a43ca04d5ef88f409337570e1653f31) Importer(815301076,1909f56bfc062723c751e8b465ee728b)
Start importing Assets/ActivatableButtonSpawner.cs using Guid(3a43ca04d5ef88f409337570e1653f31) Importer(815301076,1909f56bfc062723c751e8b465ee728b) (PreviewImporter)[PhysX] Initialized MultithreadedTaskDispatcher with 16 workers.
 -> (artifact id: '00000000000000000000000000000000') in 0.0002306 seconds
Import Error Code:(4)
Message: Build asset version error: assets/activatablebuttonspawner.cs in SourceAssetDB has modification time of '2024-08-30T16:46:43.5753739Z' while content on disk has modification time of '2024-08-31T22:16:34.2245Z'
  ERROR: Build asset version error: assets/activatablebuttonspawner.cs in SourceAssetDB has modification time of '2024-08-30T16:46:43.5753739Z' while content on disk has modification time of '2024-08-31T22:16:34.2245Z'
Number of updated asset objects reloaded before import = 0Number of asset objects unloaded after import = 0

========================================================================
Received Import Request.
  Time since last request: 0.003348 seconds.
  path: Assets/ActivatableButtonSpawner.cs
  artifactKey: Guid(3a43ca04d5ef88f409337570e1653f31) Importer(815301076,1909f56bfc062723c751e8b465ee728b)
Start importing Assets/ActivatableButtonSpawner.cs using Guid(3a43ca04d5ef88f409337570e1653f31) Importer(815301076,1909f56bfc062723c751e8b465ee728b) (PreviewImporter)[PhysX] Initialized MultithreadedTaskDispatcher with 16 workers.
 -> (artifact id: '00000000000000000000000000000000') in 0.0002392 seconds
Import Error Code:(4)
Message: Build asset version error: assets/activatablebuttonspawner.cs in SourceAssetDB has modification time of '2024-08-30T16:46:43.5753739Z' while content on disk has modification time of '2024-08-31T22:16:34.2245Z'
  ERROR: Build asset version error: assets/activatablebuttonspawner.cs in SourceAssetDB has modification time of '2024-08-30T16:46:43.5753739Z' while content on disk has modification time of '2024-08-31T22:16:34.2245Z'
Number of updated asset objects reloaded before import = 0Number of asset objects unloaded after import = 0

========================================================================
Received Import Request.
  Time since last request: 0.003394 seconds.
  path: Assets/ActivatableButtonSpawner.cs
  artifactKey: Guid(3a43ca04d5ef88f409337570e1653f31) Importer(815301076,1909f56bfc062723c751e8b465ee728b)
Start importing Assets/ActivatableButtonSpawner.cs using Guid(3a43ca04d5ef88f409337570e1653f31) Importer(815301076,1909f56bfc062723c751e8b465ee728b) (PreviewImporter)[PhysX] Initialized MultithreadedTaskDispatcher with 16 workers.
 -> (artifact id: '00000000000000000000000000000000') in 0.0002477 seconds
Import Error Code:(4)
Message: Build asset version error: assets/activatablebuttonspawner.cs in SourceAssetDB has modification time of '2024-08-30T16:46:43.5753739Z' while content on disk has modification time of '2024-08-31T22:16:34.2245Z'
  ERROR: Build asset version error: assets/activatablebuttonspawner.cs in SourceAssetDB has modification time of '2024-08-30T16:46:43.5753739Z' while content on disk has modification time of '2024-08-31T22:16:34.2245Z'
Number of updated asset objects reloaded before import = 0Number of asset objects unloaded after import = 0

========================================================================
Received Import Request.
  Time since last request: 0.003524 seconds.
  path: Assets/ActivatableButtonSpawner.cs
  artifactKey: Guid(3a43ca04d5ef88f409337570e1653f31) Importer(815301076,1909f56bfc062723c751e8b465ee728b)
Start importing Assets/ActivatableButtonSpawner.cs using Guid(3a43ca04d5ef88f409337570e1653f31) Importer(815301076,1909f56bfc062723c751e8b465ee728b) (PreviewImporter)[PhysX] Initialized MultithreadedTaskDispatcher with 16 workers.
 -> (artifact id: '00000000000000000000000000000000') in 0.0002146 seconds
Import Error Code:(4)
Message: Build asset version error: assets/activatablebuttonspawner.cs in SourceAssetDB has modification time of '2024-08-30T16:46:43.5753739Z' while content on disk has modification time of '2024-08-31T22:16:34.2245Z'
  ERROR: Build asset version error: assets/activatablebuttonspawner.cs in SourceAssetDB has modification time of '2024-08-30T16:46:43.5753739Z' while content on disk has modification time of '2024-08-31T22:16:34.2245Z'
Number of updated asset objects reloaded before import = 0Number of asset objects unloaded after import = 0

========================================================================
Received Import Request.
  Time since last request: 0.003672 seconds.
  path: Assets/ActivatableButtonSpawner.cs
  artifactKey: Guid(3a43ca04d5ef88f409337570e1653f31) Importer(815301076,1909f56bfc062723c751e8b465ee728b)
Start importing Assets/ActivatableButtonSpawner.cs using Guid(3a43ca04d5ef88f409337570e1653f31) Importer(815301076,1909f56bfc062723c751e8b465ee728b) (PreviewImporter)[PhysX] Initialized MultithreadedTaskDispatcher with 16 workers.
 -> (artifact id: '00000000000000000000000000000000') in 0.0002091 seconds
Import Error Code:(4)
Message: Build asset version error: assets/activatablebuttonspawner.cs in SourceAssetDB has modification time of '2024-08-30T16:46:43.5753739Z' while content on disk has modification time of '2024-08-31T22:16:34.2245Z'
  ERROR: Build asset version error: assets/activatablebuttonspawner.cs in SourceAssetDB has modification time of '2024-08-30T16:46:43.5753739Z' while content on disk has modification time of '2024-08-31T22:16:34.2245Z'
Number of updated asset objects reloaded before import = 0Number of asset objects unloaded after import = 0

========================================================================
Received Import Request.
  Time since last request: 0.003946 seconds.
  path: Assets/ActivatableButtonSpawner.cs
  artifactKey: Guid(3a43ca04d5ef88f409337570e1653f31) Importer(815301076,1909f56bfc062723c751e8b465ee728b)
Start importing Assets/ActivatableButtonSpawner.cs using Guid(3a43ca04d5ef88f409337570e1653f31) Importer(815301076,1909f56bfc062723c751e8b465ee728b) (PreviewImporter)[PhysX] Initialized MultithreadedTaskDispatcher with 16 workers.
 -> (artifact id: '00000000000000000000000000000000') in 0.0002555 seconds
Import Error Code:(4)
Message: Build asset version error: assets/activatablebuttonspawner.cs in SourceAssetDB has modification time of '2024-08-30T16:46:43.5753739Z' while content on disk has modification time of '2024-08-31T22:16:34.2245Z'
  ERROR: Build asset version error: assets/activatablebuttonspawner.cs in SourceAssetDB has modification time of '2024-08-30T16:46:43.5753739Z' while content on disk has modification time of '2024-08-31T22:16:34.2245Z'
Number of updated asset objects reloaded before import = 0Number of asset objects unloaded after import = 0

========================================================================
Received Import Request.
  Time since last request: 0.003638 seconds.
  path: Assets/ActivatableButtonSpawner.cs
  artifactKey: Guid(3a43ca04d5ef88f409337570e1653f31) Importer(815301076,1909f56bfc062723c751e8b465ee728b)
Start importing Assets/ActivatableButtonSpawner.cs using Guid(3a43ca04d5ef88f409337570e1653f31) Importer(815301076,1909f56bfc062723c751e8b465ee728b) (PreviewImporter)[PhysX] Initialized MultithreadedTaskDispatcher with 16 workers.
 -> (artifact id: '00000000000000000000000000000000') in 0.0002259 seconds
Import Error Code:(4)
Message: Build asset version error: assets/activatablebuttonspawner.cs in SourceAssetDB has modification time of '2024-08-30T16:46:43.5753739Z' while content on disk has modification time of '2024-08-31T22:16:34.2245Z'
  ERROR: Build asset version error: assets/activatablebuttonspawner.cs in SourceAssetDB has modification time of '2024-08-30T16:46:43.5753739Z' while content on disk has modification time of '2024-08-31T22:16:34.2245Z'
Number of updated asset objects reloaded before import = 0Number of asset objects unloaded after import = 0

========================================================================
Received Import Request.
  Time since last request: 0.006711 seconds.
  path: Assets/ActivatableButtonSpawner.cs
  artifactKey: Guid(3a43ca04d5ef88f409337570e1653f31) Importer(815301076,1909f56bfc062723c751e8b465ee728b)
Start importing Assets/ActivatableButtonSpawner.cs using Guid(3a43ca04d5ef88f409337570e1653f31) Importer(815301076,1909f56bfc062723c751e8b465ee728b) (PreviewImporter)[PhysX] Initialized MultithreadedTaskDispatcher with 16 workers.
 -> (artifact id: '00000000000000000000000000000000') in 0.0002517 seconds
Import Error Code:(4)
Message: Build asset version error: assets/activatablebuttonspawner.cs in SourceAssetDB has modification time of '2024-08-30T16:46:43.5753739Z' while content on disk has modification time of '2024-08-31T22:16:34.2245Z'
  ERROR: Build asset version error: assets/activatablebuttonspawner.cs in SourceAssetDB has modification time of '2024-08-30T16:46:43.5753739Z' while content on disk has modification time of '2024-08-31T22:16:34.2245Z'
Number of updated asset objects reloaded before import = 0Number of asset objects unloaded after import = 0

========================================================================
Received Import Request.
  Time since last request: 0.008571 seconds.
  path: Assets/ActivatableButtonSpawner.cs
  artifactKey: Guid(3a43ca04d5ef88f409337570e1653f31) Importer(815301076,1909f56bfc062723c751e8b465ee728b)
Start importing Assets/ActivatableButtonSpawner.cs using Guid(3a43ca04d5ef88f409337570e1653f31) Importer(815301076,1909f56bfc062723c751e8b465ee728b) (PreviewImporter)[PhysX] Initialized MultithreadedTaskDispatcher with 16 workers.
 -> (artifact id: '00000000000000000000000000000000') in 0.0003031 seconds
Import Error Code:(4)
Message: Build asset version error: assets/activatablebuttonspawner.cs in SourceAssetDB has modification time of '2024-08-30T16:46:43.5753739Z' while content on disk has modification time of '2024-08-31T22:16:34.2245Z'
  ERROR: Build asset version error: assets/activatablebuttonspawner.cs in SourceAssetDB has modification time of '2024-08-30T16:46:43.5753739Z' while content on disk has modification time of '2024-08-31T22:16:34.2245Z'
Number of updated asset objects reloaded before import = 0Number of asset objects unloaded after import = 0

========================================================================
Received Import Request.
  Time since last request: 0.007587 seconds.
  path: Assets/ActivatableButtonSpawner.cs
  artifactKey: Guid(3a43ca04d5ef88f409337570e1653f31) Importer(815301076,1909f56bfc062723c751e8b465ee728b)
Start importing Assets/ActivatableButtonSpawner.cs using Guid(3a43ca04d5ef88f409337570e1653f31) Importer(815301076,1909f56bfc062723c751e8b465ee728b) (PreviewImporter)[PhysX] Initialized MultithreadedTaskDispatcher with 16 workers.
 -> (artifact id: '00000000000000000000000000000000') in 0.0003176 seconds
Import Error Code:(4)
Message: Build asset version error: assets/activatablebuttonspawner.cs in SourceAssetDB has modification time of '2024-08-30T16:46:43.5753739Z' while content on disk has modification time of '2024-08-31T22:16:34.2245Z'
  ERROR: Build asset version error: assets/activatablebuttonspawner.cs in SourceAssetDB has modification time of '2024-08-30T16:46:43.5753739Z' while content on disk has modification time of '2024-08-31T22:16:34.2245Z'
Number of updated asset objects reloaded before import = 0Number of asset objects unloaded after import = 0

========================================================================
Received Import Request.
  Time since last request: 0.008173 seconds.
  path: Assets/ActivatableButtonSpawner.cs
  artifactKey: Guid(3a43ca04d5ef88f409337570e1653f31) Importer(815301076,1909f56bfc062723c751e8b465ee728b)
Start importing Assets/ActivatableButtonSpawner.cs using Guid(3a43ca04d5ef88f409337570e1653f31) Importer(815301076,1909f56bfc062723c751e8b465ee728b) (PreviewImporter)[PhysX] Initialized MultithreadedTaskDispatcher with 16 workers.
 -> (artifact id: '00000000000000000000000000000000') in 0.0003273 seconds
Import Error Code:(4)
Message: Build asset version error: assets/activatablebuttonspawner.cs in SourceAssetDB has modification time of '2024-08-30T16:46:43.5753739Z' while content on disk has modification time of '2024-08-31T22:16:34.2245Z'
  ERROR: Build asset version error: assets/activatablebuttonspawner.cs in SourceAssetDB has modification time of '2024-08-30T16:46:43.5753739Z' while content on disk has modification time of '2024-08-31T22:16:34.2245Z'
Number of updated asset objects reloaded before import = 0Number of asset objects unloaded after import = 0

========================================================================
Received Import Request.
  Time since last request: 0.007566 seconds.
  path: Assets/ActivatableButtonSpawner.cs
  artifactKey: Guid(3a43ca04d5ef88f409337570e1653f31) Importer(815301076,1909f56bfc062723c751e8b465ee728b)
Start importing Assets/ActivatableButtonSpawner.cs using Guid(3a43ca04d5ef88f409337570e1653f31) Importer(815301076,1909f56bfc062723c751e8b465ee728b) (PreviewImporter)[PhysX] Initialized MultithreadedTaskDispatcher with 16 workers.
 -> (artifact id: '00000000000000000000000000000000') in 0.0003437 seconds
Import Error Code:(4)
Message: Build asset version error: assets/activatablebuttonspawner.cs in SourceAssetDB has modification time of '2024-08-30T16:46:43.5753739Z' while content on disk has modification time of '2024-08-31T22:16:34.2245Z'
  ERROR: Build asset version error: assets/activatablebuttonspawner.cs in SourceAssetDB has modification time of '2024-08-30T16:46:43.5753739Z' while content on disk has modification time of '2024-08-31T22:16:34.2245Z'
Number of updated asset objects reloaded before import = 0Number of asset objects unloaded after import = 0

========================================================================
Received Import Request.
  Time since last request: 0.007521 seconds.
  path: Assets/ActivatableButtonSpawner.cs
  artifactKey: Guid(3a43ca04d5ef88f409337570e1653f31) Importer(815301076,1909f56bfc062723c751e8b465ee728b)
Start importing Assets/ActivatableButtonSpawner.cs using Guid(3a43ca04d5ef88f409337570e1653f31) Importer(815301076,1909f56bfc062723c751e8b465ee728b) (PreviewImporter)[PhysX] Initialized MultithreadedTaskDispatcher with 16 workers.
 -> (artifact id: '00000000000000000000000000000000') in 0.0003052 seconds
Import Error Code:(4)
Message: Build asset version error: assets/activatablebuttonspawner.cs in SourceAssetDB has modification time of '2024-08-30T16:46:43.5753739Z' while content on disk has modification time of '2024-08-31T22:16:34.2245Z'
  ERROR: Build asset version error: assets/activatablebuttonspawner.cs in SourceAssetDB has modification time of '2024-08-30T16:46:43.5753739Z' while content on disk has modification time of '2024-08-31T22:16:34.2245Z'
Number of updated asset objects reloaded before import = 0Number of asset objects unloaded after import = 0

========================================================================
Received Import Request.
  Time since last request: 0.014696 seconds.
  path: Assets/ActivatableButtonSpawner.cs
  artifactKey: Guid(3a43ca04d5ef88f409337570e1653f31) Importer(815301076,1909f56bfc062723c751e8b465ee728b)
Start importing Assets/ActivatableButtonSpawner.cs using Guid(3a43ca04d5ef88f409337570e1653f31) Importer(815301076,1909f56bfc062723c751e8b465ee728b) (PreviewImporter)[PhysX] Initialized MultithreadedTaskDispatcher with 16 workers.
 -> (artifact id: '00000000000000000000000000000000') in 0.0004506 seconds
Import Error Code:(4)
Message: Build asset version error: assets/activatablebuttonspawner.cs in SourceAssetDB has modification time of '2024-08-30T16:46:43.5753739Z' while content on disk has modification time of '2024-08-31T22:16:34.2245Z'
  ERROR: Build asset version error: assets/activatablebuttonspawner.cs in SourceAssetDB has modification time of '2024-08-30T16:46:43.5753739Z' while content on disk has modification time of '2024-08-31T22:16:34.2245Z'
Number of updated asset objects reloaded before import = 0Number of asset objects unloaded after import = 0

========================================================================
Received Import Request.
  Time since last request: 0.004183 seconds.
  path: Assets/ActivatableButtonSpawner.cs
  artifactKey: Guid(3a43ca04d5ef88f409337570e1653f31) Importer(815301076,1909f56bfc062723c751e8b465ee728b)
Start importing Assets/ActivatableButtonSpawner.cs using Guid(3a43ca04d5ef88f409337570e1653f31) Importer(815301076,1909f56bfc062723c751e8b465ee728b) (PreviewImporter)[PhysX] Initialized MultithreadedTaskDispatcher with 16 workers.
 -> (artifact id: '00000000000000000000000000000000') in 0.000295 seconds
Import Error Code:(4)
Message: Build asset version error: assets/activatablebuttonspawner.cs in SourceAssetDB has modification time of '2024-08-30T16:46:43.5753739Z' while content on disk has modification time of '2024-08-31T22:16:34.2245Z'
  ERROR: Build asset version error: assets/activatablebuttonspawner.cs in SourceAssetDB has modification time of '2024-08-30T16:46:43.5753739Z' while content on disk has modification time of '2024-08-31T22:16:34.2245Z'
Number of updated asset objects reloaded before import = 0Number of asset objects unloaded after import = 0

========================================================================
Received Import Request.
  Time since last request: 0.004127 seconds.
  path: Assets/ActivatableButtonSpawner.cs
  artifactKey: Guid(3a43ca04d5ef88f409337570e1653f31) Importer(815301076,1909f56bfc062723c751e8b465ee728b)
Start importing Assets/ActivatableButtonSpawner.cs using Guid(3a43ca04d5ef88f409337570e1653f31) Importer(815301076,1909f56bfc062723c751e8b465ee728b) (PreviewImporter)[PhysX] Initialized MultithreadedTaskDispatcher with 16 workers.
 -> (artifact id: '00000000000000000000000000000000') in 0.0002944 seconds
Import Error Code:(4)
Message: Build asset version error: assets/activatablebuttonspawner.cs in SourceAssetDB has modification time of '2024-08-30T16:46:43.5753739Z' while content on disk has modification time of '2024-08-31T22:16:34.2245Z'
  ERROR: Build asset version error: assets/activatablebuttonspawner.cs in SourceAssetDB has modification time of '2024-08-30T16:46:43.5753739Z' while content on disk has modification time of '2024-08-31T22:16:34.2245Z'
Number of updated asset objects reloaded before import = 0Number of asset objects unloaded after import = 0

========================================================================
Received Import Request.
  Time since last request: 0.003320 seconds.
  path: Assets/ActivatableButtonSpawner.cs
  artifactKey: Guid(3a43ca04d5ef88f409337570e1653f31) Importer(815301076,1909f56bfc062723c751e8b465ee728b)
Start importing Assets/ActivatableButtonSpawner.cs using Guid(3a43ca04d5ef88f409337570e1653f31) Importer(815301076,1909f56bfc062723c751e8b465ee728b) (PreviewImporter)[PhysX] Initialized MultithreadedTaskDispatcher with 16 workers.
 -> (artifact id: '00000000000000000000000000000000') in 0.0002577 seconds
Import Error Code:(4)
Message: Build asset version error: assets/activatablebuttonspawner.cs in SourceAssetDB has modification time of '2024-08-30T16:46:43.5753739Z' while content on disk has modification time of '2024-08-31T22:16:34.2245Z'
  ERROR: Build asset version error: assets/activatablebuttonspawner.cs in SourceAssetDB has modification time of '2024-08-30T16:46:43.5753739Z' while content on disk has modification time of '2024-08-31T22:16:34.2245Z'
Number of updated asset objects reloaded before import = 0Number of asset objects unloaded after import = 0

========================================================================
Received Import Request.
  Time since last request: 0.003597 seconds.
  path: Assets/ActivatableButtonSpawner.cs
  artifactKey: Guid(3a43ca04d5ef88f409337570e1653f31) Importer(815301076,1909f56bfc062723c751e8b465ee728b)
Start importing Assets/ActivatableButtonSpawner.cs using Guid(3a43ca04d5ef88f409337570e1653f31) Importer(815301076,1909f56bfc062723c751e8b465ee728b) (PreviewImporter)[PhysX] Initialized MultithreadedTaskDispatcher with 16 workers.
 -> (artifact id: '00000000000000000000000000000000') in 0.0002316 seconds
Import Error Code:(4)
Message: Build asset version error: assets/activatablebuttonspawner.cs in SourceAssetDB has modification time of '2024-08-30T16:46:43.5753739Z' while content on disk has modification time of '2024-08-31T22:16:34.2245Z'
  ERROR: Build asset version error: assets/activatablebuttonspawner.cs in SourceAssetDB has modification time of '2024-08-30T16:46:43.5753739Z' while content on disk has modification time of '2024-08-31T22:16:34.2245Z'
Number of updated asset objects reloaded before import = 0Number of asset objects unloaded after import = 0

========================================================================
Received Import Request.
  Time since last request: 0.003446 seconds.
  path: Assets/ActivatableButtonSpawner.cs
  artifactKey: Guid(3a43ca04d5ef88f409337570e1653f31) Importer(815301076,1909f56bfc062723c751e8b465ee728b)
Start importing Assets/ActivatableButtonSpawner.cs using Guid(3a43ca04d5ef88f409337570e1653f31) Importer(815301076,1909f56bfc062723c751e8b465ee728b) (PreviewImporter)[PhysX] Initialized MultithreadedTaskDispatcher with 16 workers.
 -> (artifact id: '00000000000000000000000000000000') in 0.000203 seconds
Import Error Code:(4)
Message: Build asset version error: assets/activatablebuttonspawner.cs in SourceAssetDB has modification time of '2024-08-30T16:46:43.5753739Z' while content on disk has modification time of '2024-08-31T22:16:34.2245Z'
  ERROR: Build asset version error: assets/activatablebuttonspawner.cs in SourceAssetDB has modification time of '2024-08-30T16:46:43.5753739Z' while content on disk has modification time of '2024-08-31T22:16:34.2245Z'
Number of updated asset objects reloaded before import = 0Number of asset objects unloaded after import = 0

========================================================================
Received Import Request.
  Time since last request: 0.003760 seconds.
  path: Assets/ActivatableButtonSpawner.cs
  artifactKey: Guid(3a43ca04d5ef88f409337570e1653f31) Importer(815301076,1909f56bfc062723c751e8b465ee728b)
Start importing Assets/ActivatableButtonSpawner.cs using Guid(3a43ca04d5ef88f409337570e1653f31) Importer(815301076,1909f56bfc062723c751e8b465ee728b) (PreviewImporter)[PhysX] Initialized MultithreadedTaskDispatcher with 16 workers.
 -> (artifact id: '00000000000000000000000000000000') in 0.0002455 seconds
Import Error Code:(4)
Message: Build asset version error: assets/activatablebuttonspawner.cs in SourceAssetDB has modification time of '2024-08-30T16:46:43.5753739Z' while content on disk has modification time of '2024-08-31T22:16:34.2245Z'
  ERROR: Build asset version error: assets/activatablebuttonspawner.cs in SourceAssetDB has modification time of '2024-08-30T16:46:43.5753739Z' while content on disk has modification time of '2024-08-31T22:16:34.2245Z'
Number of updated asset objects reloaded before import = 0Number of asset objects unloaded after import = 0

========================================================================
Received Import Request.
  Time since last request: 0.003512 seconds.
  path: Assets/ActivatableButtonSpawner.cs
  artifactKey: Guid(3a43ca04d5ef88f409337570e1653f31) Importer(815301076,1909f56bfc062723c751e8b465ee728b)
Start importing Assets/ActivatableButtonSpawner.cs using Guid(3a43ca04d5ef88f409337570e1653f31) Importer(815301076,1909f56bfc062723c751e8b465ee728b) (PreviewImporter)[PhysX] Initialized MultithreadedTaskDispatcher with 16 workers.
 -> (artifact id: '00000000000000000000000000000000') in 0.0002746 seconds
Import Error Code:(4)
Message: Build asset version error: assets/activatablebuttonspawner.cs in SourceAssetDB has modification time of '2024-08-30T16:46:43.5753739Z' while content on disk has modification time of '2024-08-31T22:16:34.2245Z'
  ERROR: Build asset version error: assets/activatablebuttonspawner.cs in SourceAssetDB has modification time of '2024-08-30T16:46:43.5753739Z' while content on disk has modification time of '2024-08-31T22:16:34.2245Z'
Number of updated asset objects reloaded before import = 0Number of asset objects unloaded after import = 0

========================================================================
Received Import Request.
  Time since last request: 0.003642 seconds.
  path: Assets/ActivatableButtonSpawner.cs
  artifactKey: Guid(3a43ca04d5ef88f409337570e1653f31) Importer(815301076,1909f56bfc062723c751e8b465ee728b)
Start importing Assets/ActivatableButtonSpawner.cs using Guid(3a43ca04d5ef88f409337570e1653f31) Importer(815301076,1909f56bfc062723c751e8b465ee728b) (PreviewImporter)[PhysX] Initialized MultithreadedTaskDispatcher with 16 workers.
 -> (artifact id: '00000000000000000000000000000000') in 0.0002212 seconds
Import Error Code:(4)
Message: Build asset version error: assets/activatablebuttonspawner.cs in SourceAssetDB has modification time of '2024-08-30T16:46:43.5753739Z' while content on disk has modification time of '2024-08-31T22:16:34.2245Z'
  ERROR: Build asset version error: assets/activatablebuttonspawner.cs in SourceAssetDB has modification time of '2024-08-30T16:46:43.5753739Z' while content on disk has modification time of '2024-08-31T22:16:34.2245Z'
Number of updated asset objects reloaded before import = 0Number of asset objects unloaded after import = 0

========================================================================
Received Import Request.
  Time since last request: 0.003556 seconds.
  path: Assets/ActivatableButtonSpawner.cs
  artifactKey: Guid(3a43ca04d5ef88f409337570e1653f31) Importer(815301076,1909f56bfc062723c751e8b465ee728b)
Start importing Assets/ActivatableButtonSpawner.cs using Guid(3a43ca04d5ef88f409337570e1653f31) Importer(815301076,1909f56bfc062723c751e8b465ee728b) (PreviewImporter)[PhysX] Initialized MultithreadedTaskDispatcher with 16 workers.
 -> (artifact id: '00000000000000000000000000000000') in 0.0002155 seconds
Import Error Code:(4)
Message: Build asset version error: assets/activatablebuttonspawner.cs in SourceAssetDB has modification time of '2024-08-30T16:46:43.5753739Z' while content on disk has modification time of '2024-08-31T22:16:34.2245Z'
  ERROR: Build asset version error: assets/activatablebuttonspawner.cs in SourceAssetDB has modification time of '2024-08-30T16:46:43.5753739Z' while content on disk has modification time of '2024-08-31T22:16:34.2245Z'
Number of updated asset objects reloaded before import = 0Number of asset objects unloaded after import = 0

========================================================================
Received Import Request.
  Time since last request: 0.003957 seconds.
  path: Assets/ActivatableButtonSpawner.cs
  artifactKey: Guid(3a43ca04d5ef88f409337570e1653f31) Importer(815301076,1909f56bfc062723c751e8b465ee728b)
Start importing Assets/ActivatableButtonSpawner.cs using Guid(3a43ca04d5ef88f409337570e1653f31) Importer(815301076,1909f56bfc062723c751e8b465ee728b) (PreviewImporter)[PhysX] Initialized MultithreadedTaskDispatcher with 16 workers.
 -> (artifact id: '00000000000000000000000000000000') in 0.0002812 seconds
Import Error Code:(4)
Message: Build asset version error: assets/activatablebuttonspawner.cs in SourceAssetDB has modification time of '2024-08-30T16:46:43.5753739Z' while content on disk has modification time of '2024-08-31T22:16:34.2245Z'
  ERROR: Build asset version error: assets/activatablebuttonspawner.cs in SourceAssetDB has modification time of '2024-08-30T16:46:43.5753739Z' while content on disk has modification time of '2024-08-31T22:16:34.2245Z'
Number of updated asset objects reloaded before import = 0Number of asset objects unloaded after import = 0

========================================================================
Received Import Request.
  Time since last request: 0.003361 seconds.
  path: Assets/ActivatableButtonSpawner.cs
  artifactKey: Guid(3a43ca04d5ef88f409337570e1653f31) Importer(815301076,1909f56bfc062723c751e8b465ee728b)
Start importing Assets/ActivatableButtonSpawner.cs using Guid(3a43ca04d5ef88f409337570e1653f31) Importer(815301076,1909f56bfc062723c751e8b465ee728b) (PreviewImporter)[PhysX] Initialized MultithreadedTaskDispatcher with 16 workers.
 -> (artifact id: '00000000000000000000000000000000') in 0.0002224 seconds
Import Error Code:(4)
Message: Build asset version error: assets/activatablebuttonspawner.cs in SourceAssetDB has modification time of '2024-08-30T16:46:43.5753739Z' while content on disk has modification time of '2024-08-31T22:16:34.2245Z'
  ERROR: Build asset version error: assets/activatablebuttonspawner.cs in SourceAssetDB has modification time of '2024-08-30T16:46:43.5753739Z' while content on disk has modification time of '2024-08-31T22:16:34.2245Z'
Number of updated asset objects reloaded before import = 0Number of asset objects unloaded after import = 0

========================================================================
Received Import Request.
  Time since last request: 0.003596 seconds.
  path: Assets/ActivatableButtonSpawner.cs
  artifactKey: Guid(3a43ca04d5ef88f409337570e1653f31) Importer(815301076,1909f56bfc062723c751e8b465ee728b)
Start importing Assets/ActivatableButtonSpawner.cs using Guid(3a43ca04d5ef88f409337570e1653f31) Importer(815301076,1909f56bfc062723c751e8b465ee728b) (PreviewImporter)[PhysX] Initialized MultithreadedTaskDispatcher with 16 workers.
 -> (artifact id: '00000000000000000000000000000000') in 0.0002359 seconds
Import Error Code:(4)
Message: Build asset version error: assets/activatablebuttonspawner.cs in SourceAssetDB has modification time of '2024-08-30T16:46:43.5753739Z' while content on disk has modification time of '2024-08-31T22:16:34.2245Z'
  ERROR: Build asset version error: assets/activatablebuttonspawner.cs in SourceAssetDB has modification time of '2024-08-30T16:46:43.5753739Z' while content on disk has modification time of '2024-08-31T22:16:34.2245Z'
Number of updated asset objects reloaded before import = 0Number of asset objects unloaded after import = 0

========================================================================
Received Import Request.
  Time since last request: 0.003454 seconds.
  path: Assets/ActivatableButtonSpawner.cs
  artifactKey: Guid(3a43ca04d5ef88f409337570e1653f31) Importer(815301076,1909f56bfc062723c751e8b465ee728b)
Start importing Assets/ActivatableButtonSpawner.cs using Guid(3a43ca04d5ef88f409337570e1653f31) Importer(815301076,1909f56bfc062723c751e8b465ee728b) (PreviewImporter)[PhysX] Initialized MultithreadedTaskDispatcher with 16 workers.
 -> (artifact id: '00000000000000000000000000000000') in 0.000255 seconds
Import Error Code:(4)
Message: Build asset version error: assets/activatablebuttonspawner.cs in SourceAssetDB has modification time of '2024-08-30T16:46:43.5753739Z' while content on disk has modification time of '2024-08-31T22:16:34.2245Z'
  ERROR: Build asset version error: assets/activatablebuttonspawner.cs in SourceAssetDB has modification time of '2024-08-30T16:46:43.5753739Z' while content on disk has modification time of '2024-08-31T22:16:34.2245Z'
Number of updated asset objects reloaded before import = 0Number of asset objects unloaded after import = 0

========================================================================
Received Import Request.
  Time since last request: 0.003802 seconds.
  path: Assets/ActivatableButtonSpawner.cs
  artifactKey: Guid(3a43ca04d5ef88f409337570e1653f31) Importer(815301076,1909f56bfc062723c751e8b465ee728b)
Start importing Assets/ActivatableButtonSpawner.cs using Guid(3a43ca04d5ef88f409337570e1653f31) Importer(815301076,1909f56bfc062723c751e8b465ee728b) (PreviewImporter)[PhysX] Initialized MultithreadedTaskDispatcher with 16 workers.
 -> (artifact id: '00000000000000000000000000000000') in 0.0002217 seconds
Import Error Code:(4)
Message: Build asset version error: assets/activatablebuttonspawner.cs in SourceAssetDB has modification time of '2024-08-30T16:46:43.5753739Z' while content on disk has modification time of '2024-08-31T22:16:34.2245Z'
  ERROR: Build asset version error: assets/activatablebuttonspawner.cs in SourceAssetDB has modification time of '2024-08-30T16:46:43.5753739Z' while content on disk has modification time of '2024-08-31T22:16:34.2245Z'
Number of updated asset objects reloaded before import = 0Number of asset objects unloaded after import = 0

========================================================================
Received Import Request.
  Time since last request: 0.003443 seconds.
  path: Assets/ActivatableButtonSpawner.cs
  artifactKey: Guid(3a43ca04d5ef88f409337570e1653f31) Importer(815301076,1909f56bfc062723c751e8b465ee728b)
Start importing Assets/ActivatableButtonSpawner.cs using Guid(3a43ca04d5ef88f409337570e1653f31) Importer(815301076,1909f56bfc062723c751e8b465ee728b) (PreviewImporter)[PhysX] Initialized MultithreadedTaskDispatcher with 16 workers.
 -> (artifact id: '00000000000000000000000000000000') in 0.0002198 seconds
Import Error Code:(4)
Message: Build asset version error: assets/activatablebuttonspawner.cs in SourceAssetDB has modification time of '2024-08-30T16:46:43.5753739Z' while content on disk has modification time of '2024-08-31T22:16:34.2245Z'
  ERROR: Build asset version error: assets/activatablebuttonspawner.cs in SourceAssetDB has modification time of '2024-08-30T16:46:43.5753739Z' while content on disk has modification time of '2024-08-31T22:16:34.2245Z'
Number of updated asset objects reloaded before import = 0Number of asset objects unloaded after import = 0

========================================================================
Received Import Request.
  Time since last request: 0.003670 seconds.
  path: Assets/ActivatableButtonSpawner.cs
  artifactKey: Guid(3a43ca04d5ef88f409337570e1653f31) Importer(815301076,1909f56bfc062723c751e8b465ee728b)
Start importing Assets/ActivatableButtonSpawner.cs using Guid(3a43ca04d5ef88f409337570e1653f31) Importer(815301076,1909f56bfc062723c751e8b465ee728b) (PreviewImporter)[PhysX] Initialized MultithreadedTaskDispatcher with 16 workers.
 -> (artifact id: '00000000000000000000000000000000') in 0.0002217 seconds
Import Error Code:(4)
Message: Build asset version error: assets/activatablebuttonspawner.cs in SourceAssetDB has modification time of '2024-08-30T16:46:43.5753739Z' while content on disk has modification time of '2024-08-31T22:16:34.2245Z'
  ERROR: Build asset version error: assets/activatablebuttonspawner.cs in SourceAssetDB has modification time of '2024-08-30T16:46:43.5753739Z' while content on disk has modification time of '2024-08-31T22:16:34.2245Z'
Number of updated asset objects reloaded before import = 0Number of asset objects unloaded after import = 0

========================================================================
Received Import Request.
  Time since last request: 0.003645 seconds.
  path: Assets/ActivatableButtonSpawner.cs
  artifactKey: Guid(3a43ca04d5ef88f409337570e1653f31) Importer(815301076,1909f56bfc062723c751e8b465ee728b)
Start importing Assets/ActivatableButtonSpawner.cs using Guid(3a43ca04d5ef88f409337570e1653f31) Importer(815301076,1909f56bfc062723c751e8b465ee728b) (PreviewImporter)[PhysX] Initialized MultithreadedTaskDispatcher with 16 workers.
 -> (artifact id: '00000000000000000000000000000000') in 0.0002582 seconds
Import Error Code:(4)
Message: Build asset version error: assets/activatablebuttonspawner.cs in SourceAssetDB has modification time of '2024-08-30T16:46:43.5753739Z' while content on disk has modification time of '2024-08-31T22:16:34.2245Z'
  ERROR: Build asset version error: assets/activatablebuttonspawner.cs in SourceAssetDB has modification time of '2024-08-30T16:46:43.5753739Z' while content on disk has modification time of '2024-08-31T22:16:34.2245Z'
Number of updated asset objects reloaded before import = 0Number of asset objects unloaded after import = 0

========================================================================
Received Import Request.
  Time since last request: 0.003300 seconds.
  path: Assets/ActivatableButtonSpawner.cs
  artifactKey: Guid(3a43ca04d5ef88f409337570e1653f31) Importer(815301076,1909f56bfc062723c751e8b465ee728b)
Start importing Assets/ActivatableButtonSpawner.cs using Guid(3a43ca04d5ef88f409337570e1653f31) Importer(815301076,1909f56bfc062723c751e8b465ee728b) (PreviewImporter)[PhysX] Initialized MultithreadedTaskDispatcher with 16 workers.
 -> (artifact id: '00000000000000000000000000000000') in 0.000214 seconds
Import Error Code:(4)
Message: Build asset version error: assets/activatablebuttonspawner.cs in SourceAssetDB has modification time of '2024-08-30T16:46:43.5753739Z' while content on disk has modification time of '2024-08-31T22:16:34.2245Z'
  ERROR: Build asset version error: assets/activatablebuttonspawner.cs in SourceAssetDB has modification time of '2024-08-30T16:46:43.5753739Z' while content on disk has modification time of '2024-08-31T22:16:34.2245Z'
Number of updated asset objects reloaded before import = 0Number of asset objects unloaded after import = 0

========================================================================
Received Import Request.
  Time since last request: 0.003546 seconds.
  path: Assets/ActivatableButtonSpawner.cs
  artifactKey: Guid(3a43ca04d5ef88f409337570e1653f31) Importer(815301076,1909f56bfc062723c751e8b465ee728b)
Start importing Assets/ActivatableButtonSpawner.cs using Guid(3a43ca04d5ef88f409337570e1653f31) Importer(815301076,1909f56bfc062723c751e8b465ee728b) (PreviewImporter)[PhysX] Initialized MultithreadedTaskDispatcher with 16 workers.
 -> (artifact id: '00000000000000000000000000000000') in 0.0002188 seconds
Import Error Code:(4)
Message: Build asset version error: assets/activatablebuttonspawner.cs in SourceAssetDB has modification time of '2024-08-30T16:46:43.5753739Z' while content on disk has modification time of '2024-08-31T22:16:34.2245Z'
  ERROR: Build asset version error: assets/activatablebuttonspawner.cs in SourceAssetDB has modification time of '2024-08-30T16:46:43.5753739Z' while content on disk has modification time of '2024-08-31T22:16:34.2245Z'
Number of updated asset objects reloaded before import = 0Number of asset objects unloaded after import = 0

========================================================================
Received Import Request.
  Time since last request: 0.003787 seconds.
  path: Assets/ActivatableButtonSpawner.cs
  artifactKey: Guid(3a43ca04d5ef88f409337570e1653f31) Importer(815301076,1909f56bfc062723c751e8b465ee728b)
Start importing Assets/ActivatableButtonSpawner.cs using Guid(3a43ca04d5ef88f409337570e1653f31) Importer(815301076,1909f56bfc062723c751e8b465ee728b) (PreviewImporter)[PhysX] Initialized MultithreadedTaskDispatcher with 16 workers.
 -> (artifact id: '00000000000000000000000000000000') in 0.0002327 seconds
Import Error Code:(4)
Message: Build asset version error: assets/activatablebuttonspawner.cs in SourceAssetDB has modification time of '2024-08-30T16:46:43.5753739Z' while content on disk has modification time of '2024-08-31T22:16:34.2245Z'
  ERROR: Build asset version error: assets/activatablebuttonspawner.cs in SourceAssetDB has modification time of '2024-08-30T16:46:43.5753739Z' while content on disk has modification time of '2024-08-31T22:16:34.2245Z'
Number of updated asset objects reloaded before import = 0Number of asset objects unloaded after import = 0

========================================================================
Received Import Request.
  Time since last request: 0.004004 seconds.
  path: Assets/ActivatableButtonSpawner.cs
  artifactKey: Guid(3a43ca04d5ef88f409337570e1653f31) Importer(815301076,1909f56bfc062723c751e8b465ee728b)
Start importing Assets/ActivatableButtonSpawner.cs using Guid(3a43ca04d5ef88f409337570e1653f31) Importer(815301076,1909f56bfc062723c751e8b465ee728b) (PreviewImporter)[PhysX] Initialized MultithreadedTaskDispatcher with 16 workers.
 -> (artifact id: '00000000000000000000000000000000') in 0.0003398 seconds
Import Error Code:(4)
Message: Build asset version error: assets/activatablebuttonspawner.cs in SourceAssetDB has modification time of '2024-08-30T16:46:43.5753739Z' while content on disk has modification time of '2024-08-31T22:16:34.2245Z'
  ERROR: Build asset version error: assets/activatablebuttonspawner.cs in SourceAssetDB has modification time of '2024-08-30T16:46:43.5753739Z' while content on disk has modification time of '2024-08-31T22:16:34.2245Z'
Number of updated asset objects reloaded before import = 0Number of asset objects unloaded after import = 0

========================================================================
Received Import Request.
  Time since last request: 0.003585 seconds.
  path: Assets/ActivatableButtonSpawner.cs
  artifactKey: Guid(3a43ca04d5ef88f409337570e1653f31) Importer(815301076,1909f56bfc062723c751e8b465ee728b)
Start importing Assets/ActivatableButtonSpawner.cs using Guid(3a43ca04d5ef88f409337570e1653f31) Importer(815301076,1909f56bfc062723c751e8b465ee728b) (PreviewImporter)[PhysX] Initialized MultithreadedTaskDispatcher with 16 workers.
 -> (artifact id: '00000000000000000000000000000000') in 0.0002528 seconds
Import Error Code:(4)
Message: Build asset version error: assets/activatablebuttonspawner.cs in SourceAssetDB has modification time of '2024-08-30T16:46:43.5753739Z' while content on disk has modification time of '2024-08-31T22:16:34.2245Z'
  ERROR: Build asset version error: assets/activatablebuttonspawner.cs in SourceAssetDB has modification time of '2024-08-30T16:46:43.5753739Z' while content on disk has modification time of '2024-08-31T22:16:34.2245Z'
Number of updated asset objects reloaded before import = 0Number of asset objects unloaded after import = 0

========================================================================
Received Import Request.
  Time since last request: 0.003456 seconds.
  path: Assets/ActivatableButtonSpawner.cs
  artifactKey: Guid(3a43ca04d5ef88f409337570e1653f31) Importer(815301076,1909f56bfc062723c751e8b465ee728b)
Start importing Assets/ActivatableButtonSpawner.cs using Guid(3a43ca04d5ef88f409337570e1653f31) Importer(815301076,1909f56bfc062723c751e8b465ee728b) (PreviewImporter)[PhysX] Initialized MultithreadedTaskDispatcher with 16 workers.
 -> (artifact id: '00000000000000000000000000000000') in 0.0002203 seconds
Import Error Code:(4)
Message: Build asset version error: assets/activatablebuttonspawner.cs in SourceAssetDB has modification time of '2024-08-30T16:46:43.5753739Z' while content on disk has modification time of '2024-08-31T22:16:34.2245Z'
  ERROR: Build asset version error: assets/activatablebuttonspawner.cs in SourceAssetDB has modification time of '2024-08-30T16:46:43.5753739Z' while content on disk has modification time of '2024-08-31T22:16:34.2245Z'
Number of updated asset objects reloaded before import = 0Number of asset objects unloaded after import = 0

========================================================================
Received Import Request.
  Time since last request: 0.003825 seconds.
  path: Assets/ActivatableButtonSpawner.cs
  artifactKey: Guid(3a43ca04d5ef88f409337570e1653f31) Importer(815301076,1909f56bfc062723c751e8b465ee728b)
Start importing Assets/ActivatableButtonSpawner.cs using Guid(3a43ca04d5ef88f409337570e1653f31) Importer(815301076,1909f56bfc062723c751e8b465ee728b) (PreviewImporter)[PhysX] Initialized MultithreadedTaskDispatcher with 16 workers.
 -> (artifact id: '00000000000000000000000000000000') in 0.0002336 seconds
Import Error Code:(4)
Message: Build asset version error: assets/activatablebuttonspawner.cs in SourceAssetDB has modification time of '2024-08-30T16:46:43.5753739Z' while content on disk has modification time of '2024-08-31T22:16:34.2245Z'
  ERROR: Build asset version error: assets/activatablebuttonspawner.cs in SourceAssetDB has modification time of '2024-08-30T16:46:43.5753739Z' while content on disk has modification time of '2024-08-31T22:16:34.2245Z'
Number of updated asset objects reloaded before import = 0Number of asset objects unloaded after import = 0

========================================================================
Received Import Request.
  Time since last request: 0.003837 seconds.
  path: Assets/ActivatableButtonSpawner.cs
  artifactKey: Guid(3a43ca04d5ef88f409337570e1653f31) Importer(815301076,1909f56bfc062723c751e8b465ee728b)
Start importing Assets/ActivatableButtonSpawner.cs using Guid(3a43ca04d5ef88f409337570e1653f31) Importer(815301076,1909f56bfc062723c751e8b465ee728b) (PreviewImporter)[PhysX] Initialized MultithreadedTaskDispatcher with 16 workers.
 -> (artifact id: '00000000000000000000000000000000') in 0.0002539 seconds
Import Error Code:(4)
Message: Build asset version error: assets/activatablebuttonspawner.cs in SourceAssetDB has modification time of '2024-08-30T16:46:43.5753739Z' while content on disk has modification time of '2024-08-31T22:16:34.2245Z'
  ERROR: Build asset version error: assets/activatablebuttonspawner.cs in SourceAssetDB has modification time of '2024-08-30T16:46:43.5753739Z' while content on disk has modification time of '2024-08-31T22:16:34.2245Z'
Number of updated asset objects reloaded before import = 0Number of asset objects unloaded after import = 0

========================================================================
Received Import Request.
  Time since last request: 0.003160 seconds.
  path: Assets/ActivatableButtonSpawner.cs
  artifactKey: Guid(3a43ca04d5ef88f409337570e1653f31) Importer(815301076,1909f56bfc062723c751e8b465ee728b)
Start importing Assets/ActivatableButtonSpawner.cs using Guid(3a43ca04d5ef88f409337570e1653f31) Importer(815301076,1909f56bfc062723c751e8b465ee728b) (PreviewImporter)[PhysX] Initialized MultithreadedTaskDispatcher with 16 workers.
 -> (artifact id: '00000000000000000000000000000000') in 0.0002211 seconds
Import Error Code:(4)
Message: Build asset version error: assets/activatablebuttonspawner.cs in SourceAssetDB has modification time of '2024-08-30T16:46:43.5753739Z' while content on disk has modification time of '2024-08-31T22:16:34.2245Z'
  ERROR: Build asset version error: assets/activatablebuttonspawner.cs in SourceAssetDB has modification time of '2024-08-30T16:46:43.5753739Z' while content on disk has modification time of '2024-08-31T22:16:34.2245Z'
Number of updated asset objects reloaded before import = 0Number of asset objects unloaded after import = 0

========================================================================
Received Import Request.
  Time since last request: 0.003512 seconds.
  path: Assets/ActivatableButtonSpawner.cs
  artifactKey: Guid(3a43ca04d5ef88f409337570e1653f31) Importer(815301076,1909f56bfc062723c751e8b465ee728b)
Start importing Assets/ActivatableButtonSpawner.cs using Guid(3a43ca04d5ef88f409337570e1653f31) Importer(815301076,1909f56bfc062723c751e8b465ee728b) (PreviewImporter)[PhysX] Initialized MultithreadedTaskDispatcher with 16 workers.
 -> (artifact id: '00000000000000000000000000000000') in 0.0002186 seconds
Import Error Code:(4)
Message: Build asset version error: assets/activatablebuttonspawner.cs in SourceAssetDB has modification time of '2024-08-30T16:46:43.5753739Z' while content on disk has modification time of '2024-08-31T22:16:34.2245Z'
  ERROR: Build asset version error: assets/activatablebuttonspawner.cs in SourceAssetDB has modification time of '2024-08-30T16:46:43.5753739Z' while content on disk has modification time of '2024-08-31T22:16:34.2245Z'
Number of updated asset objects reloaded before import = 0Number of asset objects unloaded after import = 0

========================================================================
Received Import Request.
  Time since last request: 0.003905 seconds.
  path: Assets/ActivatableButtonSpawner.cs
  artifactKey: Guid(3a43ca04d5ef88f409337570e1653f31) Importer(815301076,1909f56bfc062723c751e8b465ee728b)
Start importing Assets/ActivatableButtonSpawner.cs using Guid(3a43ca04d5ef88f409337570e1653f31) Importer(815301076,1909f56bfc062723c751e8b465ee728b) (PreviewImporter)[PhysX] Initialized MultithreadedTaskDispatcher with 16 workers.
 -> (artifact id: '00000000000000000000000000000000') in 0.0002517 seconds
Import Error Code:(4)
Message: Build asset version error: assets/activatablebuttonspawner.cs in SourceAssetDB has modification time of '2024-08-30T16:46:43.5753739Z' while content on disk has modification time of '2024-08-31T22:16:34.2245Z'
  ERROR: Build asset version error: assets/activatablebuttonspawner.cs in SourceAssetDB has modification time of '2024-08-30T16:46:43.5753739Z' while content on disk has modification time of '2024-08-31T22:16:34.2245Z'
Number of updated asset objects reloaded before import = 0Number of asset objects unloaded after import = 0

========================================================================
Received Import Request.
  Time since last request: 0.003532 seconds.
  path: Assets/ActivatableButtonSpawner.cs
  artifactKey: Guid(3a43ca04d5ef88f409337570e1653f31) Importer(815301076,1909f56bfc062723c751e8b465ee728b)
Start importing Assets/ActivatableButtonSpawner.cs using Guid(3a43ca04d5ef88f409337570e1653f31) Importer(815301076,1909f56bfc062723c751e8b465ee728b) (PreviewImporter)[PhysX] Initialized MultithreadedTaskDispatcher with 16 workers.
 -> (artifact id: '00000000000000000000000000000000') in 0.0002288 seconds
Import Error Code:(4)
Message: Build asset version error: assets/activatablebuttonspawner.cs in SourceAssetDB has modification time of '2024-08-30T16:46:43.5753739Z' while content on disk has modification time of '2024-08-31T22:16:34.2245Z'
  ERROR: Build asset version error: assets/activatablebuttonspawner.cs in SourceAssetDB has modification time of '2024-08-30T16:46:43.5753739Z' while content on disk has modification time of '2024-08-31T22:16:34.2245Z'
Number of updated asset objects reloaded before import = 0Number of asset objects unloaded after import = 0

========================================================================
Received Import Request.
  Time since last request: 0.003472 seconds.
  path: Assets/ActivatableButtonSpawner.cs
  artifactKey: Guid(3a43ca04d5ef88f409337570e1653f31) Importer(815301076,1909f56bfc062723c751e8b465ee728b)
Start importing Assets/ActivatableButtonSpawner.cs using Guid(3a43ca04d5ef88f409337570e1653f31) Importer(815301076,1909f56bfc062723c751e8b465ee728b) (PreviewImporter)[PhysX] Initialized MultithreadedTaskDispatcher with 16 workers.
 -> (artifact id: '00000000000000000000000000000000') in 0.0002151 seconds
Import Error Code:(4)
Message: Build asset version error: assets/activatablebuttonspawner.cs in SourceAssetDB has modification time of '2024-08-30T16:46:43.5753739Z' while content on disk has modification time of '2024-08-31T22:16:34.2245Z'
  ERROR: Build asset version error: assets/activatablebuttonspawner.cs in SourceAssetDB has modification time of '2024-08-30T16:46:43.5753739Z' while content on disk has modification time of '2024-08-31T22:16:34.2245Z'
Number of updated asset objects reloaded before import = 0Number of asset objects unloaded after import = 0

========================================================================
Received Import Request.
  Time since last request: 0.003550 seconds.
  path: Assets/ActivatableButtonSpawner.cs
  artifactKey: Guid(3a43ca04d5ef88f409337570e1653f31) Importer(815301076,1909f56bfc062723c751e8b465ee728b)
Start importing Assets/ActivatableButtonSpawner.cs using Guid(3a43ca04d5ef88f409337570e1653f31) Importer(815301076,1909f56bfc062723c751e8b465ee728b) (PreviewImporter)[PhysX] Initialized MultithreadedTaskDispatcher with 16 workers.
 -> (artifact id: '00000000000000000000000000000000') in 0.0002154 seconds
Import Error Code:(4)
Message: Build asset version error: assets/activatablebuttonspawner.cs in SourceAssetDB has modification time of '2024-08-30T16:46:43.5753739Z' while content on disk has modification time of '2024-08-31T22:16:34.2245Z'
  ERROR: Build asset version error: assets/activatablebuttonspawner.cs in SourceAssetDB has modification time of '2024-08-30T16:46:43.5753739Z' while content on disk has modification time of '2024-08-31T22:16:34.2245Z'
Number of updated asset objects reloaded before import = 0Number of asset objects unloaded after import = 0

========================================================================
Received Import Request.
  Time since last request: 0.003776 seconds.
  path: Assets/ActivatableButtonSpawner.cs
  artifactKey: Guid(3a43ca04d5ef88f409337570e1653f31) Importer(815301076,1909f56bfc062723c751e8b465ee728b)
Start importing Assets/ActivatableButtonSpawner.cs using Guid(3a43ca04d5ef88f409337570e1653f31) Importer(815301076,1909f56bfc062723c751e8b465ee728b) (PreviewImporter)[PhysX] Initialized MultithreadedTaskDispatcher with 16 workers.
 -> (artifact id: '00000000000000000000000000000000') in 0.0002952 seconds
Import Error Code:(4)
Message: Build asset version error: assets/activatablebuttonspawner.cs in SourceAssetDB has modification time of '2024-08-30T16:46:43.5753739Z' while content on disk has modification time of '2024-08-31T22:16:34.2245Z'
  ERROR: Build asset version error: assets/activatablebuttonspawner.cs in SourceAssetDB has modification time of '2024-08-30T16:46:43.5753739Z' while content on disk has modification time of '2024-08-31T22:16:34.2245Z'
Number of updated asset objects reloaded before import = 0Number of asset objects unloaded after import = 0

========================================================================
Received Import Request.
  Time since last request: 0.003496 seconds.
  path: Assets/ActivatableButtonSpawner.cs
  artifactKey: Guid(3a43ca04d5ef88f409337570e1653f31) Importer(815301076,1909f56bfc062723c751e8b465ee728b)
Start importing Assets/ActivatableButtonSpawner.cs using Guid(3a43ca04d5ef88f409337570e1653f31) Importer(815301076,1909f56bfc062723c751e8b465ee728b) (PreviewImporter)[PhysX] Initialized MultithreadedTaskDispatcher with 16 workers.
 -> (artifact id: '00000000000000000000000000000000') in 0.0002454 seconds
Import Error Code:(4)
Message: Build asset version error: assets/activatablebuttonspawner.cs in SourceAssetDB has modification time of '2024-08-30T16:46:43.5753739Z' while content on disk has modification time of '2024-08-31T22:16:34.2245Z'
  ERROR: Build asset version error: assets/activatablebuttonspawner.cs in SourceAssetDB has modification time of '2024-08-30T16:46:43.5753739Z' while content on disk has modification time of '2024-08-31T22:16:34.2245Z'
Number of updated asset objects reloaded before import = 0Number of asset objects unloaded after import = 0

========================================================================
Received Import Request.
  Time since last request: 0.003501 seconds.
  path: Assets/ActivatableButtonSpawner.cs
  artifactKey: Guid(3a43ca04d5ef88f409337570e1653f31) Importer(815301076,1909f56bfc062723c751e8b465ee728b)
Start importing Assets/ActivatableButtonSpawner.cs using Guid(3a43ca04d5ef88f409337570e1653f31) Importer(815301076,1909f56bfc062723c751e8b465ee728b) (PreviewImporter)[PhysX] Initialized MultithreadedTaskDispatcher with 16 workers.
 -> (artifact id: '00000000000000000000000000000000') in 0.0002161 seconds
Import Error Code:(4)
Message: Build asset version error: assets/activatablebuttonspawner.cs in SourceAssetDB has modification time of '2024-08-30T16:46:43.5753739Z' while content on disk has modification time of '2024-08-31T22:16:34.2245Z'
  ERROR: Build asset version error: assets/activatablebuttonspawner.cs in SourceAssetDB has modification time of '2024-08-30T16:46:43.5753739Z' while content on disk has modification time of '2024-08-31T22:16:34.2245Z'
Number of updated asset objects reloaded before import = 0Number of asset objects unloaded after import = 0

========================================================================
Received Import Request.
  Time since last request: 0.003532 seconds.
  path: Assets/ActivatableButtonSpawner.cs
  artifactKey: Guid(3a43ca04d5ef88f409337570e1653f31) Importer(815301076,1909f56bfc062723c751e8b465ee728b)
Start importing Assets/ActivatableButtonSpawner.cs using Guid(3a43ca04d5ef88f409337570e1653f31) Importer(815301076,1909f56bfc062723c751e8b465ee728b) (PreviewImporter)[PhysX] Initialized MultithreadedTaskDispatcher with 16 workers.
 -> (artifact id: '00000000000000000000000000000000') in 0.000216 seconds
Import Error Code:(4)
Message: Build asset version error: assets/activatablebuttonspawner.cs in SourceAssetDB has modification time of '2024-08-30T16:46:43.5753739Z' while content on disk has modification time of '2024-08-31T22:16:34.2245Z'
  ERROR: Build asset version error: assets/activatablebuttonspawner.cs in SourceAssetDB has modification time of '2024-08-30T16:46:43.5753739Z' while content on disk has modification time of '2024-08-31T22:16:34.2245Z'
Number of updated asset objects reloaded before import = 0Number of asset objects unloaded after import = 0

========================================================================
Received Import Request.
  Time since last request: 0.004559 seconds.
  path: Assets/ActivatableButtonSpawner.cs
  artifactKey: Guid(3a43ca04d5ef88f409337570e1653f31) Importer(815301076,1909f56bfc062723c751e8b465ee728b)
Start importing Assets/ActivatableButtonSpawner.cs using Guid(3a43ca04d5ef88f409337570e1653f31) Importer(815301076,1909f56bfc062723c751e8b465ee728b) (PreviewImporter)[PhysX] Initialized MultithreadedTaskDispatcher with 16 workers.
 -> (artifact id: '00000000000000000000000000000000') in 0.000263 seconds
Import Error Code:(4)
Message: Build asset version error: assets/activatablebuttonspawner.cs in SourceAssetDB has modification time of '2024-08-30T16:46:43.5753739Z' while content on disk has modification time of '2024-08-31T22:16:34.2245Z'
  ERROR: Build asset version error: assets/activatablebuttonspawner.cs in SourceAssetDB has modification time of '2024-08-30T16:46:43.5753739Z' while content on disk has modification time of '2024-08-31T22:16:34.2245Z'
Number of updated asset objects reloaded before import = 0Number of asset objects unloaded after import = 0

========================================================================
Received Import Request.
  Time since last request: 0.003494 seconds.
  path: Assets/ActivatableButtonSpawner.cs
  artifactKey: Guid(3a43ca04d5ef88f409337570e1653f31) Importer(815301076,1909f56bfc062723c751e8b465ee728b)
Start importing Assets/ActivatableButtonSpawner.cs using Guid(3a43ca04d5ef88f409337570e1653f31) Importer(815301076,1909f56bfc062723c751e8b465ee728b) (PreviewImporter)[PhysX] Initialized MultithreadedTaskDispatcher with 16 workers.
 -> (artifact id: '00000000000000000000000000000000') in 0.0002448 seconds
Import Error Code:(4)
Message: Build asset version error: assets/activatablebuttonspawner.cs in SourceAssetDB has modification time of '2024-08-30T16:46:43.5753739Z' while content on disk has modification time of '2024-08-31T22:16:34.2245Z'
  ERROR: Build asset version error: assets/activatablebuttonspawner.cs in SourceAssetDB has modification time of '2024-08-30T16:46:43.5753739Z' while content on disk has modification time of '2024-08-31T22:16:34.2245Z'
Number of updated asset objects reloaded before import = 0Number of asset objects unloaded after import = 0

========================================================================
Received Import Request.
  Time since last request: 0.003724 seconds.
  path: Assets/ActivatableButtonSpawner.cs
  artifactKey: Guid(3a43ca04d5ef88f409337570e1653f31) Importer(815301076,1909f56bfc062723c751e8b465ee728b)
Start importing Assets/ActivatableButtonSpawner.cs using Guid(3a43ca04d5ef88f409337570e1653f31) Importer(815301076,1909f56bfc062723c751e8b465ee728b) (PreviewImporter)[PhysX] Initialized MultithreadedTaskDispatcher with 16 workers.
 -> (artifact id: '00000000000000000000000000000000') in 0.0002151 seconds
Import Error Code:(4)
Message: Build asset version error: assets/activatablebuttonspawner.cs in SourceAssetDB has modification time of '2024-08-30T16:46:43.5753739Z' while content on disk has modification time of '2024-08-31T22:16:34.2245Z'
  ERROR: Build asset version error: assets/activatablebuttonspawner.cs in SourceAssetDB has modification time of '2024-08-30T16:46:43.5753739Z' while content on disk has modification time of '2024-08-31T22:16:34.2245Z'
Number of updated asset objects reloaded before import = 0Number of asset objects unloaded after import = 0

========================================================================
Received Import Request.
  Time since last request: 0.003480 seconds.
  path: Assets/ActivatableButtonSpawner.cs
  artifactKey: Guid(3a43ca04d5ef88f409337570e1653f31) Importer(815301076,1909f56bfc062723c751e8b465ee728b)
Start importing Assets/ActivatableButtonSpawner.cs using Guid(3a43ca04d5ef88f409337570e1653f31) Importer(815301076,1909f56bfc062723c751e8b465ee728b) (PreviewImporter)[PhysX] Initialized MultithreadedTaskDispatcher with 16 workers.
 -> (artifact id: '00000000000000000000000000000000') in 0.0002355 seconds
Import Error Code:(4)
Message: Build asset version error: assets/activatablebuttonspawner.cs in SourceAssetDB has modification time of '2024-08-30T16:46:43.5753739Z' while content on disk has modification time of '2024-08-31T22:16:34.2245Z'
  ERROR: Build asset version error: assets/activatablebuttonspawner.cs in SourceAssetDB has modification time of '2024-08-30T16:46:43.5753739Z' while content on disk has modification time of '2024-08-31T22:16:34.2245Z'
Number of updated asset objects reloaded before import = 0Number of asset objects unloaded after import = 0

========================================================================
Received Import Request.
  Time since last request: 0.004116 seconds.
  path: Assets/ActivatableButtonSpawner.cs
  artifactKey: Guid(3a43ca04d5ef88f409337570e1653f31) Importer(815301076,1909f56bfc062723c751e8b465ee728b)
Start importing Assets/ActivatableButtonSpawner.cs using Guid(3a43ca04d5ef88f409337570e1653f31) Importer(815301076,1909f56bfc062723c751e8b465ee728b) (PreviewImporter)[PhysX] Initialized MultithreadedTaskDispatcher with 16 workers.
 -> (artifact id: '00000000000000000000000000000000') in 0.0002497 seconds
Import Error Code:(4)
Message: Build asset version error: assets/activatablebuttonspawner.cs in SourceAssetDB has modification time of '2024-08-30T16:46:43.5753739Z' while content on disk has modification time of '2024-08-31T22:16:34.2245Z'
  ERROR: Build asset version error: assets/activatablebuttonspawner.cs in SourceAssetDB has modification time of '2024-08-30T16:46:43.5753739Z' while content on disk has modification time of '2024-08-31T22:16:34.2245Z'
Number of updated asset objects reloaded before import = 0Number of asset objects unloaded after import = 0

========================================================================
Received Import Request.
  Time since last request: 0.003255 seconds.
  path: Assets/ActivatableButtonSpawner.cs
  artifactKey: Guid(3a43ca04d5ef88f409337570e1653f31) Importer(815301076,1909f56bfc062723c751e8b465ee728b)
Start importing Assets/ActivatableButtonSpawner.cs using Guid(3a43ca04d5ef88f409337570e1653f31) Importer(815301076,1909f56bfc062723c751e8b465ee728b) (PreviewImporter)[PhysX] Initialized MultithreadedTaskDispatcher with 16 workers.
 -> (artifact id: '00000000000000000000000000000000') in 0.0002264 seconds
Import Error Code:(4)
Message: Build asset version error: assets/activatablebuttonspawner.cs in SourceAssetDB has modification time of '2024-08-30T16:46:43.5753739Z' while content on disk has modification time of '2024-08-31T22:16:34.2245Z'
  ERROR: Build asset version error: assets/activatablebuttonspawner.cs in SourceAssetDB has modification time of '2024-08-30T16:46:43.5753739Z' while content on disk has modification time of '2024-08-31T22:16:34.2245Z'
Number of updated asset objects reloaded before import = 0Number of asset objects unloaded after import = 0

========================================================================
Received Import Request.
  Time since last request: 0.003567 seconds.
  path: Assets/ActivatableButtonSpawner.cs
  artifactKey: Guid(3a43ca04d5ef88f409337570e1653f31) Importer(815301076,1909f56bfc062723c751e8b465ee728b)
Start importing Assets/ActivatableButtonSpawner.cs using Guid(3a43ca04d5ef88f409337570e1653f31) Importer(815301076,1909f56bfc062723c751e8b465ee728b) (PreviewImporter)[PhysX] Initialized MultithreadedTaskDispatcher with 16 workers.
 -> (artifact id: '00000000000000000000000000000000') in 0.0002232 seconds
Import Error Code:(4)
Message: Build asset version error: assets/activatablebuttonspawner.cs in SourceAssetDB has modification time of '2024-08-30T16:46:43.5753739Z' while content on disk has modification time of '2024-08-31T22:16:34.2245Z'
  ERROR: Build asset version error: assets/activatablebuttonspawner.cs in SourceAssetDB has modification time of '2024-08-30T16:46:43.5753739Z' while content on disk has modification time of '2024-08-31T22:16:34.2245Z'
Number of updated asset objects reloaded before import = 0Number of asset objects unloaded after import = 0

========================================================================
Received Import Request.
  Time since last request: 0.003445 seconds.
  path: Assets/ActivatableButtonSpawner.cs
  artifactKey: Guid(3a43ca04d5ef88f409337570e1653f31) Importer(815301076,1909f56bfc062723c751e8b465ee728b)
Start importing Assets/ActivatableButtonSpawner.cs using Guid(3a43ca04d5ef88f409337570e1653f31) Importer(815301076,1909f56bfc062723c751e8b465ee728b) (PreviewImporter)[PhysX] Initialized MultithreadedTaskDispatcher with 16 workers.
 -> (artifact id: '00000000000000000000000000000000') in 0.0002143 seconds
Import Error Code:(4)
Message: Build asset version error: assets/activatablebuttonspawner.cs in SourceAssetDB has modification time of '2024-08-30T16:46:43.5753739Z' while content on disk has modification time of '2024-08-31T22:16:34.2245Z'
  ERROR: Build asset version error: assets/activatablebuttonspawner.cs in SourceAssetDB has modification time of '2024-08-30T16:46:43.5753739Z' while content on disk has modification time of '2024-08-31T22:16:34.2245Z'
Number of updated asset objects reloaded before import = 0Number of asset objects unloaded after import = 0

========================================================================
Received Import Request.
  Time since last request: 0.003972 seconds.
  path: Assets/ActivatableButtonSpawner.cs
  artifactKey: Guid(3a43ca04d5ef88f409337570e1653f31) Importer(815301076,1909f56bfc062723c751e8b465ee728b)
Start importing Assets/ActivatableButtonSpawner.cs using Guid(3a43ca04d5ef88f409337570e1653f31) Importer(815301076,1909f56bfc062723c751e8b465ee728b) (PreviewImporter)[PhysX] Initialized MultithreadedTaskDispatcher with 16 workers.
 -> (artifact id: '00000000000000000000000000000000') in 0.0002541 seconds
Import Error Code:(4)
Message: Build asset version error: assets/activatablebuttonspawner.cs in SourceAssetDB has modification time of '2024-08-30T16:46:43.5753739Z' while content on disk has modification time of '2024-08-31T22:16:34.2245Z'
  ERROR: Build asset version error: assets/activatablebuttonspawner.cs in SourceAssetDB has modification time of '2024-08-30T16:46:43.5753739Z' while content on disk has modification time of '2024-08-31T22:16:34.2245Z'
Number of updated asset objects reloaded before import = 0Number of asset objects unloaded after import = 0

========================================================================
Received Import Request.
  Time since last request: 0.003675 seconds.
  path: Assets/ActivatableButtonSpawner.cs
  artifactKey: Guid(3a43ca04d5ef88f409337570e1653f31) Importer(815301076,1909f56bfc062723c751e8b465ee728b)
Start importing Assets/ActivatableButtonSpawner.cs using Guid(3a43ca04d5ef88f409337570e1653f31) Importer(815301076,1909f56bfc062723c751e8b465ee728b) (PreviewImporter)[PhysX] Initialized MultithreadedTaskDispatcher with 16 workers.
 -> (artifact id: '00000000000000000000000000000000') in 0.0002499 seconds
Import Error Code:(4)
Message: Build asset version error: assets/activatablebuttonspawner.cs in SourceAssetDB has modification time of '2024-08-30T16:46:43.5753739Z' while content on disk has modification time of '2024-08-31T22:16:34.2245Z'
  ERROR: Build asset version error: assets/activatablebuttonspawner.cs in SourceAssetDB has modification time of '2024-08-30T16:46:43.5753739Z' while content on disk has modification time of '2024-08-31T22:16:34.2245Z'
Number of updated asset objects reloaded before import = 0Number of asset objects unloaded after import = 0

========================================================================
Received Import Request.
  Time since last request: 0.003520 seconds.
  path: Assets/ActivatableButtonSpawner.cs
  artifactKey: Guid(3a43ca04d5ef88f409337570e1653f31) Importer(815301076,1909f56bfc062723c751e8b465ee728b)
Start importing Assets/ActivatableButtonSpawner.cs using Guid(3a43ca04d5ef88f409337570e1653f31) Importer(815301076,1909f56bfc062723c751e8b465ee728b) (PreviewImporter)[PhysX] Initialized MultithreadedTaskDispatcher with 16 workers.
 -> (artifact id: '00000000000000000000000000000000') in 0.0002687 seconds
Import Error Code:(4)
Message: Build asset version error: assets/activatablebuttonspawner.cs in SourceAssetDB has modification time of '2024-08-30T16:46:43.5753739Z' while content on disk has modification time of '2024-08-31T22:16:34.2245Z'
  ERROR: Build asset version error: assets/activatablebuttonspawner.cs in SourceAssetDB has modification time of '2024-08-30T16:46:43.5753739Z' while content on disk has modification time of '2024-08-31T22:16:34.2245Z'
Number of updated asset objects reloaded before import = 0Number of asset objects unloaded after import = 0

========================================================================
Received Import Request.
  Time since last request: 0.003500 seconds.
  path: Assets/ActivatableButtonSpawner.cs
  artifactKey: Guid(3a43ca04d5ef88f409337570e1653f31) Importer(815301076,1909f56bfc062723c751e8b465ee728b)
Start importing Assets/ActivatableButtonSpawner.cs using Guid(3a43ca04d5ef88f409337570e1653f31) Importer(815301076,1909f56bfc062723c751e8b465ee728b) (PreviewImporter)[PhysX] Initialized MultithreadedTaskDispatcher with 16 workers.
 -> (artifact id: '00000000000000000000000000000000') in 0.0002532 seconds
Import Error Code:(4)
Message: Build asset version error: assets/activatablebuttonspawner.cs in SourceAssetDB has modification time of '2024-08-30T16:46:43.5753739Z' while content on disk has modification time of '2024-08-31T22:16:34.2245Z'
  ERROR: Build asset version error: assets/activatablebuttonspawner.cs in SourceAssetDB has modification time of '2024-08-30T16:46:43.5753739Z' while content on disk has modification time of '2024-08-31T22:16:34.2245Z'
Number of updated asset objects reloaded before import = 0Number of asset objects unloaded after import = 0

========================================================================
Received Import Request.
  Time since last request: 0.003866 seconds.
  path: Assets/ActivatableButtonSpawner.cs
  artifactKey: Guid(3a43ca04d5ef88f409337570e1653f31) Importer(815301076,1909f56bfc062723c751e8b465ee728b)
Start importing Assets/ActivatableButtonSpawner.cs using Guid(3a43ca04d5ef88f409337570e1653f31) Importer(815301076,1909f56bfc062723c751e8b465ee728b) (PreviewImporter)[PhysX] Initialized MultithreadedTaskDispatcher with 16 workers.
 -> (artifact id: '00000000000000000000000000000000') in 0.000238 seconds
Import Error Code:(4)
Message: Build asset version error: assets/activatablebuttonspawner.cs in SourceAssetDB has modification time of '2024-08-30T16:46:43.5753739Z' while content on disk has modification time of '2024-08-31T22:16:34.2245Z'
  ERROR: Build asset version error: assets/activatablebuttonspawner.cs in SourceAssetDB has modification time of '2024-08-30T16:46:43.5753739Z' while content on disk has modification time of '2024-08-31T22:16:34.2245Z'
Number of updated asset objects reloaded before import = 0Number of asset objects unloaded after import = 0

========================================================================
Received Import Request.
  Time since last request: 0.003542 seconds.
  path: Assets/ActivatableButtonSpawner.cs
  artifactKey: Guid(3a43ca04d5ef88f409337570e1653f31) Importer(815301076,1909f56bfc062723c751e8b465ee728b)
Start importing Assets/ActivatableButtonSpawner.cs using Guid(3a43ca04d5ef88f409337570e1653f31) Importer(815301076,1909f56bfc062723c751e8b465ee728b) (PreviewImporter)[PhysX] Initialized MultithreadedTaskDispatcher with 16 workers.
 -> (artifact id: '00000000000000000000000000000000') in 0.00022 seconds
Import Error Code:(4)
Message: Build asset version error: assets/activatablebuttonspawner.cs in SourceAssetDB has modification time of '2024-08-30T16:46:43.5753739Z' while content on disk has modification time of '2024-08-31T22:16:34.2245Z'
  ERROR: Build asset version error: assets/activatablebuttonspawner.cs in SourceAssetDB has modification time of '2024-08-30T16:46:43.5753739Z' while content on disk has modification time of '2024-08-31T22:16:34.2245Z'
Number of updated asset objects reloaded before import = 0Number of asset objects unloaded after import = 0

========================================================================
Received Import Request.
  Time since last request: 0.003510 seconds.
  path: Assets/ActivatableButtonSpawner.cs
  artifactKey: Guid(3a43ca04d5ef88f409337570e1653f31) Importer(815301076,1909f56bfc062723c751e8b465ee728b)
Start importing Assets/ActivatableButtonSpawner.cs using Guid(3a43ca04d5ef88f409337570e1653f31) Importer(815301076,1909f56bfc062723c751e8b465ee728b) (PreviewImporter)[PhysX] Initialized MultithreadedTaskDispatcher with 16 workers.
 -> (artifact id: '00000000000000000000000000000000') in 0.0002152 seconds
Import Error Code:(4)
Message: Build asset version error: assets/activatablebuttonspawner.cs in SourceAssetDB has modification time of '2024-08-30T16:46:43.5753739Z' while content on disk has modification time of '2024-08-31T22:16:34.2245Z'
  ERROR: Build asset version error: assets/activatablebuttonspawner.cs in SourceAssetDB has modification time of '2024-08-30T16:46:43.5753739Z' while content on disk has modification time of '2024-08-31T22:16:34.2245Z'
Number of updated asset objects reloaded before import = 0Number of asset objects unloaded after import = 0

========================================================================
Received Import Request.
  Time since last request: 0.003478 seconds.
  path: Assets/ActivatableButtonSpawner.cs
  artifactKey: Guid(3a43ca04d5ef88f409337570e1653f31) Importer(815301076,1909f56bfc062723c751e8b465ee728b)
Start importing Assets/ActivatableButtonSpawner.cs using Guid(3a43ca04d5ef88f409337570e1653f31) Importer(815301076,1909f56bfc062723c751e8b465ee728b) (PreviewImporter)[PhysX] Initialized MultithreadedTaskDispatcher with 16 workers.
 -> (artifact id: '00000000000000000000000000000000') in 0.0002508 seconds
Import Error Code:(4)
Message: Build asset version error: assets/activatablebuttonspawner.cs in SourceAssetDB has modification time of '2024-08-30T16:46:43.5753739Z' while content on disk has modification time of '2024-08-31T22:16:34.2245Z'
  ERROR: Build asset version error: assets/activatablebuttonspawner.cs in SourceAssetDB has modification time of '2024-08-30T16:46:43.5753739Z' while content on disk has modification time of '2024-08-31T22:16:34.2245Z'
Number of updated asset objects reloaded before import = 0Number of asset objects unloaded after import = 0

========================================================================
Received Import Request.
  Time since last request: 0.003748 seconds.
  path: Assets/ActivatableButtonSpawner.cs
  artifactKey: Guid(3a43ca04d5ef88f409337570e1653f31) Importer(815301076,1909f56bfc062723c751e8b465ee728b)
Start importing Assets/ActivatableButtonSpawner.cs using Guid(3a43ca04d5ef88f409337570e1653f31) Importer(815301076,1909f56bfc062723c751e8b465ee728b) (PreviewImporter)[PhysX] Initialized MultithreadedTaskDispatcher with 16 workers.
 -> (artifact id: '00000000000000000000000000000000') in 0.0002326 seconds
Import Error Code:(4)
Message: Build asset version error: assets/activatablebuttonspawner.cs in SourceAssetDB has modification time of '2024-08-30T16:46:43.5753739Z' while content on disk has modification time of '2024-08-31T22:16:34.2245Z'
  ERROR: Build asset version error: assets/activatablebuttonspawner.cs in SourceAssetDB has modification time of '2024-08-30T16:46:43.5753739Z' while content on disk has modification time of '2024-08-31T22:16:34.2245Z'
Number of updated asset objects reloaded before import = 0Number of asset objects unloaded after import = 0

========================================================================
Received Import Request.
  Time since last request: 0.003716 seconds.
  path: Assets/ActivatableButtonSpawner.cs
  artifactKey: Guid(3a43ca04d5ef88f409337570e1653f31) Importer(815301076,1909f56bfc062723c751e8b465ee728b)
Start importing Assets/ActivatableButtonSpawner.cs using Guid(3a43ca04d5ef88f409337570e1653f31) Importer(815301076,1909f56bfc062723c751e8b465ee728b) (PreviewImporter)[PhysX] Initialized MultithreadedTaskDispatcher with 16 workers.
 -> (artifact id: '00000000000000000000000000000000') in 0.0002475 seconds
Import Error Code:(4)
Message: Build asset version error: assets/activatablebuttonspawner.cs in SourceAssetDB has modification time of '2024-08-30T16:46:43.5753739Z' while content on disk has modification time of '2024-08-31T22:16:34.2245Z'
  ERROR: Build asset version error: assets/activatablebuttonspawner.cs in SourceAssetDB has modification time of '2024-08-30T16:46:43.5753739Z' while content on disk has modification time of '2024-08-31T22:16:34.2245Z'
Number of updated asset objects reloaded before import = 0Number of asset objects unloaded after import = 0

========================================================================
Received Import Request.
  Time since last request: 0.003427 seconds.
  path: Assets/ActivatableButtonSpawner.cs
  artifactKey: Guid(3a43ca04d5ef88f409337570e1653f31) Importer(815301076,1909f56bfc062723c751e8b465ee728b)
Start importing Assets/ActivatableButtonSpawner.cs using Guid(3a43ca04d5ef88f409337570e1653f31) Importer(815301076,1909f56bfc062723c751e8b465ee728b) (PreviewImporter)[PhysX] Initialized MultithreadedTaskDispatcher with 16 workers.
 -> (artifact id: '00000000000000000000000000000000') in 0.0002431 seconds
Import Error Code:(4)
Message: Build asset version error: assets/activatablebuttonspawner.cs in SourceAssetDB has modification time of '2024-08-30T16:46:43.5753739Z' while content on disk has modification time of '2024-08-31T22:16:34.2245Z'
  ERROR: Build asset version error: assets/activatablebuttonspawner.cs in SourceAssetDB has modification time of '2024-08-30T16:46:43.5753739Z' while content on disk has modification time of '2024-08-31T22:16:34.2245Z'
Number of updated asset objects reloaded before import = 0Number of asset objects unloaded after import = 0

========================================================================
Received Import Request.
  Time since last request: 0.003748 seconds.
  path: Assets/ActivatableButtonSpawner.cs
  artifactKey: Guid(3a43ca04d5ef88f409337570e1653f31) Importer(815301076,1909f56bfc062723c751e8b465ee728b)
Start importing Assets/ActivatableButtonSpawner.cs using Guid(3a43ca04d5ef88f409337570e1653f31) Importer(815301076,1909f56bfc062723c751e8b465ee728b) (PreviewImporter)[PhysX] Initialized MultithreadedTaskDispatcher with 16 workers.
 -> (artifact id: '00000000000000000000000000000000') in 0.0002584 seconds
Import Error Code:(4)
Message: Build asset version error: assets/activatablebuttonspawner.cs in SourceAssetDB has modification time of '2024-08-30T16:46:43.5753739Z' while content on disk has modification time of '2024-08-31T22:16:34.2245Z'
  ERROR: Build asset version error: assets/activatablebuttonspawner.cs in SourceAssetDB has modification time of '2024-08-30T16:46:43.5753739Z' while content on disk has modification time of '2024-08-31T22:16:34.2245Z'
Number of updated asset objects reloaded before import = 0Number of asset objects unloaded after import = 0

========================================================================
Received Import Request.
  Time since last request: 0.003630 seconds.
  path: Assets/ActivatableButtonSpawner.cs
  artifactKey: Guid(3a43ca04d5ef88f409337570e1653f31) Importer(815301076,1909f56bfc062723c751e8b465ee728b)
Start importing Assets/ActivatableButtonSpawner.cs using Guid(3a43ca04d5ef88f409337570e1653f31) Importer(815301076,1909f56bfc062723c751e8b465ee728b) (PreviewImporter)[PhysX] Initialized MultithreadedTaskDispatcher with 16 workers.
 -> (artifact id: '00000000000000000000000000000000') in 0.0002334 seconds
Import Error Code:(4)
Message: Build asset version error: assets/activatablebuttonspawner.cs in SourceAssetDB has modification time of '2024-08-30T16:46:43.5753739Z' while content on disk has modification time of '2024-08-31T22:16:34.2245Z'
  ERROR: Build asset version error: assets/activatablebuttonspawner.cs in SourceAssetDB has modification time of '2024-08-30T16:46:43.5753739Z' while content on disk has modification time of '2024-08-31T22:16:34.2245Z'
Number of updated asset objects reloaded before import = 0Number of asset objects unloaded after import = 0

========================================================================
Received Import Request.
  Time since last request: 0.003736 seconds.
  path: Assets/ActivatableButtonSpawner.cs
  artifactKey: Guid(3a43ca04d5ef88f409337570e1653f31) Importer(815301076,1909f56bfc062723c751e8b465ee728b)
Start importing Assets/ActivatableButtonSpawner.cs using Guid(3a43ca04d5ef88f409337570e1653f31) Importer(815301076,1909f56bfc062723c751e8b465ee728b) (PreviewImporter)[PhysX] Initialized MultithreadedTaskDispatcher with 16 workers.
 -> (artifact id: '00000000000000000000000000000000') in 0.0002203 seconds
Import Error Code:(4)
Message: Build asset version error: assets/activatablebuttonspawner.cs in SourceAssetDB has modification time of '2024-08-30T16:46:43.5753739Z' while content on disk has modification time of '2024-08-31T22:16:34.2245Z'
  ERROR: Build asset version error: assets/activatablebuttonspawner.cs in SourceAssetDB has modification time of '2024-08-30T16:46:43.5753739Z' while content on disk has modification time of '2024-08-31T22:16:34.2245Z'
Number of updated asset objects reloaded before import = 0Number of asset objects unloaded after import = 0

========================================================================
Received Import Request.
  Time since last request: 0.003283 seconds.
  path: Assets/ActivatableButtonSpawner.cs
  artifactKey: Guid(3a43ca04d5ef88f409337570e1653f31) Importer(815301076,1909f56bfc062723c751e8b465ee728b)
Start importing Assets/ActivatableButtonSpawner.cs using Guid(3a43ca04d5ef88f409337570e1653f31) Importer(815301076,1909f56bfc062723c751e8b465ee728b) (PreviewImporter)[PhysX] Initialized MultithreadedTaskDispatcher with 16 workers.
 -> (artifact id: '00000000000000000000000000000000') in 0.0002451 seconds
Import Error Code:(4)
Message: Build asset version error: assets/activatablebuttonspawner.cs in SourceAssetDB has modification time of '2024-08-30T16:46:43.5753739Z' while content on disk has modification time of '2024-08-31T22:16:34.2245Z'
  ERROR: Build asset version error: assets/activatablebuttonspawner.cs in SourceAssetDB has modification time of '2024-08-30T16:46:43.5753739Z' while content on disk has modification time of '2024-08-31T22:16:34.2245Z'
Number of updated asset objects reloaded before import = 0Number of asset objects unloaded after import = 0

========================================================================
Received Import Request.
  Time since last request: 0.003569 seconds.
  path: Assets/ActivatableButtonSpawner.cs
  artifactKey: Guid(3a43ca04d5ef88f409337570e1653f31) Importer(815301076,1909f56bfc062723c751e8b465ee728b)
Start importing Assets/ActivatableButtonSpawner.cs using Guid(3a43ca04d5ef88f409337570e1653f31) Importer(815301076,1909f56bfc062723c751e8b465ee728b) (PreviewImporter)[PhysX] Initialized MultithreadedTaskDispatcher with 16 workers.
 -> (artifact id: '00000000000000000000000000000000') in 0.000227 seconds
Import Error Code:(4)
Message: Build asset version error: assets/activatablebuttonspawner.cs in SourceAssetDB has modification time of '2024-08-30T16:46:43.5753739Z' while content on disk has modification time of '2024-08-31T22:16:34.2245Z'
  ERROR: Build asset version error: assets/activatablebuttonspawner.cs in SourceAssetDB has modification time of '2024-08-30T16:46:43.5753739Z' while content on disk has modification time of '2024-08-31T22:16:34.2245Z'
Number of updated asset objects reloaded before import = 0Number of asset objects unloaded after import = 0

========================================================================
Received Import Request.
  Time since last request: 0.003328 seconds.
  path: Assets/ActivatableButtonSpawner.cs
  artifactKey: Guid(3a43ca04d5ef88f409337570e1653f31) Importer(815301076,1909f56bfc062723c751e8b465ee728b)
Start importing Assets/ActivatableButtonSpawner.cs using Guid(3a43ca04d5ef88f409337570e1653f31) Importer(815301076,1909f56bfc062723c751e8b465ee728b) (PreviewImporter)[PhysX] Initialized MultithreadedTaskDispatcher with 16 workers.
 -> (artifact id: '00000000000000000000000000000000') in 0.0002561 seconds
Import Error Code:(4)
Message: Build asset version error: assets/activatablebuttonspawner.cs in SourceAssetDB has modification time of '2024-08-30T16:46:43.5753739Z' while content on disk has modification time of '2024-08-31T22:16:34.2245Z'
  ERROR: Build asset version error: assets/activatablebuttonspawner.cs in SourceAssetDB has modification time of '2024-08-30T16:46:43.5753739Z' while content on disk has modification time of '2024-08-31T22:16:34.2245Z'
Number of updated asset objects reloaded before import = 0Number of asset objects unloaded after import = 0

========================================================================
Received Import Request.
  Time since last request: 0.003783 seconds.
  path: Assets/ActivatableButtonSpawner.cs
  artifactKey: Guid(3a43ca04d5ef88f409337570e1653f31) Importer(815301076,1909f56bfc062723c751e8b465ee728b)
Start importing Assets/ActivatableButtonSpawner.cs using Guid(3a43ca04d5ef88f409337570e1653f31) Importer(815301076,1909f56bfc062723c751e8b465ee728b) (PreviewImporter)[PhysX] Initialized MultithreadedTaskDispatcher with 16 workers.
 -> (artifact id: '00000000000000000000000000000000') in 0.0002203 seconds
Import Error Code:(4)
Message: Build asset version error: assets/activatablebuttonspawner.cs in SourceAssetDB has modification time of '2024-08-30T16:46:43.5753739Z' while content on disk has modification time of '2024-08-31T22:16:34.2245Z'
  ERROR: Build asset version error: assets/activatablebuttonspawner.cs in SourceAssetDB has modification time of '2024-08-30T16:46:43.5753739Z' while content on disk has modification time of '2024-08-31T22:16:34.2245Z'
Number of updated asset objects reloaded before import = 0Number of asset objects unloaded after import = 0

========================================================================
Received Import Request.
  Time since last request: 0.003564 seconds.
  path: Assets/ActivatableButtonSpawner.cs
  artifactKey: Guid(3a43ca04d5ef88f409337570e1653f31) Importer(815301076,1909f56bfc062723c751e8b465ee728b)
Start importing Assets/ActivatableButtonSpawner.cs using Guid(3a43ca04d5ef88f409337570e1653f31) Importer(815301076,1909f56bfc062723c751e8b465ee728b) (PreviewImporter)[PhysX] Initialized MultithreadedTaskDispatcher with 16 workers.
 -> (artifact id: '00000000000000000000000000000000') in 0.0002175 seconds
Import Error Code:(4)
Message: Build asset version error: assets/activatablebuttonspawner.cs in SourceAssetDB has modification time of '2024-08-30T16:46:43.5753739Z' while content on disk has modification time of '2024-08-31T22:16:34.2245Z'
  ERROR: Build asset version error: assets/activatablebuttonspawner.cs in SourceAssetDB has modification time of '2024-08-30T16:46:43.5753739Z' while content on disk has modification time of '2024-08-31T22:16:34.2245Z'
Number of updated asset objects reloaded before import = 0Number of asset objects unloaded after import = 0

========================================================================
Received Import Request.
  Time since last request: 0.003994 seconds.
  path: Assets/ActivatableButtonSpawner.cs
  artifactKey: Guid(3a43ca04d5ef88f409337570e1653f31) Importer(815301076,1909f56bfc062723c751e8b465ee728b)
Start importing Assets/ActivatableButtonSpawner.cs using Guid(3a43ca04d5ef88f409337570e1653f31) Importer(815301076,1909f56bfc062723c751e8b465ee728b) (PreviewImporter)[PhysX] Initialized MultithreadedTaskDispatcher with 16 workers.
 -> (artifact id: '00000000000000000000000000000000') in 0.0002951 seconds
Import Error Code:(4)
Message: Build asset version error: assets/activatablebuttonspawner.cs in SourceAssetDB has modification time of '2024-08-30T16:46:43.5753739Z' while content on disk has modification time of '2024-08-31T22:16:34.2245Z'
  ERROR: Build asset version error: assets/activatablebuttonspawner.cs in SourceAssetDB has modification time of '2024-08-30T16:46:43.5753739Z' while content on disk has modification time of '2024-08-31T22:16:34.2245Z'
Number of updated asset objects reloaded before import = 0Number of asset objects unloaded after import = 0

========================================================================
Received Import Request.
  Time since last request: 0.003919 seconds.
  path: Assets/ActivatableButtonSpawner.cs
  artifactKey: Guid(3a43ca04d5ef88f409337570e1653f31) Importer(815301076,1909f56bfc062723c751e8b465ee728b)
Start importing Assets/ActivatableButtonSpawner.cs using Guid(3a43ca04d5ef88f409337570e1653f31) Importer(815301076,1909f56bfc062723c751e8b465ee728b) (PreviewImporter)[PhysX] Initialized MultithreadedTaskDispatcher with 16 workers.
 -> (artifact id: '00000000000000000000000000000000') in 0.0002967 seconds
Import Error Code:(4)
Message: Build asset version error: assets/activatablebuttonspawner.cs in SourceAssetDB has modification time of '2024-08-30T16:46:43.5753739Z' while content on disk has modification time of '2024-08-31T22:16:34.2245Z'
  ERROR: Build asset version error: assets/activatablebuttonspawner.cs in SourceAssetDB has modification time of '2024-08-30T16:46:43.5753739Z' while content on disk has modification time of '2024-08-31T22:16:34.2245Z'
Number of updated asset objects reloaded before import = 0Number of asset objects unloaded after import = 0

========================================================================
Received Import Request.
  Time since last request: 0.003883 seconds.
  path: Assets/ActivatableButtonSpawner.cs
  artifactKey: Guid(3a43ca04d5ef88f409337570e1653f31) Importer(815301076,1909f56bfc062723c751e8b465ee728b)
Start importing Assets/ActivatableButtonSpawner.cs using Guid(3a43ca04d5ef88f409337570e1653f31) Importer(815301076,1909f56bfc062723c751e8b465ee728b) (PreviewImporter)[PhysX] Initialized MultithreadedTaskDispatcher with 16 workers.
 -> (artifact id: '00000000000000000000000000000000') in 0.0002901 seconds
Import Error Code:(4)
Message: Build asset version error: assets/activatablebuttonspawner.cs in SourceAssetDB has modification time of '2024-08-30T16:46:43.5753739Z' while content on disk has modification time of '2024-08-31T22:16:34.2245Z'
  ERROR: Build asset version error: assets/activatablebuttonspawner.cs in SourceAssetDB has modification time of '2024-08-30T16:46:43.5753739Z' while content on disk has modification time of '2024-08-31T22:16:34.2245Z'
Number of updated asset objects reloaded before import = 0Number of asset objects unloaded after import = 0

========================================================================
Received Import Request.
  Time since last request: 0.003828 seconds.
  path: Assets/ActivatableButtonSpawner.cs
  artifactKey: Guid(3a43ca04d5ef88f409337570e1653f31) Importer(815301076,1909f56bfc062723c751e8b465ee728b)
Start importing Assets/ActivatableButtonSpawner.cs using Guid(3a43ca04d5ef88f409337570e1653f31) Importer(815301076,1909f56bfc062723c751e8b465ee728b) (PreviewImporter)[PhysX] Initialized MultithreadedTaskDispatcher with 16 workers.
 -> (artifact id: '00000000000000000000000000000000') in 0.000313 seconds
Import Error Code:(4)
Message: Build asset version error: assets/activatablebuttonspawner.cs in SourceAssetDB has modification time of '2024-08-30T16:46:43.5753739Z' while content on disk has modification time of '2024-08-31T22:16:34.2245Z'
  ERROR: Build asset version error: assets/activatablebuttonspawner.cs in SourceAssetDB has modification time of '2024-08-30T16:46:43.5753739Z' while content on disk has modification time of '2024-08-31T22:16:34.2245Z'
Number of updated asset objects reloaded before import = 0Number of asset objects unloaded after import = 0

========================================================================
Received Import Request.
  Time since last request: 0.003657 seconds.
  path: Assets/ActivatableButtonSpawner.cs
  artifactKey: Guid(3a43ca04d5ef88f409337570e1653f31) Importer(815301076,1909f56bfc062723c751e8b465ee728b)
Start importing Assets/ActivatableButtonSpawner.cs using Guid(3a43ca04d5ef88f409337570e1653f31) Importer(815301076,1909f56bfc062723c751e8b465ee728b) (PreviewImporter)[PhysX] Initialized MultithreadedTaskDispatcher with 16 workers.
 -> (artifact id: '00000000000000000000000000000000') in 0.0002374 seconds
Import Error Code:(4)
Message: Build asset version error: assets/activatablebuttonspawner.cs in SourceAssetDB has modification time of '2024-08-30T16:46:43.5753739Z' while content on disk has modification time of '2024-08-31T22:16:34.2245Z'
  ERROR: Build asset version error: assets/activatablebuttonspawner.cs in SourceAssetDB has modification time of '2024-08-30T16:46:43.5753739Z' while content on disk has modification time of '2024-08-31T22:16:34.2245Z'
Number of updated asset objects reloaded before import = 0Number of asset objects unloaded after import = 0

========================================================================
Received Import Request.
  Time since last request: 0.003836 seconds.
  path: Assets/ActivatableButtonSpawner.cs
  artifactKey: Guid(3a43ca04d5ef88f409337570e1653f31) Importer(815301076,1909f56bfc062723c751e8b465ee728b)
Start importing Assets/ActivatableButtonSpawner.cs using Guid(3a43ca04d5ef88f409337570e1653f31) Importer(815301076,1909f56bfc062723c751e8b465ee728b) (PreviewImporter)[PhysX] Initialized MultithreadedTaskDispatcher with 16 workers.
 -> (artifact id: '00000000000000000000000000000000') in 0.0002537 seconds
Import Error Code:(4)
Message: Build asset version error: assets/activatablebuttonspawner.cs in SourceAssetDB has modification time of '2024-08-30T16:46:43.5753739Z' while content on disk has modification time of '2024-08-31T22:16:34.2245Z'
  ERROR: Build asset version error: assets/activatablebuttonspawner.cs in SourceAssetDB has modification time of '2024-08-30T16:46:43.5753739Z' while content on disk has modification time of '2024-08-31T22:16:34.2245Z'
Number of updated asset objects reloaded before import = 0Number of asset objects unloaded after import = 0

========================================================================
Received Import Request.
  Time since last request: 0.003830 seconds.
  path: Assets/ActivatableButtonSpawner.cs
  artifactKey: Guid(3a43ca04d5ef88f409337570e1653f31) Importer(815301076,1909f56bfc062723c751e8b465ee728b)
Start importing Assets/ActivatableButtonSpawner.cs using Guid(3a43ca04d5ef88f409337570e1653f31) Importer(815301076,1909f56bfc062723c751e8b465ee728b) (PreviewImporter)[PhysX] Initialized MultithreadedTaskDispatcher with 16 workers.
 -> (artifact id: '00000000000000000000000000000000') in 0.0002214 seconds
Import Error Code:(4)
Message: Build asset version error: assets/activatablebuttonspawner.cs in SourceAssetDB has modification time of '2024-08-30T16:46:43.5753739Z' while content on disk has modification time of '2024-08-31T22:16:34.2245Z'
  ERROR: Build asset version error: assets/activatablebuttonspawner.cs in SourceAssetDB has modification time of '2024-08-30T16:46:43.5753739Z' while content on disk has modification time of '2024-08-31T22:16:34.2245Z'
Number of updated asset objects reloaded before import = 0Number of asset objects unloaded after import = 0

========================================================================
Received Import Request.
  Time since last request: 0.004007 seconds.
  path: Assets/ActivatableButtonSpawner.cs
  artifactKey: Guid(3a43ca04d5ef88f409337570e1653f31) Importer(815301076,1909f56bfc062723c751e8b465ee728b)
Start importing Assets/ActivatableButtonSpawner.cs using Guid(3a43ca04d5ef88f409337570e1653f31) Importer(815301076,1909f56bfc062723c751e8b465ee728b) (PreviewImporter)[PhysX] Initialized MultithreadedTaskDispatcher with 16 workers.
 -> (artifact id: '00000000000000000000000000000000') in 0.0002366 seconds
Import Error Code:(4)
Message: Build asset version error: assets/activatablebuttonspawner.cs in SourceAssetDB has modification time of '2024-08-30T16:46:43.5753739Z' while content on disk has modification time of '2024-08-31T22:16:34.2245Z'
  ERROR: Build asset version error: assets/activatablebuttonspawner.cs in SourceAssetDB has modification time of '2024-08-30T16:46:43.5753739Z' while content on disk has modification time of '2024-08-31T22:16:34.2245Z'
Number of updated asset objects reloaded before import = 0Number of asset objects unloaded after import = 0

========================================================================
Received Import Request.
  Time since last request: 0.003546 seconds.
  path: Assets/ActivatableButtonSpawner.cs
  artifactKey: Guid(3a43ca04d5ef88f409337570e1653f31) Importer(815301076,1909f56bfc062723c751e8b465ee728b)
Start importing Assets/ActivatableButtonSpawner.cs using Guid(3a43ca04d5ef88f409337570e1653f31) Importer(815301076,1909f56bfc062723c751e8b465ee728b) (PreviewImporter)[PhysX] Initialized MultithreadedTaskDispatcher with 16 workers.
 -> (artifact id: '00000000000000000000000000000000') in 0.0002239 seconds
Import Error Code:(4)
Message: Build asset version error: assets/activatablebuttonspawner.cs in SourceAssetDB has modification time of '2024-08-30T16:46:43.5753739Z' while content on disk has modification time of '2024-08-31T22:16:34.2245Z'
  ERROR: Build asset version error: assets/activatablebuttonspawner.cs in SourceAssetDB has modification time of '2024-08-30T16:46:43.5753739Z' while content on disk has modification time of '2024-08-31T22:16:34.2245Z'
Number of updated asset objects reloaded before import = 0Number of asset objects unloaded after import = 0

========================================================================
Received Import Request.
  Time since last request: 0.003800 seconds.
  path: Assets/ActivatableButtonSpawner.cs
  artifactKey: Guid(3a43ca04d5ef88f409337570e1653f31) Importer(815301076,1909f56bfc062723c751e8b465ee728b)
Start importing Assets/ActivatableButtonSpawner.cs using Guid(3a43ca04d5ef88f409337570e1653f31) Importer(815301076,1909f56bfc062723c751e8b465ee728b) (PreviewImporter)[PhysX] Initialized MultithreadedTaskDispatcher with 16 workers.
 -> (artifact id: '00000000000000000000000000000000') in 0.00023 seconds
Import Error Code:(4)
Message: Build asset version error: assets/activatablebuttonspawner.cs in SourceAssetDB has modification time of '2024-08-30T16:46:43.5753739Z' while content on disk has modification time of '2024-08-31T22:16:34.2245Z'
  ERROR: Build asset version error: assets/activatablebuttonspawner.cs in SourceAssetDB has modification time of '2024-08-30T16:46:43.5753739Z' while content on disk has modification time of '2024-08-31T22:16:34.2245Z'
Number of updated asset objects reloaded before import = 0Number of asset objects unloaded after import = 0

========================================================================
Received Import Request.
  Time since last request: 0.003351 seconds.
  path: Assets/ActivatableButtonSpawner.cs
  artifactKey: Guid(3a43ca04d5ef88f409337570e1653f31) Importer(815301076,1909f56bfc062723c751e8b465ee728b)
Start importing Assets/ActivatableButtonSpawner.cs using Guid(3a43ca04d5ef88f409337570e1653f31) Importer(815301076,1909f56bfc062723c751e8b465ee728b) (PreviewImporter)[PhysX] Initialized MultithreadedTaskDispatcher with 16 workers.
 -> (artifact id: '00000000000000000000000000000000') in 0.0002199 seconds
Import Error Code:(4)
Message: Build asset version error: assets/activatablebuttonspawner.cs in SourceAssetDB has modification time of '2024-08-30T16:46:43.5753739Z' while content on disk has modification time of '2024-08-31T22:16:34.2245Z'
  ERROR: Build asset version error: assets/activatablebuttonspawner.cs in SourceAssetDB has modification time of '2024-08-30T16:46:43.5753739Z' while content on disk has modification time of '2024-08-31T22:16:34.2245Z'
Number of updated asset objects reloaded before import = 0Number of asset objects unloaded after import = 0

========================================================================
Received Import Request.
  Time since last request: 0.003981 seconds.
  path: Assets/ActivatableButtonSpawner.cs
  artifactKey: Guid(3a43ca04d5ef88f409337570e1653f31) Importer(815301076,1909f56bfc062723c751e8b465ee728b)
Start importing Assets/ActivatableButtonSpawner.cs using Guid(3a43ca04d5ef88f409337570e1653f31) Importer(815301076,1909f56bfc062723c751e8b465ee728b) (PreviewImporter)[PhysX] Initialized MultithreadedTaskDispatcher with 16 workers.
 -> (artifact id: '00000000000000000000000000000000') in 0.0002315 seconds
Import Error Code:(4)
Message: Build asset version error: assets/activatablebuttonspawner.cs in SourceAssetDB has modification time of '2024-08-30T16:46:43.5753739Z' while content on disk has modification time of '2024-08-31T22:16:34.2245Z'
  ERROR: Build asset version error: assets/activatablebuttonspawner.cs in SourceAssetDB has modification time of '2024-08-30T16:46:43.5753739Z' while content on disk has modification time of '2024-08-31T22:16:34.2245Z'
Number of updated asset objects reloaded before import = 0Number of asset objects unloaded after import = 0

========================================================================
Received Import Request.
  Time since last request: 0.003404 seconds.
  path: Assets/ActivatableButtonSpawner.cs
  artifactKey: Guid(3a43ca04d5ef88f409337570e1653f31) Importer(815301076,1909f56bfc062723c751e8b465ee728b)
Start importing Assets/ActivatableButtonSpawner.cs using Guid(3a43ca04d5ef88f409337570e1653f31) Importer(815301076,1909f56bfc062723c751e8b465ee728b) (PreviewImporter)[PhysX] Initialized MultithreadedTaskDispatcher with 16 workers.
 -> (artifact id: '00000000000000000000000000000000') in 0.0002294 seconds
Import Error Code:(4)
Message: Build asset version error: assets/activatablebuttonspawner.cs in SourceAssetDB has modification time of '2024-08-30T16:46:43.5753739Z' while content on disk has modification time of '2024-08-31T22:16:34.2245Z'
  ERROR: Build asset version error: assets/activatablebuttonspawner.cs in SourceAssetDB has modification time of '2024-08-30T16:46:43.5753739Z' while content on disk has modification time of '2024-08-31T22:16:34.2245Z'
Number of updated asset objects reloaded before import = 0Number of asset objects unloaded after import = 0

========================================================================
Received Import Request.
  Time since last request: 0.003951 seconds.
  path: Assets/ActivatableButtonSpawner.cs
  artifactKey: Guid(3a43ca04d5ef88f409337570e1653f31) Importer(815301076,1909f56bfc062723c751e8b465ee728b)
Start importing Assets/ActivatableButtonSpawner.cs using Guid(3a43ca04d5ef88f409337570e1653f31) Importer(815301076,1909f56bfc062723c751e8b465ee728b) (PreviewImporter)[PhysX] Initialized MultithreadedTaskDispatcher with 16 workers.
 -> (artifact id: '00000000000000000000000000000000') in 0.0002524 seconds
Import Error Code:(4)
Message: Build asset version error: assets/activatablebuttonspawner.cs in SourceAssetDB has modification time of '2024-08-30T16:46:43.5753739Z' while content on disk has modification time of '2024-08-31T22:16:34.2245Z'
  ERROR: Build asset version error: assets/activatablebuttonspawner.cs in SourceAssetDB has modification time of '2024-08-30T16:46:43.5753739Z' while content on disk has modification time of '2024-08-31T22:16:34.2245Z'
Number of updated asset objects reloaded before import = 0Number of asset objects unloaded after import = 0

========================================================================
Received Import Request.
  Time since last request: 0.003245 seconds.
  path: Assets/ActivatableButtonSpawner.cs
  artifactKey: Guid(3a43ca04d5ef88f409337570e1653f31) Importer(815301076,1909f56bfc062723c751e8b465ee728b)
Start importing Assets/ActivatableButtonSpawner.cs using Guid(3a43ca04d5ef88f409337570e1653f31) Importer(815301076,1909f56bfc062723c751e8b465ee728b) (PreviewImporter)[PhysX] Initialized MultithreadedTaskDispatcher with 16 workers.
 -> (artifact id: '00000000000000000000000000000000') in 0.0003304 seconds
Import Error Code:(4)
Message: Build asset version error: assets/activatablebuttonspawner.cs in SourceAssetDB has modification time of '2024-08-30T16:46:43.5753739Z' while content on disk has modification time of '2024-08-31T22:16:34.2245Z'
  ERROR: Build asset version error: assets/activatablebuttonspawner.cs in SourceAssetDB has modification time of '2024-08-30T16:46:43.5753739Z' while content on disk has modification time of '2024-08-31T22:16:34.2245Z'
Number of updated asset objects reloaded before import = 0Number of asset objects unloaded after import = 0

========================================================================
Received Import Request.
  Time since last request: 0.003866 seconds.
  path: Assets/ActivatableButtonSpawner.cs
  artifactKey: Guid(3a43ca04d5ef88f409337570e1653f31) Importer(815301076,1909f56bfc062723c751e8b465ee728b)
Start importing Assets/ActivatableButtonSpawner.cs using Guid(3a43ca04d5ef88f409337570e1653f31) Importer(815301076,1909f56bfc062723c751e8b465ee728b) (PreviewImporter)[PhysX] Initialized MultithreadedTaskDispatcher with 16 workers.
 -> (artifact id: '00000000000000000000000000000000') in 0.0002359 seconds
Import Error Code:(4)
Message: Build asset version error: assets/activatablebuttonspawner.cs in SourceAssetDB has modification time of '2024-08-30T16:46:43.5753739Z' while content on disk has modification time of '2024-08-31T22:16:34.2245Z'
  ERROR: Build asset version error: assets/activatablebuttonspawner.cs in SourceAssetDB has modification time of '2024-08-30T16:46:43.5753739Z' while content on disk has modification time of '2024-08-31T22:16:34.2245Z'
Number of updated asset objects reloaded before import = 0Number of asset objects unloaded after import = 0

========================================================================
Received Import Request.
  Time since last request: 0.003615 seconds.
  path: Assets/ActivatableButtonSpawner.cs
  artifactKey: Guid(3a43ca04d5ef88f409337570e1653f31) Importer(815301076,1909f56bfc062723c751e8b465ee728b)
Start importing Assets/ActivatableButtonSpawner.cs using Guid(3a43ca04d5ef88f409337570e1653f31) Importer(815301076,1909f56bfc062723c751e8b465ee728b) (PreviewImporter)[PhysX] Initialized MultithreadedTaskDispatcher with 16 workers.
 -> (artifact id: '00000000000000000000000000000000') in 0.0002948 seconds
Import Error Code:(4)
Message: Build asset version error: assets/activatablebuttonspawner.cs in SourceAssetDB has modification time of '2024-08-30T16:46:43.5753739Z' while content on disk has modification time of '2024-08-31T22:16:34.2245Z'
  ERROR: Build asset version error: assets/activatablebuttonspawner.cs in SourceAssetDB has modification time of '2024-08-30T16:46:43.5753739Z' while content on disk has modification time of '2024-08-31T22:16:34.2245Z'
Number of updated asset objects reloaded before import = 0Number of asset objects unloaded after import = 0

========================================================================
Received Import Request.
  Time since last request: 0.003246 seconds.
  path: Assets/ActivatableButtonSpawner.cs
  artifactKey: Guid(3a43ca04d5ef88f409337570e1653f31) Importer(815301076,1909f56bfc062723c751e8b465ee728b)
Start importing Assets/ActivatableButtonSpawner.cs using Guid(3a43ca04d5ef88f409337570e1653f31) Importer(815301076,1909f56bfc062723c751e8b465ee728b) (PreviewImporter)[PhysX] Initialized MultithreadedTaskDispatcher with 16 workers.
 -> (artifact id: '00000000000000000000000000000000') in 0.0002306 seconds
Import Error Code:(4)
Message: Build asset version error: assets/activatablebuttonspawner.cs in SourceAssetDB has modification time of '2024-08-30T16:46:43.5753739Z' while content on disk has modification time of '2024-08-31T22:16:34.2245Z'
  ERROR: Build asset version error: assets/activatablebuttonspawner.cs in SourceAssetDB has modification time of '2024-08-30T16:46:43.5753739Z' while content on disk has modification time of '2024-08-31T22:16:34.2245Z'
Number of updated asset objects reloaded before import = 0Number of asset objects unloaded after import = 0

========================================================================
Received Import Request.
  Time since last request: 0.003799 seconds.
  path: Assets/ActivatableButtonSpawner.cs
  artifactKey: Guid(3a43ca04d5ef88f409337570e1653f31) Importer(815301076,1909f56bfc062723c751e8b465ee728b)
Start importing Assets/ActivatableButtonSpawner.cs using Guid(3a43ca04d5ef88f409337570e1653f31) Importer(815301076,1909f56bfc062723c751e8b465ee728b) (PreviewImporter)[PhysX] Initialized MultithreadedTaskDispatcher with 16 workers.
 -> (artifact id: '00000000000000000000000000000000') in 0.0002637 seconds
Import Error Code:(4)
Message: Build asset version error: assets/activatablebuttonspawner.cs in SourceAssetDB has modification time of '2024-08-30T16:46:43.5753739Z' while content on disk has modification time of '2024-08-31T22:16:34.2245Z'
  ERROR: Build asset version error: assets/activatablebuttonspawner.cs in SourceAssetDB has modification time of '2024-08-30T16:46:43.5753739Z' while content on disk has modification time of '2024-08-31T22:16:34.2245Z'
Number of updated asset objects reloaded before import = 0Number of asset objects unloaded after import = 0

========================================================================
Received Import Request.
  Time since last request: 0.003487 seconds.
  path: Assets/ActivatableButtonSpawner.cs
  artifactKey: Guid(3a43ca04d5ef88f409337570e1653f31) Importer(815301076,1909f56bfc062723c751e8b465ee728b)
Start importing Assets/ActivatableButtonSpawner.cs using Guid(3a43ca04d5ef88f409337570e1653f31) Importer(815301076,1909f56bfc062723c751e8b465ee728b) (PreviewImporter)[PhysX] Initialized MultithreadedTaskDispatcher with 16 workers.
 -> (artifact id: '00000000000000000000000000000000') in 0.0002477 seconds
Import Error Code:(4)
Message: Build asset version error: assets/activatablebuttonspawner.cs in SourceAssetDB has modification time of '2024-08-30T16:46:43.5753739Z' while content on disk has modification time of '2024-08-31T22:16:34.2245Z'
  ERROR: Build asset version error: assets/activatablebuttonspawner.cs in SourceAssetDB has modification time of '2024-08-30T16:46:43.5753739Z' while content on disk has modification time of '2024-08-31T22:16:34.2245Z'
Number of updated asset objects reloaded before import = 0Number of asset objects unloaded after import = 0

========================================================================
Received Import Request.
  Time since last request: 0.003494 seconds.
  path: Assets/ActivatableButtonSpawner.cs
  artifactKey: Guid(3a43ca04d5ef88f409337570e1653f31) Importer(815301076,1909f56bfc062723c751e8b465ee728b)
Start importing Assets/ActivatableButtonSpawner.cs using Guid(3a43ca04d5ef88f409337570e1653f31) Importer(815301076,1909f56bfc062723c751e8b465ee728b) (PreviewImporter)[PhysX] Initialized MultithreadedTaskDispatcher with 16 workers.
 -> (artifact id: '00000000000000000000000000000000') in 0.0002134 seconds
Import Error Code:(4)
Message: Build asset version error: assets/activatablebuttonspawner.cs in SourceAssetDB has modification time of '2024-08-30T16:46:43.5753739Z' while content on disk has modification time of '2024-08-31T22:16:34.2245Z'
  ERROR: Build asset version error: assets/activatablebuttonspawner.cs in SourceAssetDB has modification time of '2024-08-30T16:46:43.5753739Z' while content on disk has modification time of '2024-08-31T22:16:34.2245Z'
Number of updated asset objects reloaded before import = 0Number of asset objects unloaded after import = 0

========================================================================
Received Import Request.
  Time since last request: 0.003577 seconds.
  path: Assets/ActivatableButtonSpawner.cs
  artifactKey: Guid(3a43ca04d5ef88f409337570e1653f31) Importer(815301076,1909f56bfc062723c751e8b465ee728b)
Start importing Assets/ActivatableButtonSpawner.cs using Guid(3a43ca04d5ef88f409337570e1653f31) Importer(815301076,1909f56bfc062723c751e8b465ee728b) (PreviewImporter)[PhysX] Initialized MultithreadedTaskDispatcher with 16 workers.
 -> (artifact id: '00000000000000000000000000000000') in 0.0002233 seconds
Import Error Code:(4)
Message: Build asset version error: assets/activatablebuttonspawner.cs in SourceAssetDB has modification time of '2024-08-30T16:46:43.5753739Z' while content on disk has modification time of '2024-08-31T22:16:34.2245Z'
  ERROR: Build asset version error: assets/activatablebuttonspawner.cs in SourceAssetDB has modification time of '2024-08-30T16:46:43.5753739Z' while content on disk has modification time of '2024-08-31T22:16:34.2245Z'
Number of updated asset objects reloaded before import = 0Number of asset objects unloaded after import = 0

========================================================================
Received Import Request.
  Time since last request: 0.003755 seconds.
  path: Assets/ActivatableButtonSpawner.cs
  artifactKey: Guid(3a43ca04d5ef88f409337570e1653f31) Importer(815301076,1909f56bfc062723c751e8b465ee728b)
Start importing Assets/ActivatableButtonSpawner.cs using Guid(3a43ca04d5ef88f409337570e1653f31) Importer(815301076,1909f56bfc062723c751e8b465ee728b) (PreviewImporter)[PhysX] Initialized MultithreadedTaskDispatcher with 16 workers.
 -> (artifact id: '00000000000000000000000000000000') in 0.0002281 seconds
Import Error Code:(4)
Message: Build asset version error: assets/activatablebuttonspawner.cs in SourceAssetDB has modification time of '2024-08-30T16:46:43.5753739Z' while content on disk has modification time of '2024-08-31T22:16:34.2245Z'
  ERROR: Build asset version error: assets/activatablebuttonspawner.cs in SourceAssetDB has modification time of '2024-08-30T16:46:43.5753739Z' while content on disk has modification time of '2024-08-31T22:16:34.2245Z'
Number of updated asset objects reloaded before import = 0Number of asset objects unloaded after import = 0

========================================================================
Received Import Request.
  Time since last request: 0.003324 seconds.
  path: Assets/ActivatableButtonSpawner.cs
  artifactKey: Guid(3a43ca04d5ef88f409337570e1653f31) Importer(815301076,1909f56bfc062723c751e8b465ee728b)
Start importing Assets/ActivatableButtonSpawner.cs using Guid(3a43ca04d5ef88f409337570e1653f31) Importer(815301076,1909f56bfc062723c751e8b465ee728b) (PreviewImporter)[PhysX] Initialized MultithreadedTaskDispatcher with 16 workers.
 -> (artifact id: '00000000000000000000000000000000') in 0.0002133 seconds
Import Error Code:(4)
Message: Build asset version error: assets/activatablebuttonspawner.cs in SourceAssetDB has modification time of '2024-08-30T16:46:43.5753739Z' while content on disk has modification time of '2024-08-31T22:16:34.2245Z'
  ERROR: Build asset version error: assets/activatablebuttonspawner.cs in SourceAssetDB has modification time of '2024-08-30T16:46:43.5753739Z' while content on disk has modification time of '2024-08-31T22:16:34.2245Z'
Number of updated asset objects reloaded before import = 0Number of asset objects unloaded after import = 0

========================================================================
Received Import Request.
  Time since last request: 0.003177 seconds.
  path: Assets/ActivatableButtonSpawner.cs
  artifactKey: Guid(3a43ca04d5ef88f409337570e1653f31) Importer(815301076,1909f56bfc062723c751e8b465ee728b)
Start importing Assets/ActivatableButtonSpawner.cs using Guid(3a43ca04d5ef88f409337570e1653f31) Importer(815301076,1909f56bfc062723c751e8b465ee728b) (PreviewImporter)[PhysX] Initialized MultithreadedTaskDispatcher with 16 workers.
 -> (artifact id: '00000000000000000000000000000000') in 0.0002126 seconds
Import Error Code:(4)
Message: Build asset version error: assets/activatablebuttonspawner.cs in SourceAssetDB has modification time of '2024-08-30T16:46:43.5753739Z' while content on disk has modification time of '2024-08-31T22:16:34.2245Z'
  ERROR: Build asset version error: assets/activatablebuttonspawner.cs in SourceAssetDB has modification time of '2024-08-30T16:46:43.5753739Z' while content on disk has modification time of '2024-08-31T22:16:34.2245Z'
Number of updated asset objects reloaded before import = 0Number of asset objects unloaded after import = 0

========================================================================
Received Import Request.
  Time since last request: 0.003390 seconds.
  path: Assets/ActivatableButtonSpawner.cs
  artifactKey: Guid(3a43ca04d5ef88f409337570e1653f31) Importer(815301076,1909f56bfc062723c751e8b465ee728b)
Start importing Assets/ActivatableButtonSpawner.cs using Guid(3a43ca04d5ef88f409337570e1653f31) Importer(815301076,1909f56bfc062723c751e8b465ee728b) (PreviewImporter)[PhysX] Initialized MultithreadedTaskDispatcher with 16 workers.
 -> (artifact id: '00000000000000000000000000000000') in 0.0002223 seconds
Import Error Code:(4)
Message: Build asset version error: assets/activatablebuttonspawner.cs in SourceAssetDB has modification time of '2024-08-30T16:46:43.5753739Z' while content on disk has modification time of '2024-08-31T22:16:34.2245Z'
  ERROR: Build asset version error: assets/activatablebuttonspawner.cs in SourceAssetDB has modification time of '2024-08-30T16:46:43.5753739Z' while content on disk has modification time of '2024-08-31T22:16:34.2245Z'
Number of updated asset objects reloaded before import = 0Number of asset objects unloaded after import = 0

========================================================================
Received Import Request.
  Time since last request: 0.003838 seconds.
  path: Assets/ActivatableButtonSpawner.cs
  artifactKey: Guid(3a43ca04d5ef88f409337570e1653f31) Importer(815301076,1909f56bfc062723c751e8b465ee728b)
Start importing Assets/ActivatableButtonSpawner.cs using Guid(3a43ca04d5ef88f409337570e1653f31) Importer(815301076,1909f56bfc062723c751e8b465ee728b) (PreviewImporter)[PhysX] Initialized MultithreadedTaskDispatcher with 16 workers.
 -> (artifact id: '00000000000000000000000000000000') in 0.0002285 seconds
Import Error Code:(4)
Message: Build asset version error: assets/activatablebuttonspawner.cs in SourceAssetDB has modification time of '2024-08-30T16:46:43.5753739Z' while content on disk has modification time of '2024-08-31T22:16:34.2245Z'
  ERROR: Build asset version error: assets/activatablebuttonspawner.cs in SourceAssetDB has modification time of '2024-08-30T16:46:43.5753739Z' while content on disk has modification time of '2024-08-31T22:16:34.2245Z'
Number of updated asset objects reloaded before import = 0Number of asset objects unloaded after import = 0

========================================================================
Received Import Request.
  Time since last request: 0.003354 seconds.
  path: Assets/ActivatableButtonSpawner.cs
  artifactKey: Guid(3a43ca04d5ef88f409337570e1653f31) Importer(815301076,1909f56bfc062723c751e8b465ee728b)
Start importing Assets/ActivatableButtonSpawner.cs using Guid(3a43ca04d5ef88f409337570e1653f31) Importer(815301076,1909f56bfc062723c751e8b465ee728b) (PreviewImporter)[PhysX] Initialized MultithreadedTaskDispatcher with 16 workers.
 -> (artifact id: '00000000000000000000000000000000') in 0.0002301 seconds
Import Error Code:(4)
Message: Build asset version error: assets/activatablebuttonspawner.cs in SourceAssetDB has modification time of '2024-08-30T16:46:43.5753739Z' while content on disk has modification time of '2024-08-31T22:16:34.2245Z'
  ERROR: Build asset version error: assets/activatablebuttonspawner.cs in SourceAssetDB has modification time of '2024-08-30T16:46:43.5753739Z' while content on disk has modification time of '2024-08-31T22:16:34.2245Z'
Number of updated asset objects reloaded before import = 0Number of asset objects unloaded after import = 0

========================================================================
Received Import Request.
  Time since last request: 0.003243 seconds.
  path: Assets/ActivatableButtonSpawner.cs
  artifactKey: Guid(3a43ca04d5ef88f409337570e1653f31) Importer(815301076,1909f56bfc062723c751e8b465ee728b)
Start importing Assets/ActivatableButtonSpawner.cs using Guid(3a43ca04d5ef88f409337570e1653f31) Importer(815301076,1909f56bfc062723c751e8b465ee728b) (PreviewImporter)[PhysX] Initialized MultithreadedTaskDispatcher with 16 workers.
 -> (artifact id: '00000000000000000000000000000000') in 0.0002379 seconds
Import Error Code:(4)
Message: Build asset version error: assets/activatablebuttonspawner.cs in SourceAssetDB has modification time of '2024-08-30T16:46:43.5753739Z' while content on disk has modification time of '2024-08-31T22:16:34.2245Z'
  ERROR: Build asset version error: assets/activatablebuttonspawner.cs in SourceAssetDB has modification time of '2024-08-30T16:46:43.5753739Z' while content on disk has modification time of '2024-08-31T22:16:34.2245Z'
Number of updated asset objects reloaded before import = 0Number of asset objects unloaded after import = 0

========================================================================
Received Import Request.
  Time since last request: 0.003382 seconds.
  path: Assets/ActivatableButtonSpawner.cs
  artifactKey: Guid(3a43ca04d5ef88f409337570e1653f31) Importer(815301076,1909f56bfc062723c751e8b465ee728b)
Start importing Assets/ActivatableButtonSpawner.cs using Guid(3a43ca04d5ef88f409337570e1653f31) Importer(815301076,1909f56bfc062723c751e8b465ee728b) (PreviewImporter)[PhysX] Initialized MultithreadedTaskDispatcher with 16 workers.
 -> (artifact id: '00000000000000000000000000000000') in 0.0002174 seconds
Import Error Code:(4)
Message: Build asset version error: assets/activatablebuttonspawner.cs in SourceAssetDB has modification time of '2024-08-30T16:46:43.5753739Z' while content on disk has modification time of '2024-08-31T22:16:34.2245Z'
  ERROR: Build asset version error: assets/activatablebuttonspawner.cs in SourceAssetDB has modification time of '2024-08-30T16:46:43.5753739Z' while content on disk has modification time of '2024-08-31T22:16:34.2245Z'
Number of updated asset objects reloaded before import = 0Number of asset objects unloaded after import = 0

========================================================================
Received Import Request.
  Time since last request: 0.004346 seconds.
  path: Assets/ActivatableButtonSpawner.cs
  artifactKey: Guid(3a43ca04d5ef88f409337570e1653f31) Importer(815301076,1909f56bfc062723c751e8b465ee728b)
Start importing Assets/ActivatableButtonSpawner.cs using Guid(3a43ca04d5ef88f409337570e1653f31) Importer(815301076,1909f56bfc062723c751e8b465ee728b) (PreviewImporter)[PhysX] Initialized MultithreadedTaskDispatcher with 16 workers.
 -> (artifact id: '00000000000000000000000000000000') in 0.0002479 seconds
Import Error Code:(4)
Message: Build asset version error: assets/activatablebuttonspawner.cs in SourceAssetDB has modification time of '2024-08-30T16:46:43.5753739Z' while content on disk has modification time of '2024-08-31T22:16:34.2245Z'
  ERROR: Build asset version error: assets/activatablebuttonspawner.cs in SourceAssetDB has modification time of '2024-08-30T16:46:43.5753739Z' while content on disk has modification time of '2024-08-31T22:16:34.2245Z'
Number of updated asset objects reloaded before import = 0Number of asset objects unloaded after import = 0

========================================================================
Received Import Request.
  Time since last request: 0.003622 seconds.
  path: Assets/ActivatableButtonSpawner.cs
  artifactKey: Guid(3a43ca04d5ef88f409337570e1653f31) Importer(815301076,1909f56bfc062723c751e8b465ee728b)
Start importing Assets/ActivatableButtonSpawner.cs using Guid(3a43ca04d5ef88f409337570e1653f31) Importer(815301076,1909f56bfc062723c751e8b465ee728b) (PreviewImporter)[PhysX] Initialized MultithreadedTaskDispatcher with 16 workers.
 -> (artifact id: '00000000000000000000000000000000') in 0.0002287 seconds
Import Error Code:(4)
Message: Build asset version error: assets/activatablebuttonspawner.cs in SourceAssetDB has modification time of '2024-08-30T16:46:43.5753739Z' while content on disk has modification time of '2024-08-31T22:16:34.2245Z'
  ERROR: Build asset version error: assets/activatablebuttonspawner.cs in SourceAssetDB has modification time of '2024-08-30T16:46:43.5753739Z' while content on disk has modification time of '2024-08-31T22:16:34.2245Z'
Number of updated asset objects reloaded before import = 0Number of asset objects unloaded after import = 0

========================================================================
Received Import Request.
  Time since last request: 0.003487 seconds.
  path: Assets/ActivatableButtonSpawner.cs
  artifactKey: Guid(3a43ca04d5ef88f409337570e1653f31) Importer(815301076,1909f56bfc062723c751e8b465ee728b)
Start importing Assets/ActivatableButtonSpawner.cs using Guid(3a43ca04d5ef88f409337570e1653f31) Importer(815301076,1909f56bfc062723c751e8b465ee728b) (PreviewImporter)[PhysX] Initialized MultithreadedTaskDispatcher with 16 workers.
 -> (artifact id: '00000000000000000000000000000000') in 0.0002208 seconds
Import Error Code:(4)
Message: Build asset version error: assets/activatablebuttonspawner.cs in SourceAssetDB has modification time of '2024-08-30T16:46:43.5753739Z' while content on disk has modification time of '2024-08-31T22:16:34.2245Z'
  ERROR: Build asset version error: assets/activatablebuttonspawner.cs in SourceAssetDB has modification time of '2024-08-30T16:46:43.5753739Z' while content on disk has modification time of '2024-08-31T22:16:34.2245Z'
Number of updated asset objects reloaded before import = 0Number of asset objects unloaded after import = 0

========================================================================
Received Import Request.
  Time since last request: 0.003350 seconds.
  path: Assets/ActivatableButtonSpawner.cs
  artifactKey: Guid(3a43ca04d5ef88f409337570e1653f31) Importer(815301076,1909f56bfc062723c751e8b465ee728b)
Start importing Assets/ActivatableButtonSpawner.cs using Guid(3a43ca04d5ef88f409337570e1653f31) Importer(815301076,1909f56bfc062723c751e8b465ee728b) (PreviewImporter)[PhysX] Initialized MultithreadedTaskDispatcher with 16 workers.
 -> (artifact id: '00000000000000000000000000000000') in 0.0002175 seconds
Import Error Code:(4)
Message: Build asset version error: assets/activatablebuttonspawner.cs in SourceAssetDB has modification time of '2024-08-30T16:46:43.5753739Z' while content on disk has modification time of '2024-08-31T22:16:34.2245Z'
  ERROR: Build asset version error: assets/activatablebuttonspawner.cs in SourceAssetDB has modification time of '2024-08-30T16:46:43.5753739Z' while content on disk has modification time of '2024-08-31T22:16:34.2245Z'
Number of updated asset objects reloaded before import = 0Number of asset objects unloaded after import = 0

========================================================================
Received Import Request.
  Time since last request: 0.003773 seconds.
  path: Assets/ActivatableButtonSpawner.cs
  artifactKey: Guid(3a43ca04d5ef88f409337570e1653f31) Importer(815301076,1909f56bfc062723c751e8b465ee728b)
Start importing Assets/ActivatableButtonSpawner.cs using Guid(3a43ca04d5ef88f409337570e1653f31) Importer(815301076,1909f56bfc062723c751e8b465ee728b) (PreviewImporter)[PhysX] Initialized MultithreadedTaskDispatcher with 16 workers.
 -> (artifact id: '00000000000000000000000000000000') in 0.0002699 seconds
Import Error Code:(4)
Message: Build asset version error: assets/activatablebuttonspawner.cs in SourceAssetDB has modification time of '2024-08-30T16:46:43.5753739Z' while content on disk has modification time of '2024-08-31T22:16:34.2245Z'
  ERROR: Build asset version error: assets/activatablebuttonspawner.cs in SourceAssetDB has modification time of '2024-08-30T16:46:43.5753739Z' while content on disk has modification time of '2024-08-31T22:16:34.2245Z'
Number of updated asset objects reloaded before import = 0Number of asset objects unloaded after import = 0

========================================================================
Received Import Request.
  Time since last request: 0.003355 seconds.
  path: Assets/ActivatableButtonSpawner.cs
  artifactKey: Guid(3a43ca04d5ef88f409337570e1653f31) Importer(815301076,1909f56bfc062723c751e8b465ee728b)
Start importing Assets/ActivatableButtonSpawner.cs using Guid(3a43ca04d5ef88f409337570e1653f31) Importer(815301076,1909f56bfc062723c751e8b465ee728b) (PreviewImporter)[PhysX] Initialized MultithreadedTaskDispatcher with 16 workers.
 -> (artifact id: '00000000000000000000000000000000') in 0.0002224 seconds
Import Error Code:(4)
Message: Build asset version error: assets/activatablebuttonspawner.cs in SourceAssetDB has modification time of '2024-08-30T16:46:43.5753739Z' while content on disk has modification time of '2024-08-31T22:16:34.2245Z'
  ERROR: Build asset version error: assets/activatablebuttonspawner.cs in SourceAssetDB has modification time of '2024-08-30T16:46:43.5753739Z' while content on disk has modification time of '2024-08-31T22:16:34.2245Z'
Number of updated asset objects reloaded before import = 0Number of asset objects unloaded after import = 0

========================================================================
Received Import Request.
  Time since last request: 0.003198 seconds.
  path: Assets/ActivatableButtonSpawner.cs
  artifactKey: Guid(3a43ca04d5ef88f409337570e1653f31) Importer(815301076,1909f56bfc062723c751e8b465ee728b)
Start importing Assets/ActivatableButtonSpawner.cs using Guid(3a43ca04d5ef88f409337570e1653f31) Importer(815301076,1909f56bfc062723c751e8b465ee728b) (PreviewImporter)[PhysX] Initialized MultithreadedTaskDispatcher with 16 workers.
 -> (artifact id: '00000000000000000000000000000000') in 0.0002403 seconds
Import Error Code:(4)
Message: Build asset version error: assets/activatablebuttonspawner.cs in SourceAssetDB has modification time of '2024-08-30T16:46:43.5753739Z' while content on disk has modification time of '2024-08-31T22:16:34.2245Z'
  ERROR: Build asset version error: assets/activatablebuttonspawner.cs in SourceAssetDB has modification time of '2024-08-30T16:46:43.5753739Z' while content on disk has modification time of '2024-08-31T22:16:34.2245Z'
Number of updated asset objects reloaded before import = 0Number of asset objects unloaded after import = 0

========================================================================
Received Import Request.
  Time since last request: 0.003284 seconds.
  path: Assets/ActivatableButtonSpawner.cs
  artifactKey: Guid(3a43ca04d5ef88f409337570e1653f31) Importer(815301076,1909f56bfc062723c751e8b465ee728b)
Start importing Assets/ActivatableButtonSpawner.cs using Guid(3a43ca04d5ef88f409337570e1653f31) Importer(815301076,1909f56bfc062723c751e8b465ee728b) (PreviewImporter)[PhysX] Initialized MultithreadedTaskDispatcher with 16 workers.
 -> (artifact id: '00000000000000000000000000000000') in 0.0002122 seconds
Import Error Code:(4)
Message: Build asset version error: assets/activatablebuttonspawner.cs in SourceAssetDB has modification time of '2024-08-30T16:46:43.5753739Z' while content on disk has modification time of '2024-08-31T22:16:34.2245Z'
  ERROR: Build asset version error: assets/activatablebuttonspawner.cs in SourceAssetDB has modification time of '2024-08-30T16:46:43.5753739Z' while content on disk has modification time of '2024-08-31T22:16:34.2245Z'
Number of updated asset objects reloaded before import = 0Number of asset objects unloaded after import = 0

========================================================================
Received Import Request.
  Time since last request: 0.004458 seconds.
  path: Assets/ActivatableButtonSpawner.cs
  artifactKey: Guid(3a43ca04d5ef88f409337570e1653f31) Importer(815301076,1909f56bfc062723c751e8b465ee728b)
Start importing Assets/ActivatableButtonSpawner.cs using Guid(3a43ca04d5ef88f409337570e1653f31) Importer(815301076,1909f56bfc062723c751e8b465ee728b) (PreviewImporter)[PhysX] Initialized MultithreadedTaskDispatcher with 16 workers.
 -> (artifact id: '00000000000000000000000000000000') in 0.0002706 seconds
Import Error Code:(4)
Message: Build asset version error: assets/activatablebuttonspawner.cs in SourceAssetDB has modification time of '2024-08-30T16:46:43.5753739Z' while content on disk has modification time of '2024-08-31T22:16:34.2245Z'
  ERROR: Build asset version error: assets/activatablebuttonspawner.cs in SourceAssetDB has modification time of '2024-08-30T16:46:43.5753739Z' while content on disk has modification time of '2024-08-31T22:16:34.2245Z'
Number of updated asset objects reloaded before import = 0Number of asset objects unloaded after import = 0

========================================================================
Received Import Request.
  Time since last request: 0.003613 seconds.
  path: Assets/ActivatableButtonSpawner.cs
  artifactKey: Guid(3a43ca04d5ef88f409337570e1653f31) Importer(815301076,1909f56bfc062723c751e8b465ee728b)
Start importing Assets/ActivatableButtonSpawner.cs using Guid(3a43ca04d5ef88f409337570e1653f31) Importer(815301076,1909f56bfc062723c751e8b465ee728b) (PreviewImporter)[PhysX] Initialized MultithreadedTaskDispatcher with 16 workers.
 -> (artifact id: '00000000000000000000000000000000') in 0.0002505 seconds
Import Error Code:(4)
Message: Build asset version error: assets/activatablebuttonspawner.cs in SourceAssetDB has modification time of '2024-08-30T16:46:43.5753739Z' while content on disk has modification time of '2024-08-31T22:16:34.2245Z'
  ERROR: Build asset version error: assets/activatablebuttonspawner.cs in SourceAssetDB has modification time of '2024-08-30T16:46:43.5753739Z' while content on disk has modification time of '2024-08-31T22:16:34.2245Z'
Number of updated asset objects reloaded before import = 0Number of asset objects unloaded after import = 0

========================================================================
Received Import Request.
  Time since last request: 0.003564 seconds.
  path: Assets/ActivatableButtonSpawner.cs
  artifactKey: Guid(3a43ca04d5ef88f409337570e1653f31) Importer(815301076,1909f56bfc062723c751e8b465ee728b)
Start importing Assets/ActivatableButtonSpawner.cs using Guid(3a43ca04d5ef88f409337570e1653f31) Importer(815301076,1909f56bfc062723c751e8b465ee728b) (PreviewImporter)[PhysX] Initialized MultithreadedTaskDispatcher with 16 workers.
 -> (artifact id: '00000000000000000000000000000000') in 0.0002468 seconds
Import Error Code:(4)
Message: Build asset version error: assets/activatablebuttonspawner.cs in SourceAssetDB has modification time of '2024-08-30T16:46:43.5753739Z' while content on disk has modification time of '2024-08-31T22:16:34.2245Z'
  ERROR: Build asset version error: assets/activatablebuttonspawner.cs in SourceAssetDB has modification time of '2024-08-30T16:46:43.5753739Z' while content on disk has modification time of '2024-08-31T22:16:34.2245Z'
Number of updated asset objects reloaded before import = 0Number of asset objects unloaded after import = 0

========================================================================
Received Import Request.
  Time since last request: 0.003734 seconds.
  path: Assets/ActivatableButtonSpawner.cs
  artifactKey: Guid(3a43ca04d5ef88f409337570e1653f31) Importer(815301076,1909f56bfc062723c751e8b465ee728b)
Start importing Assets/ActivatableButtonSpawner.cs using Guid(3a43ca04d5ef88f409337570e1653f31) Importer(815301076,1909f56bfc062723c751e8b465ee728b) (PreviewImporter)[PhysX] Initialized MultithreadedTaskDispatcher with 16 workers.
 -> (artifact id: '00000000000000000000000000000000') in 0.0002642 seconds
Import Error Code:(4)
Message: Build asset version error: assets/activatablebuttonspawner.cs in SourceAssetDB has modification time of '2024-08-30T16:46:43.5753739Z' while content on disk has modification time of '2024-08-31T22:16:34.2245Z'
  ERROR: Build asset version error: assets/activatablebuttonspawner.cs in SourceAssetDB has modification time of '2024-08-30T16:46:43.5753739Z' while content on disk has modification time of '2024-08-31T22:16:34.2245Z'
Number of updated asset objects reloaded before import = 0Number of asset objects unloaded after import = 0

========================================================================
Received Import Request.
  Time since last request: 0.003924 seconds.
  path: Assets/ActivatableButtonSpawner.cs
  artifactKey: Guid(3a43ca04d5ef88f409337570e1653f31) Importer(815301076,1909f56bfc062723c751e8b465ee728b)
Start importing Assets/ActivatableButtonSpawner.cs using Guid(3a43ca04d5ef88f409337570e1653f31) Importer(815301076,1909f56bfc062723c751e8b465ee728b) (PreviewImporter)[PhysX] Initialized MultithreadedTaskDispatcher with 16 workers.
 -> (artifact id: '00000000000000000000000000000000') in 0.0002368 seconds
Import Error Code:(4)
Message: Build asset version error: assets/activatablebuttonspawner.cs in SourceAssetDB has modification time of '2024-08-30T16:46:43.5753739Z' while content on disk has modification time of '2024-08-31T22:16:34.2245Z'
  ERROR: Build asset version error: assets/activatablebuttonspawner.cs in SourceAssetDB has modification time of '2024-08-30T16:46:43.5753739Z' while content on disk has modification time of '2024-08-31T22:16:34.2245Z'
Number of updated asset objects reloaded before import = 0Number of asset objects unloaded after import = 0

========================================================================
Received Import Request.
  Time since last request: 0.003353 seconds.
  path: Assets/ActivatableButtonSpawner.cs
  artifactKey: Guid(3a43ca04d5ef88f409337570e1653f31) Importer(815301076,1909f56bfc062723c751e8b465ee728b)
Start importing Assets/ActivatableButtonSpawner.cs using Guid(3a43ca04d5ef88f409337570e1653f31) Importer(815301076,1909f56bfc062723c751e8b465ee728b) (PreviewImporter)[PhysX] Initialized MultithreadedTaskDispatcher with 16 workers.
 -> (artifact id: '00000000000000000000000000000000') in 0.0002413 seconds
Import Error Code:(4)
Message: Build asset version error: assets/activatablebuttonspawner.cs in SourceAssetDB has modification time of '2024-08-30T16:46:43.5753739Z' while content on disk has modification time of '2024-08-31T22:16:34.2245Z'
  ERROR: Build asset version error: assets/activatablebuttonspawner.cs in SourceAssetDB has modification time of '2024-08-30T16:46:43.5753739Z' while content on disk has modification time of '2024-08-31T22:16:34.2245Z'
Number of updated asset objects reloaded before import = 0Number of asset objects unloaded after import = 0

========================================================================
Received Prepare
Refreshing native plugins compatible for Editor in 0.66 ms, found 4 plugins.
Preloading 0 native plugins for Editor in 0.00 ms.
Unloading 1 Unused Serialized files (Serialized files now loaded: 0)
Unloading 4313 unused Assets / (1.0 MB). Loaded Objects now: 5084.
Memory consumption went from 126.7 MB to 125.7 MB.
Total: 3.998300 ms (FindLiveObjects: 0.266800 ms CreateObjectMapping: 0.121500 ms MarkObjects: 3.005700 ms  DeleteObjects: 0.603800 ms)

Prepare: number of updated asset objects reloaded= 0
========================================================================
Received Prepare
Begin MonoManager ReloadAssembly
- Loaded All Assemblies, in  0.369 seconds
Refreshing native plugins compatible for Editor in 0.66 ms, found 4 plugins.
Native extension for WindowsStandalone target not found
Mono: successfully reloaded assembly
- Finished resetting the current domain, in  0.362 seconds
Domain Reload Profiling: 731ms
	BeginReloadAssembly (112ms)
		ExecutionOrderSort (0ms)
		DisableScriptedObjects (7ms)
		BackupInstance (0ms)
		ReleaseScriptingObjects (0ms)
		CreateAndSetChildDomain (28ms)
	RebuildCommonClasses (21ms)
	RebuildNativeTypeToScriptingClass (7ms)
	initialDomainReloadingComplete (15ms)
	LoadAllAssembliesAndSetupDomain (213ms)
		LoadAssemblies (172ms)
		RebuildTransferFunctionScriptingTraits (0ms)
		AnalyzeDomain (92ms)
			TypeCache.Refresh (6ms)
				TypeCache.ScanAssembly (0ms)
			BuildScriptInfoCaches (82ms)
			ResolveRequiredComponents (3ms)
	FinalizeReload (362ms)
		ReleaseScriptCaches (0ms)
		RebuildScriptCaches (0ms)
		SetupLoadedEditorAssemblies (239ms)
			LogAssemblyErrors (0ms)
			InitializePlatformSupportModulesInManaged (1ms)
			SetLoadedEditorAssemblies (3ms)
			BeforeProcessingInitializeOnLoad (29ms)
			ProcessInitializeOnLoadAttributes (176ms)
			ProcessInitializeOnLoadMethodAttributes (25ms)
			AfterProcessingInitializeOnLoad (4ms)
			EditorAssembliesLoaded (0ms)
		ExecutionOrderSort2 (0ms)
		AwakeInstancesAfterBackupRestoration (4ms)
Refreshing native plugins compatible for Editor in 0.63 ms, found 4 plugins.
Preloading 0 native plugins for Editor in 0.00 ms.
Unloading 1 Unused Serialized files (Serialized files now loaded: 0)
Unloading 4323 unused Assets / (1.2 MB). Loaded Objects now: 5086.
Memory consumption went from 126.6 MB to 125.4 MB.
Total: 3.946000 ms (FindLiveObjects: 0.243800 ms CreateObjectMapping: 0.115300 ms MarkObjects: 2.836700 ms  DeleteObjects: 0.749600 ms)

Prepare: number of updated asset objects reloaded= 0
========================================================================
Received Import Request.
  Time since last request: 23.727880 seconds.
  path: Assets/Prefabs/timefish.prefab
  artifactKey: Guid(733c4d9c25df7fa45ae973b231f96fa8) Importer(815301076,1909f56bfc062723c751e8b465ee728b)
Start importing Assets/Prefabs/timefish.prefab using Guid(733c4d9c25df7fa45ae973b231f96fa8) Importer(815301076,1909f56bfc062723c751e8b465ee728b) (PreviewImporter)[PhysX] Initialized MultithreadedTaskDispatcher with 16 workers.
[PhysX] Initialized MultithreadedTaskDispatcher with 16 workers.
 -> (artifact id: 'f77c0da9ba1bfd8730527eac03149c4f') in 0.056932 seconds
Number of updated asset objects reloaded before import = 0Number of asset objects unloaded after import = 10

========================================================================
Received Prepare
Begin MonoManager ReloadAssembly
- Loaded All Assemblies, in  0.361 seconds
Refreshing native plugins compatible for Editor in 0.74 ms, found 4 plugins.
Native extension for WindowsStandalone target not found
Mono: successfully reloaded assembly
- Finished resetting the current domain, in  0.423 seconds
Domain Reload Profiling: 784ms
	BeginReloadAssembly (108ms)
		ExecutionOrderSort (0ms)
		DisableScriptedObjects (7ms)
		BackupInstance (0ms)
		ReleaseScriptingObjects (0ms)
		CreateAndSetChildDomain (24ms)
	RebuildCommonClasses (21ms)
	RebuildNativeTypeToScriptingClass (8ms)
	initialDomainReloadingComplete (16ms)
	LoadAllAssembliesAndSetupDomain (208ms)
		LoadAssemblies (171ms)
		RebuildTransferFunctionScriptingTraits (0ms)
		AnalyzeDomain (90ms)
			TypeCache.Refresh (5ms)
				TypeCache.ScanAssembly (0ms)
			BuildScriptInfoCaches (80ms)
			ResolveRequiredComponents (3ms)
	FinalizeReload (423ms)
		ReleaseScriptCaches (0ms)
		RebuildScriptCaches (0ms)
		SetupLoadedEditorAssemblies (275ms)
			LogAssemblyErrors (0ms)
			InitializePlatformSupportModulesInManaged (1ms)
			SetLoadedEditorAssemblies (3ms)
			BeforeProcessingInitializeOnLoad (28ms)
			ProcessInitializeOnLoadAttributes (201ms)
			ProcessInitializeOnLoadMethodAttributes (37ms)
			AfterProcessingInitializeOnLoad (5ms)
			EditorAssembliesLoaded (0ms)
		ExecutionOrderSort2 (0ms)
		AwakeInstancesAfterBackupRestoration (5ms)
Refreshing native plugins compatible for Editor in 0.79 ms, found 4 plugins.
Preloading 0 native plugins for Editor in 0.00 ms.
Unloading 1 Unused Serialized files (Serialized files now loaded: 0)
Unloading 4323 unused Assets / (1.1 MB). Loaded Objects now: 5088.
Memory consumption went from 126.6 MB to 125.5 MB.
Total: 4.675800 ms (FindLiveObjects: 0.262000 ms CreateObjectMapping: 0.123200 ms MarkObjects: 3.626800 ms  DeleteObjects: 0.663000 ms)

Prepare: number of updated asset objects reloaded= 0
========================================================================
Received Prepare
Begin MonoManager ReloadAssembly
- Loaded All Assemblies, in  0.399 seconds
Refreshing native plugins compatible for Editor in 0.67 ms, found 4 plugins.
Native extension for WindowsStandalone target not found
Mono: successfully reloaded assembly
- Finished resetting the current domain, in  0.360 seconds
Domain Reload Profiling: 759ms
	BeginReloadAssembly (125ms)
		ExecutionOrderSort (0ms)
		DisableScriptedObjects (8ms)
		BackupInstance (0ms)
		ReleaseScriptingObjects (0ms)
		CreateAndSetChildDomain (31ms)
	RebuildCommonClasses (21ms)
	RebuildNativeTypeToScriptingClass (8ms)
	initialDomainReloadingComplete (19ms)
	LoadAllAssembliesAndSetupDomain (227ms)
		LoadAssemblies (190ms)
		RebuildTransferFunctionScriptingTraits (0ms)
		AnalyzeDomain (94ms)
			TypeCache.Refresh (6ms)
				TypeCache.ScanAssembly (0ms)
			BuildScriptInfoCaches (82ms)
			ResolveRequiredComponents (3ms)
	FinalizeReload (360ms)
		ReleaseScriptCaches (0ms)
		RebuildScriptCaches (0ms)
		SetupLoadedEditorAssemblies (235ms)
			LogAssemblyErrors (0ms)
			InitializePlatformSupportModulesInManaged (1ms)
			SetLoadedEditorAssemblies (3ms)
			BeforeProcessingInitializeOnLoad (28ms)
			ProcessInitializeOnLoadAttributes (175ms)
			ProcessInitializeOnLoadMethodAttributes (24ms)
			AfterProcessingInitializeOnLoad (4ms)
			EditorAssembliesLoaded (0ms)
		ExecutionOrderSort2 (0ms)
		AwakeInstancesAfterBackupRestoration (4ms)
Refreshing native plugins compatible for Editor in 0.63 ms, found 4 plugins.
Preloading 0 native plugins for Editor in 0.00 ms.
Unloading 1 Unused Serialized files (Serialized files now loaded: 0)
Unloading 4323 unused Assets / (1.0 MB). Loaded Objects now: 5090.
Memory consumption went from 126.6 MB to 125.6 MB.
Total: 4.089900 ms (FindLiveObjects: 0.257700 ms CreateObjectMapping: 0.121900 ms MarkObjects: 2.917300 ms  DeleteObjects: 0.792500 ms)

Prepare: number of updated asset objects reloaded= 0
========================================================================
Received Prepare
Begin MonoManager ReloadAssembly
- Loaded All Assemblies, in  0.368 seconds
Refreshing native plugins compatible for Editor in 0.62 ms, found 4 plugins.
Native extension for WindowsStandalone target not found
Mono: successfully reloaded assembly
- Finished resetting the current domain, in  0.420 seconds
Domain Reload Profiling: 789ms
	BeginReloadAssembly (114ms)
		ExecutionOrderSort (0ms)
		DisableScriptedObjects (7ms)
		BackupInstance (0ms)
		ReleaseScriptingObjects (0ms)
		CreateAndSetChildDomain (25ms)
	RebuildCommonClasses (22ms)
	RebuildNativeTypeToScriptingClass (8ms)
	initialDomainReloadingComplete (15ms)
	LoadAllAssembliesAndSetupDomain (209ms)
		LoadAssemblies (174ms)
		RebuildTransferFunctionScriptingTraits (0ms)
		AnalyzeDomain (91ms)
			TypeCache.Refresh (5ms)
				TypeCache.ScanAssembly (0ms)
			BuildScriptInfoCaches (81ms)
			ResolveRequiredComponents (3ms)
	FinalizeReload (421ms)
		ReleaseScriptCaches (0ms)
		RebuildScriptCaches (0ms)
		SetupLoadedEditorAssemblies (272ms)
			LogAssemblyErrors (0ms)
			InitializePlatformSupportModulesInManaged (1ms)
			SetLoadedEditorAssemblies (3ms)
			BeforeProcessingInitializeOnLoad (29ms)
			ProcessInitializeOnLoadAttributes (197ms)
			ProcessInitializeOnLoadMethodAttributes (37ms)
			AfterProcessingInitializeOnLoad (5ms)
			EditorAssembliesLoaded (0ms)
		ExecutionOrderSort2 (0ms)
		AwakeInstancesAfterBackupRestoration (5ms)
Refreshing native plugins compatible for Editor in 0.84 ms, found 4 plugins.
Preloading 0 native plugins for Editor in 0.00 ms.
Unloading 1 Unused Serialized files (Serialized files now loaded: 0)
Unloading 4323 unused Assets / (1.1 MB). Loaded Objects now: 5092.
Memory consumption went from 126.6 MB to 125.5 MB.
Total: 4.662900 ms (FindLiveObjects: 0.259300 ms CreateObjectMapping: 0.127600 ms MarkObjects: 3.555200 ms  DeleteObjects: 0.720200 ms)

Prepare: number of updated asset objects reloaded= 0
========================================================================
Received Import Request.
  Time since last request: 8022.560786 seconds.
  path: Packages/com.unity.2d.sprite/Editor/ObjectMenuCreation/DefaultAssets/Textures/v2/9Sliced.png
  artifactKey: Guid(8884154dfe85442a3a3578be807dbcdf) Importer(815301076,1909f56bfc062723c751e8b465ee728b)
Start importing Packages/com.unity.2d.sprite/Editor/ObjectMenuCreation/DefaultAssets/Textures/v2/9Sliced.png using Guid(8884154dfe85442a3a3578be807dbcdf) Importer(815301076,1909f56bfc062723c751e8b465ee728b) (PreviewImporter)[PhysX] Initialized MultithreadedTaskDispatcher with 16 workers.
[PhysX] Initialized MultithreadedTaskDispatcher with 16 workers.
 -> (artifact id: '316ff315132342f89e738c674c33fae1') in 0.0527919 seconds
Number of updated asset objects reloaded before import = 0Number of asset objects unloaded after import = 3

========================================================================
Received Import Request.
  Time since last request: 0.000013 seconds.
  path: Packages/com.unity.2d.sprite/Editor/ObjectMenuCreation/DefaultAssets/Textures/v2/Square.png
  artifactKey: Guid(311925a002f4447b3a28927169b83ea6) Importer(815301076,1909f56bfc062723c751e8b465ee728b)
Start importing Packages/com.unity.2d.sprite/Editor/ObjectMenuCreation/DefaultAssets/Textures/v2/Square.png using Guid(311925a002f4447b3a28927169b83ea6) Importer(815301076,1909f56bfc062723c751e8b465ee728b) (PreviewImporter)[PhysX] Initialized MultithreadedTaskDispatcher with 16 workers.
[PhysX] Initialized MultithreadedTaskDispatcher with 16 workers.
 -> (artifact id: 'f8ca6d3b9dee30abacf1434620adb4fb') in 0.0120776 seconds
Number of updated asset objects reloaded before import = 0Number of asset objects unloaded after import = 3

========================================================================
Received Import Request.
  Time since last request: 0.000012 seconds.
  path: Packages/com.unity.2d.sprite/Editor/ObjectMenuCreation/DefaultAssets/Textures/v2/HexagonPointTop.png
  artifactKey: Guid(5aa8b770bc43046bc8d993d0d5b7f4a5) Importer(815301076,1909f56bfc062723c751e8b465ee728b)
Start importing Packages/com.unity.2d.sprite/Editor/ObjectMenuCreation/DefaultAssets/Textures/v2/HexagonPointTop.png using Guid(5aa8b770bc43046bc8d993d0d5b7f4a5) Importer(815301076,1909f56bfc062723c751e8b465ee728b) (PreviewImporter)[PhysX] Initialized MultithreadedTaskDispatcher with 16 workers.
[PhysX] Initialized MultithreadedTaskDispatcher with 16 workers.
 -> (artifact id: 'c799c6cb5433565968c5680f1e52d575') in 0.0118211 seconds
Number of updated asset objects reloaded before import = 0Number of asset objects unloaded after import = 3

========================================================================
Received Import Request.
  Time since last request: 0.000010 seconds.
  path: Packages/com.unity.2d.sprite/Editor/ObjectMenuCreation/DefaultAssets/Textures/v2/Circle.png
  artifactKey: Guid(a86470a33a6bf42c4b3595704624658b) Importer(815301076,1909f56bfc062723c751e8b465ee728b)
Start importing Packages/com.unity.2d.sprite/Editor/ObjectMenuCreation/DefaultAssets/Textures/v2/Circle.png using Guid(a86470a33a6bf42c4b3595704624658b) Importer(815301076,1909f56bfc062723c751e8b465ee728b) (PreviewImporter)[PhysX] Initialized MultithreadedTaskDispatcher with 16 workers.
[PhysX] Initialized MultithreadedTaskDispatcher with 16 workers.
 -> (artifact id: 'fdfabac2fa96225ab870169476d6639a') in 0.0112083 seconds
Number of updated asset objects reloaded before import = 0Number of asset objects unloaded after import = 3

========================================================================
Received Import Request.
  Time since last request: 0.000011 seconds.
  path: Packages/com.unity.2d.sprite/Editor/ObjectMenuCreation/DefaultAssets/Textures/v2/HexagonFlatTop.png
  artifactKey: Guid(b670ab75dde984907b8570040daa08c5) Importer(815301076,1909f56bfc062723c751e8b465ee728b)
Start importing Packages/com.unity.2d.sprite/Editor/ObjectMenuCreation/DefaultAssets/Textures/v2/HexagonFlatTop.png using Guid(b670ab75dde984907b8570040daa08c5) Importer(815301076,1909f56bfc062723c751e8b465ee728b) (PreviewImporter)[PhysX] Initialized MultithreadedTaskDispatcher with 16 workers.
[PhysX] Initialized MultithreadedTaskDispatcher with 16 workers.
 -> (artifact id: 'cd0118f3c30e540b16796a225360eff5') in 0.0127456 seconds
Number of updated asset objects reloaded before import = 0Number of asset objects unloaded after import = 3

========================================================================
Received Import Request.
  Time since last request: 0.000010 seconds.
  path: Packages/com.unity.2d.sprite/Editor/ObjectMenuCreation/DefaultAssets/Textures/v2/IsometricDiamond.png
  artifactKey: Guid(19fb86013d8c24d6cb8410c0aadf30fa) Importer(815301076,1909f56bfc062723c751e8b465ee728b)
Start importing Packages/com.unity.2d.sprite/Editor/ObjectMenuCreation/DefaultAssets/Textures/v2/IsometricDiamond.png using Guid(19fb86013d8c24d6cb8410c0aadf30fa) Importer(815301076,1909f56bfc062723c751e8b465ee728b) (PreviewImporter)[PhysX] Initialized MultithreadedTaskDispatcher with 16 workers.
[PhysX] Initialized MultithreadedTaskDispatcher with 16 workers.
 -> (artifact id: 'b438eb4df180fc2f005d0f7314a0b7ff') in 0.013715 seconds
Number of updated asset objects reloaded before import = 0Number of asset objects unloaded after import = 3

========================================================================
Received Import Request.
  Time since last request: 1.060695 seconds.
  path: Packages/com.unity.2d.sprite/Editor/ObjectMenuCreation/DefaultAssets/Textures/Circle.png
  artifactKey: Guid(ebe73ca9363db456bacf42c025bb4847) Importer(815301076,1909f56bfc062723c751e8b465ee728b)
Start importing Packages/com.unity.2d.sprite/Editor/ObjectMenuCreation/DefaultAssets/Textures/Circle.png using Guid(ebe73ca9363db456bacf42c025bb4847) Importer(815301076,1909f56bfc062723c751e8b465ee728b) (PreviewImporter)[PhysX] Initialized MultithreadedTaskDispatcher with 16 workers.
[PhysX] Initialized MultithreadedTaskDispatcher with 16 workers.
 -> (artifact id: '94df6a5076898c94284f50cdb271495e') in 0.0048497 seconds
Number of updated asset objects reloaded before import = 0Number of asset objects unloaded after import = 3

========================================================================
Received Import Request.
  Time since last request: 0.000009 seconds.
  path: Packages/com.unity.2d.animation/Editor/Assets/EditorIcons/Selected/Copy.png
  artifactKey: Guid(678095381d851334fb550c5032ba1a81) Importer(815301076,1909f56bfc062723c751e8b465ee728b)
Start importing Packages/com.unity.2d.animation/Editor/Assets/EditorIcons/Selected/Copy.png using Guid(678095381d851334fb550c5032ba1a81) Importer(815301076,1909f56bfc062723c751e8b465ee728b) (PreviewImporter)[PhysX] Initialized MultithreadedTaskDispatcher with 16 workers.
[PhysX] Initialized MultithreadedTaskDispatcher with 16 workers.
 -> (artifact id: 'df0ea24e10f1bd6a29af75f928f65cbe') in 0.0101657 seconds
Number of updated asset objects reloaded before import = 0Number of asset objects unloaded after import = 3

========================================================================
Received Import Request.
  Time since last request: 0.000013 seconds.
  path: Packages/com.unity.2d.animation/Editor/Assets/EditorIcons/Selected/Copy@3x.png
  artifactKey: Guid(bb51334c6930f864abac38001f7bdf6e) Importer(815301076,1909f56bfc062723c751e8b465ee728b)
Start importing Packages/com.unity.2d.animation/Editor/Assets/EditorIcons/Selected/Copy@3x.png using Guid(bb51334c6930f864abac38001f7bdf6e) Importer(815301076,1909f56bfc062723c751e8b465ee728b) (PreviewImporter)[PhysX] Initialized MultithreadedTaskDispatcher with 16 workers.
[PhysX] Initialized MultithreadedTaskDispatcher with 16 workers.
 -> (artifact id: 'ee2ea1698ba7f11a622c0ca7508d64d9') in 0.0095173 seconds
Number of updated asset objects reloaded before import = 0Number of asset objects unloaded after import = 3

========================================================================
Received Import Request.
  Time since last request: 0.000018 seconds.
  path: Packages/com.unity.2d.animation/Editor/Assets/EditorIcons/Light/Copy@2x.png
  artifactKey: Guid(2e0cf451cb3d56742aad87ea75993209) Importer(815301076,1909f56bfc062723c751e8b465ee728b)
Start importing Packages/com.unity.2d.animation/Editor/Assets/EditorIcons/Light/Copy@2x.png using Guid(2e0cf451cb3d56742aad87ea75993209) Importer(815301076,1909f56bfc062723c751e8b465ee728b) (PreviewImporter)[PhysX] Initialized MultithreadedTaskDispatcher with 16 workers.
[PhysX] Initialized MultithreadedTaskDispatcher with 16 workers.
 -> (artifact id: 'b4a7e43080c6531b4d9a1b9091c1c11f') in 0.0072824 seconds
Number of updated asset objects reloaded before import = 0Number of asset objects unloaded after import = 3

========================================================================
Received Import Request.
  Time since last request: 1.258557 seconds.
  path: Packages/com.unity.2d.animation/Editor/Assets/EditorIcons/Light/Copy@3x.png
  artifactKey: Guid(55ad4b6109677be42b239f450ce98c29) Importer(815301076,1909f56bfc062723c751e8b465ee728b)
Start importing Packages/com.unity.2d.animation/Editor/Assets/EditorIcons/Light/Copy@3x.png using Guid(55ad4b6109677be42b239f450ce98c29) Importer(815301076,1909f56bfc062723c751e8b465ee728b) (PreviewImporter)[PhysX] Initialized MultithreadedTaskDispatcher with 16 workers.
[PhysX] Initialized MultithreadedTaskDispatcher with 16 workers.
 -> (artifact id: 'a2a9a3174db04ef7e6486baf56d1c362') in 0.0108996 seconds
Number of updated asset objects reloaded before import = 0Number of asset objects unloaded after import = 3

========================================================================
Received Import Request.
  Time since last request: 0.017298 seconds.
  path: Packages/com.unity.2d.animation/Editor/Assets/EditorIcons/Light/Copy@4x.png
  artifactKey: Guid(5430b5412bcac5b4986be0a875a5e978) Importer(815301076,1909f56bfc062723c751e8b465ee728b)
Start importing Packages/com.unity.2d.animation/Editor/Assets/EditorIcons/Light/Copy@4x.png using Guid(5430b5412bcac5b4986be0a875a5e978) Importer(815301076,1909f56bfc062723c751e8b465ee728b) (PreviewImporter)[PhysX] Initialized MultithreadedTaskDispatcher with 16 workers.
[PhysX] Initialized MultithreadedTaskDispatcher with 16 workers.
 -> (artifact id: '6c9d1f5c1c91bf4b735b190e3444b79c') in 0.0097562 seconds
Number of updated asset objects reloaded before import = 0Number of asset objects unloaded after import = 3

========================================================================
Received Import Request.
  Time since last request: 0.027962 seconds.
  path: Packages/com.unity.2d.animation/Editor/Assets/EditorIcons/Selected/Create Bones.png
  artifactKey: Guid(7b86a539750e1a44ca7ec5b7f690babd) Importer(815301076,1909f56bfc062723c751e8b465ee728b)
Start importing Packages/com.unity.2d.animation/Editor/Assets/EditorIcons/Selected/Create Bones.png using Guid(7b86a539750e1a44ca7ec5b7f690babd) Importer(815301076,1909f56bfc062723c751e8b465ee728b) (PreviewImporter)[PhysX] Initialized MultithreadedTaskDispatcher with 16 workers.
[PhysX] Initialized MultithreadedTaskDispatcher with 16 workers.
 -> (artifact id: 'f6d9c5b7076a91eb7a9d4b974d54710e') in 0.0085626 seconds
Number of updated asset objects reloaded before import = 0Number of asset objects unloaded after import = 3

========================================================================
Received Import Request.
  Time since last request: 0.020083 seconds.
  path: Packages/com.unity.2d.animation/Editor/Assets/EditorIcons/Light/Create Bones@2x.png
  artifactKey: Guid(03976b6af3289c0409a55e2c4eab4087) Importer(815301076,1909f56bfc062723c751e8b465ee728b)
Start importing Packages/com.unity.2d.animation/Editor/Assets/EditorIcons/Light/Create Bones@2x.png using Guid(03976b6af3289c0409a55e2c4eab4087) Importer(815301076,1909f56bfc062723c751e8b465ee728b) (PreviewImporter)[PhysX] Initialized MultithreadedTaskDispatcher with 16 workers.
[PhysX] Initialized MultithreadedTaskDispatcher with 16 workers.
 -> (artifact id: 'd94b56417a4f7e4fde7b50ad21216d43') in 0.0095678 seconds
Number of updated asset objects reloaded before import = 0Number of asset objects unloaded after import = 3

========================================================================
Received Import Request.
  Time since last request: 0.068941 seconds.
  path: Packages/com.unity.2d.animation/Editor/Assets/EditorIcons/Selected/Create Bones@3x.png
  artifactKey: Guid(7835bec40f86c2c4fb3f91a6eb3b7034) Importer(815301076,1909f56bfc062723c751e8b465ee728b)
Start importing Packages/com.unity.2d.animation/Editor/Assets/EditorIcons/Selected/Create Bones@3x.png using Guid(7835bec40f86c2c4fb3f91a6eb3b7034) Importer(815301076,1909f56bfc062723c751e8b465ee728b) (PreviewImporter)[PhysX] Initialized MultithreadedTaskDispatcher with 16 workers.
[PhysX] Initialized MultithreadedTaskDispatcher with 16 workers.
 -> (artifact id: 'c84b17fba5c158548db836a257aea761') in 0.0116887 seconds
Number of updated asset objects reloaded before import = 0Number of asset objects unloaded after import = 3

========================================================================
Received Import Request.
  Time since last request: 0.325502 seconds.
  path: Packages/com.unity.2d.animation/Editor/Assets/EditorIcons/Selected/Create Bones@4x.png
  artifactKey: Guid(61ac40b257b3a994f841856ad38b2b6b) Importer(815301076,1909f56bfc062723c751e8b465ee728b)
Start importing Packages/com.unity.2d.animation/Editor/Assets/EditorIcons/Selected/Create Bones@4x.png using Guid(61ac40b257b3a994f841856ad38b2b6b) Importer(815301076,1909f56bfc062723c751e8b465ee728b) (PreviewImporter)[PhysX] Initialized MultithreadedTaskDispatcher with 16 workers.
[PhysX] Initialized MultithreadedTaskDispatcher with 16 workers.
 -> (artifact id: 'ffce7ba9326ed53f9571589f4a2b66c6') in 0.013605 seconds
Number of updated asset objects reloaded before import = 0Number of asset objects unloaded after import = 3

========================================================================
Received Import Request.
  Time since last request: 0.066544 seconds.
  path: Packages/com.unity.2d.animation/Editor/Assets/EditorIcons/Selected/Create_Edge.png
  artifactKey: Guid(ad7b296d426713b4593ee1a19fcbf9d1) Importer(815301076,1909f56bfc062723c751e8b465ee728b)
Start importing Packages/com.unity.2d.animation/Editor/Assets/EditorIcons/Selected/Create_Edge.png using Guid(ad7b296d426713b4593ee1a19fcbf9d1) Importer(815301076,1909f56bfc062723c751e8b465ee728b) (PreviewImporter)[PhysX] Initialized MultithreadedTaskDispatcher with 16 workers.
[PhysX] Initialized MultithreadedTaskDispatcher with 16 workers.
 -> (artifact id: '888ecd79abef9e7daeb90e4f1c31f3e4') in 0.0109469 seconds
Number of updated asset objects reloaded before import = 0Number of asset objects unloaded after import = 3

========================================================================
Received Import Request.
  Time since last request: 0.019300 seconds.
  path: Packages/com.unity.2d.animation/Editor/Assets/EditorIcons/Selected/Create_Edge@2x.png
  artifactKey: Guid(e5da66fa63839274dbffb877e43e888b) Importer(815301076,1909f56bfc062723c751e8b465ee728b)
Start importing Packages/com.unity.2d.animation/Editor/Assets/EditorIcons/Selected/Create_Edge@2x.png using Guid(e5da66fa63839274dbffb877e43e888b) Importer(815301076,1909f56bfc062723c751e8b465ee728b) (PreviewImporter)[PhysX] Initialized MultithreadedTaskDispatcher with 16 workers.
[PhysX] Initialized MultithreadedTaskDispatcher with 16 workers.
 -> (artifact id: '4c56207120939c7fd9a6a4bd3d3c2393') in 0.0095431 seconds
Number of updated asset objects reloaded before import = 0Number of asset objects unloaded after import = 3

========================================================================
Received Import Request.
  Time since last request: 0.316514 seconds.
  path: Packages/com.unity.2d.animation/Editor/Assets/EditorIcons/Light/Create_Edge@3x.png
  artifactKey: Guid(0da63bf69e254aa4a83c345c3de497c8) Importer(815301076,1909f56bfc062723c751e8b465ee728b)
Start importing Packages/com.unity.2d.animation/Editor/Assets/EditorIcons/Light/Create_Edge@3x.png using Guid(0da63bf69e254aa4a83c345c3de497c8) Importer(815301076,1909f56bfc062723c751e8b465ee728b) (PreviewImporter)[PhysX] Initialized MultithreadedTaskDispatcher with 16 workers.
[PhysX] Initialized MultithreadedTaskDispatcher with 16 workers.
 -> (artifact id: '3a7a0965f71d7f397ed373fe0600d798') in 0.0101515 seconds
Number of updated asset objects reloaded before import = 0Number of asset objects unloaded after import = 3

========================================================================
Received Import Request.
  Time since last request: 0.039911 seconds.
  path: Packages/com.unity.2d.animation/Editor/Assets/EditorIcons/Selected/Create_Edge@4x.png
  artifactKey: Guid(3458c119c69e9bc4f9647599c2901dee) Importer(815301076,1909f56bfc062723c751e8b465ee728b)
Start importing Packages/com.unity.2d.animation/Editor/Assets/EditorIcons/Selected/Create_Edge@4x.png using Guid(3458c119c69e9bc4f9647599c2901dee) Importer(815301076,1909f56bfc062723c751e8b465ee728b) (PreviewImporter)[PhysX] Initialized MultithreadedTaskDispatcher with 16 workers.
[PhysX] Initialized MultithreadedTaskDispatcher with 16 workers.
 -> (artifact id: '74d390b640d6f8b2332dba8e4455898f') in 0.0095835 seconds
Number of updated asset objects reloaded before import = 0Number of asset objects unloaded after import = 3

========================================================================
Received Import Request.
  Time since last request: 0.018342 seconds.
  path: Packages/com.unity.2d.animation/Editor/Assets/EditorIcons/Light/Create_Vertex.png
  artifactKey: Guid(31f371f2dfe50c34081023094aed72c3) Importer(815301076,1909f56bfc062723c751e8b465ee728b)
Start importing Packages/com.unity.2d.animation/Editor/Assets/EditorIcons/Light/Create_Vertex.png using Guid(31f371f2dfe50c34081023094aed72c3) Importer(815301076,1909f56bfc062723c751e8b465ee728b) (PreviewImporter)[PhysX] Initialized MultithreadedTaskDispatcher with 16 workers.
[PhysX] Initialized MultithreadedTaskDispatcher with 16 workers.
 -> (artifact id: 'b4fd6da3755b55d8ef7b21bef34e71d8') in 0.0080943 seconds
Number of updated asset objects reloaded before import = 0Number of asset objects unloaded after import = 3

========================================================================
Received Import Request.
  Time since last request: 0.257978 seconds.
  path: Packages/com.unity.2d.animation/Editor/Assets/EditorIcons/Selected/Create_Vertex@2x.png
  artifactKey: Guid(8afb57fea8c4eea4a8085e91c810380b) Importer(815301076,1909f56bfc062723c751e8b465ee728b)
Start importing Packages/com.unity.2d.animation/Editor/Assets/EditorIcons/Selected/Create_Vertex@2x.png using Guid(8afb57fea8c4eea4a8085e91c810380b) Importer(815301076,1909f56bfc062723c751e8b465ee728b) (PreviewImporter)[PhysX] Initialized MultithreadedTaskDispatcher with 16 workers.
[PhysX] Initialized MultithreadedTaskDispatcher with 16 workers.
 -> (artifact id: 'cf9c446985838f5a37d431bac1d71b88') in 0.0114684 seconds
Number of updated asset objects reloaded before import = 0Number of asset objects unloaded after import = 3

========================================================================
Received Import Request.
  Time since last request: 0.018448 seconds.
  path: Packages/com.unity.2d.animation/Editor/Assets/EditorIcons/Selected/Create_Vertex@3x.png
  artifactKey: Guid(47fe565904dc6b1419e9acc62b99812e) Importer(815301076,1909f56bfc062723c751e8b465ee728b)
Start importing Packages/com.unity.2d.animation/Editor/Assets/EditorIcons/Selected/Create_Vertex@3x.png using Guid(47fe565904dc6b1419e9acc62b99812e) Importer(815301076,1909f56bfc062723c751e8b465ee728b) (PreviewImporter)[PhysX] Initialized MultithreadedTaskDispatcher with 16 workers.
[PhysX] Initialized MultithreadedTaskDispatcher with 16 workers.
 -> (artifact id: 'd911c4c7647842637d462f032912cdeb') in 0.0081891 seconds
Number of updated asset objects reloaded before import = 0Number of asset objects unloaded after import = 3

========================================================================
Received Import Request.
  Time since last request: 0.027891 seconds.
  path: Packages/com.unity.2d.animation/Editor/Assets/EditorIcons/Selected/Create_Vertex@4x.png
  artifactKey: Guid(6a7ac9e8c26b12440bf2b1da2ca97794) Importer(815301076,1909f56bfc062723c751e8b465ee728b)
Start importing Packages/com.unity.2d.animation/Editor/Assets/EditorIcons/Selected/Create_Vertex@4x.png using Guid(6a7ac9e8c26b12440bf2b1da2ca97794) Importer(815301076,1909f56bfc062723c751e8b465ee728b) (PreviewImporter)[PhysX] Initialized MultithreadedTaskDispatcher with 16 workers.
[PhysX] Initialized MultithreadedTaskDispatcher with 16 workers.
 -> (artifact id: '584f90d11648aac7c775b0ab938c2451') in 0.0088703 seconds
Number of updated asset objects reloaded before import = 0Number of asset objects unloaded after import = 3

========================================================================
Received Import Request.
  Time since last request: 0.017968 seconds.
  path: Packages/com.unity.2d.animation/Editor/Assets/ComponentIcons/d_Animation.IKCCD@32.png
  artifactKey: Guid(927455eb53d4a46a4b1aa3ed556f0de8) Importer(815301076,1909f56bfc062723c751e8b465ee728b)
Start importing Packages/com.unity.2d.animation/Editor/Assets/ComponentIcons/d_Animation.IKCCD@32.png using Guid(927455eb53d4a46a4b1aa3ed556f0de8) Importer(815301076,1909f56bfc062723c751e8b465ee728b) (PreviewImporter)[PhysX] Initialized MultithreadedTaskDispatcher with 16 workers.
[PhysX] Initialized MultithreadedTaskDispatcher with 16 workers.
 -> (artifact id: 'd532f9a4cbdd89f56dbbf0e331a74ac8') in 0.0101126 seconds
Number of updated asset objects reloaded before import = 0Number of asset objects unloaded after import = 3

========================================================================
Received Import Request.
  Time since last request: 0.322628 seconds.
  path: Packages/com.unity.2d.animation/Editor/Assets/ComponentIcons/d_Animation.IKCCD@128.png
  artifactKey: Guid(aee4d1ab3c8e8444aaeb344c96f2dc3a) Importer(815301076,1909f56bfc062723c751e8b465ee728b)
Start importing Packages/com.unity.2d.animation/Editor/Assets/ComponentIcons/d_Animation.IKCCD@128.png using Guid(aee4d1ab3c8e8444aaeb344c96f2dc3a) Importer(815301076,1909f56bfc062723c751e8b465ee728b) (PreviewImporter)[PhysX] Initialized MultithreadedTaskDispatcher with 16 workers.
[PhysX] Initialized MultithreadedTaskDispatcher with 16 workers.
 -> (artifact id: 'd2f4f68c7da21c104c251449d2a868ac') in 0.0101886 seconds
Number of updated asset objects reloaded before import = 0Number of asset objects unloaded after import = 3

========================================================================
Received Import Request.
  Time since last request: 0.017606 seconds.
  path: Packages/com.unity.2d.animation/Editor/Assets/ComponentIcons/d_Animation.IKFabrik.png
  artifactKey: Guid(56fdc1dd1bbc04a65a5c2ac1d9eacb5d) Importer(815301076,1909f56bfc062723c751e8b465ee728b)
Start importing Packages/com.unity.2d.animation/Editor/Assets/ComponentIcons/d_Animation.IKFabrik.png using Guid(56fdc1dd1bbc04a65a5c2ac1d9eacb5d) Importer(815301076,1909f56bfc062723c751e8b465ee728b) (PreviewImporter)[PhysX] Initialized MultithreadedTaskDispatcher with 16 workers.
[PhysX] Initialized MultithreadedTaskDispatcher with 16 workers.
 -> (artifact id: '253e4b6c2a623f7d469e3cd7afdafd9e') in 0.010555 seconds
Number of updated asset objects reloaded before import = 0Number of asset objects unloaded after import = 3

========================================================================
Received Import Request.
  Time since last request: 0.032626 seconds.
  path: Packages/com.unity.2d.animation/Editor/Assets/ComponentIcons/d_Animation.IKFabrik@64.png
  artifactKey: Guid(8dfc24821a9794200b8d54e906e4b6da) Importer(815301076,1909f56bfc062723c751e8b465ee728b)
Start importing Packages/com.unity.2d.animation/Editor/Assets/ComponentIcons/d_Animation.IKFabrik@64.png using Guid(8dfc24821a9794200b8d54e906e4b6da) Importer(815301076,1909f56bfc062723c751e8b465ee728b) (PreviewImporter)[PhysX] Initialized MultithreadedTaskDispatcher with 16 workers.
[PhysX] Initialized MultithreadedTaskDispatcher with 16 workers.
 -> (artifact id: '838cad77e7cb90de490b6f2cc6985dfe') in 0.0081812 seconds
Number of updated asset objects reloaded before import = 0Number of asset objects unloaded after import = 3

========================================================================
Received Import Request.
  Time since last request: 0.021407 seconds.
  path: Packages/com.unity.2d.animation/Editor/Assets/ComponentIcons/d_Animation.IKFabrik@256.png
  artifactKey: Guid(a0c5bb965b60545b79734ffd6ec9f124) Importer(815301076,1909f56bfc062723c751e8b465ee728b)
Start importing Packages/com.unity.2d.animation/Editor/Assets/ComponentIcons/d_Animation.IKFabrik@256.png using Guid(a0c5bb965b60545b79734ffd6ec9f124) Importer(815301076,1909f56bfc062723c751e8b465ee728b) (PreviewImporter)[PhysX] Initialized MultithreadedTaskDispatcher with 16 workers.
[PhysX] Initialized MultithreadedTaskDispatcher with 16 workers.
 -> (artifact id: 'c03062347307972919bd2423ad1fc1d8') in 0.0093262 seconds
Number of updated asset objects reloaded before import = 0Number of asset objects unloaded after import = 3

========================================================================
Received Import Request.
  Time since last request: 2.406102 seconds.
  path: Packages/com.unity.2d.animation/Editor/Assets/ComponentIcons/d_Animation.IKLimb@32.png
  artifactKey: Guid(f1522af249bd249dc969942b2f9c4608) Importer(815301076,1909f56bfc062723c751e8b465ee728b)
Start importing Packages/com.unity.2d.animation/Editor/Assets/ComponentIcons/d_Animation.IKLimb@32.png using Guid(f1522af249bd249dc969942b2f9c4608) Importer(815301076,1909f56bfc062723c751e8b465ee728b) (PreviewImporter)[PhysX] Initialized MultithreadedTaskDispatcher with 16 workers.
[PhysX] Initialized MultithreadedTaskDispatcher with 16 workers.
 -> (artifact id: '6ffc940d3388a6f3618fd2786efba2cd') in 0.0108566 seconds
Number of updated asset objects reloaded before import = 0Number of asset objects unloaded after import = 3

========================================================================
Received Import Request.
  Time since last request: 0.486707 seconds.
  path: Packages/com.unity.2d.animation/Editor/Assets/ComponentIcons/d_Animation.IKLimb@128.png
  artifactKey: Guid(4328211baea95405ab6b8d24456fcbc9) Importer(815301076,1909f56bfc062723c751e8b465ee728b)
Start importing Packages/com.unity.2d.animation/Editor/Assets/ComponentIcons/d_Animation.IKLimb@128.png using Guid(4328211baea95405ab6b8d24456fcbc9) Importer(815301076,1909f56bfc062723c751e8b465ee728b) (PreviewImporter)[PhysX] Initialized MultithreadedTaskDispatcher with 16 workers.
[PhysX] Initialized MultithreadedTaskDispatcher with 16 workers.
 -> (artifact id: '48a5e8feebfc9f94fb06e43586ee3787') in 0.0119014 seconds
Number of updated asset objects reloaded before import = 0Number of asset objects unloaded after import = 3

========================================================================
Received Import Request.
  Time since last request: 0.018491 seconds.
  path: Packages/com.unity.2d.animation/Editor/Assets/ComponentIcons/d_Animation.IKManager.png
  artifactKey: Guid(a220630d238d744a5a2cb385602d2498) Importer(815301076,1909f56bfc062723c751e8b465ee728b)
Start importing Packages/com.unity.2d.animation/Editor/Assets/ComponentIcons/d_Animation.IKManager.png using Guid(a220630d238d744a5a2cb385602d2498) Importer(815301076,1909f56bfc062723c751e8b465ee728b) (PreviewImporter)[PhysX] Initialized MultithreadedTaskDispatcher with 16 workers.
[PhysX] Initialized MultithreadedTaskDispatcher with 16 workers.
 -> (artifact id: '7c87f7d54737b066bf795146530334b4') in 0.0101697 seconds
Number of updated asset objects reloaded before import = 0Number of asset objects unloaded after import = 3

========================================================================
Received Import Request.
  Time since last request: 0.051760 seconds.
  path: Packages/com.unity.2d.animation/Editor/Assets/ComponentIcons/d_Animation.IKManager@64.png
  artifactKey: Guid(5ab572b9a7b33426c83f5ed08ca8c798) Importer(815301076,1909f56bfc062723c751e8b465ee728b)
Start importing Packages/com.unity.2d.animation/Editor/Assets/ComponentIcons/d_Animation.IKManager@64.png using Guid(5ab572b9a7b33426c83f5ed08ca8c798) Importer(815301076,1909f56bfc062723c751e8b465ee728b) (PreviewImporter)[PhysX] Initialized MultithreadedTaskDispatcher with 16 workers.
[PhysX] Initialized MultithreadedTaskDispatcher with 16 workers.
 -> (artifact id: '0db996460e0dcdddac576d08450c9a2b') in 0.0098708 seconds
Number of updated asset objects reloaded before import = 0Number of asset objects unloaded after import = 3

========================================================================
Received Import Request.
  Time since last request: 0.861731 seconds.
  path: Packages/com.unity.2d.animation/Editor/Assets/ComponentIcons/d_Animation.IKManager@256.png
  artifactKey: Guid(ae40df8c9f7d34e72ac6a5232cb18366) Importer(815301076,1909f56bfc062723c751e8b465ee728b)
Start importing Packages/com.unity.2d.animation/Editor/Assets/ComponentIcons/d_Animation.IKManager@256.png using Guid(ae40df8c9f7d34e72ac6a5232cb18366) Importer(815301076,1909f56bfc062723c751e8b465ee728b) (PreviewImporter)[PhysX] Initialized MultithreadedTaskDispatcher with 16 workers.
[PhysX] Initialized MultithreadedTaskDispatcher with 16 workers.
 -> (artifact id: '4ed4cd4125a06ed9639f78e517c2685b') in 0.0146445 seconds
Number of updated asset objects reloaded before import = 0Number of asset objects unloaded after import = 3

========================================================================
Received Import Request.
  Time since last request: 0.028118 seconds.
  path: Packages/com.unity.2d.animation/Editor/Assets/ComponentIcons/d_Animation.SpriteLibrary@32.png
  artifactKey: Guid(75f06dda60070420793cf5b254fcf8f7) Importer(815301076,1909f56bfc062723c751e8b465ee728b)
Start importing Packages/com.unity.2d.animation/Editor/Assets/ComponentIcons/d_Animation.SpriteLibrary@32.png using Guid(75f06dda60070420793cf5b254fcf8f7) Importer(815301076,1909f56bfc062723c751e8b465ee728b) (PreviewImporter)[PhysX] Initialized MultithreadedTaskDispatcher with 16 workers.
[PhysX] Initialized MultithreadedTaskDispatcher with 16 workers.
 -> (artifact id: '1129d9a9ff0f7119c1e67de90bcd1791') in 0.0089753 seconds
Number of updated asset objects reloaded before import = 0Number of asset objects unloaded after import = 3

========================================================================
Received Import Request.
  Time since last request: 0.036690 seconds.
  path: Packages/com.unity.2d.animation/Editor/Assets/ComponentIcons/d_Animation.SpriteLibrary@128.png
  artifactKey: Guid(7c1d940f1184e44269a954817b343570) Importer(815301076,1909f56bfc062723c751e8b465ee728b)
Start importing Packages/com.unity.2d.animation/Editor/Assets/ComponentIcons/d_Animation.SpriteLibrary@128.png using Guid(7c1d940f1184e44269a954817b343570) Importer(815301076,1909f56bfc062723c751e8b465ee728b) (PreviewImporter)[PhysX] Initialized MultithreadedTaskDispatcher with 16 workers.
[PhysX] Initialized MultithreadedTaskDispatcher with 16 workers.
 -> (artifact id: 'b6a30cf34d0c6b22d887d4d7045636fd') in 0.0160281 seconds
Number of updated asset objects reloaded before import = 0Number of asset objects unloaded after import = 3

========================================================================
Received Import Request.
  Time since last request: 0.445747 seconds.
  path: Packages/com.unity.2d.animation/Editor/Assets/ComponentIcons/d_Animation.SpriteLibraryManager.png
  artifactKey: Guid(9ca415e19264343fda4eee42c9a3452c) Importer(815301076,1909f56bfc062723c751e8b465ee728b)
Start importing Packages/com.unity.2d.animation/Editor/Assets/ComponentIcons/d_Animation.SpriteLibraryManager.png using Guid(9ca415e19264343fda4eee42c9a3452c) Importer(815301076,1909f56bfc062723c751e8b465ee728b) (PreviewImporter)[PhysX] Initialized MultithreadedTaskDispatcher with 16 workers.
[PhysX] Initialized MultithreadedTaskDispatcher with 16 workers.
 -> (artifact id: '2759040c22575931307275d120a6c99c') in 0.0123654 seconds
Number of updated asset objects reloaded before import = 0Number of asset objects unloaded after import = 3

========================================================================
Received Import Request.
  Time since last request: 0.050279 seconds.
  path: Packages/com.unity.2d.animation/Editor/Assets/ComponentIcons/d_Animation.SpriteLibraryManager@64.png
  artifactKey: Guid(727af22e923264f0ca2530a410e2d7ab) Importer(815301076,1909f56bfc062723c751e8b465ee728b)
Start importing Packages/com.unity.2d.animation/Editor/Assets/ComponentIcons/d_Animation.SpriteLibraryManager@64.png using Guid(727af22e923264f0ca2530a410e2d7ab) Importer(815301076,1909f56bfc062723c751e8b465ee728b) (PreviewImporter)[PhysX] Initialized MultithreadedTaskDispatcher with 16 workers.
[PhysX] Initialized MultithreadedTaskDispatcher with 16 workers.
 -> (artifact id: '6124f95138b49c9d6d9b7e50e2788236') in 0.0220017 seconds
Number of updated asset objects reloaded before import = 0Number of asset objects unloaded after import = 3

========================================================================
Received Import Request.
  Time since last request: 0.082435 seconds.
  path: Packages/com.unity.2d.animation/Editor/Assets/ComponentIcons/d_Animation.SpriteLibraryManager@256.png
  artifactKey: Guid(cf27adadd6b1f42eebc0e8ab8f0d091d) Importer(815301076,1909f56bfc062723c751e8b465ee728b)
Start importing Packages/com.unity.2d.animation/Editor/Assets/ComponentIcons/d_Animation.SpriteLibraryManager@256.png using Guid(cf27adadd6b1f42eebc0e8ab8f0d091d) Importer(815301076,1909f56bfc062723c751e8b465ee728b) (PreviewImporter)[PhysX] Initialized MultithreadedTaskDispatcher with 16 workers.
[PhysX] Initialized MultithreadedTaskDispatcher with 16 workers.
 -> (artifact id: 'd81f48c9ac6171be0e2b22420f0c1640') in 0.0133593 seconds
Number of updated asset objects reloaded before import = 0Number of asset objects unloaded after import = 3

========================================================================
Received Import Request.
  Time since last request: 0.563291 seconds.
  path: Packages/com.unity.2d.animation/Editor/Assets/ComponentIcons/d_Animation.SpriteLibraryVar@32.png
  artifactKey: Guid(d9e47beaa8a6e432393f34671440f777) Importer(815301076,1909f56bfc062723c751e8b465ee728b)
Start importing Packages/com.unity.2d.animation/Editor/Assets/ComponentIcons/d_Animation.SpriteLibraryVar@32.png using Guid(d9e47beaa8a6e432393f34671440f777) Importer(815301076,1909f56bfc062723c751e8b465ee728b) (PreviewImporter)[PhysX] Initialized MultithreadedTaskDispatcher with 16 workers.
[PhysX] Initialized MultithreadedTaskDispatcher with 16 workers.
 -> (artifact id: '981b813541e78566c724d2cd10662ee6') in 0.0112397 seconds
Number of updated asset objects reloaded before import = 0Number of asset objects unloaded after import = 3

========================================================================
Received Import Request.
  Time since last request: 0.018207 seconds.
  path: Packages/com.unity.2d.animation/Editor/Assets/ComponentIcons/d_Animation.SpriteLibraryVar@128.png
  artifactKey: Guid(c38da00047c364d939a5857fc7e8a17a) Importer(815301076,1909f56bfc062723c751e8b465ee728b)
Start importing Packages/com.unity.2d.animation/Editor/Assets/ComponentIcons/d_Animation.SpriteLibraryVar@128.png using Guid(c38da00047c364d939a5857fc7e8a17a) Importer(815301076,1909f56bfc062723c751e8b465ee728b) (PreviewImporter)[PhysX] Initialized MultithreadedTaskDispatcher with 16 workers.
[PhysX] Initialized MultithreadedTaskDispatcher with 16 workers.
 -> (artifact id: '7afd76e14699d7b142b064f71345439d') in 0.0114245 seconds
Number of updated asset objects reloaded before import = 0Number of asset objects unloaded after import = 3

========================================================================
Received Import Request.
  Time since last request: 0.018350 seconds.
  path: Packages/com.unity.2d.animation/Editor/Assets/ComponentIcons/d_Animation.SpriteResolver.png
  artifactKey: Guid(a1585a67bdb5741a6bc69877b78cdcd3) Importer(815301076,1909f56bfc062723c751e8b465ee728b)
Start importing Packages/com.unity.2d.animation/Editor/Assets/ComponentIcons/d_Animation.SpriteResolver.png using Guid(a1585a67bdb5741a6bc69877b78cdcd3) Importer(815301076,1909f56bfc062723c751e8b465ee728b) (PreviewImporter)[PhysX] Initialized MultithreadedTaskDispatcher with 16 workers.
[PhysX] Initialized MultithreadedTaskDispatcher with 16 workers.
 -> (artifact id: 'e45b953f02a97cdcf9b331d63c93f431') in 0.0112253 seconds
Number of updated asset objects reloaded before import = 0Number of asset objects unloaded after import = 3

========================================================================
Received Import Request.
  Time since last request: 0.002082 seconds.
  path: Packages/com.unity.2d.animation/Editor/Assets/ComponentIcons/d_Animation.SpriteResolver@64.png
  artifactKey: Guid(4c30b1506cccf4f46952be11e3a98523) Importer(815301076,1909f56bfc062723c751e8b465ee728b)
Start importing Packages/com.unity.2d.animation/Editor/Assets/ComponentIcons/d_Animation.SpriteResolver@64.png using Guid(4c30b1506cccf4f46952be11e3a98523) Importer(815301076,1909f56bfc062723c751e8b465ee728b) (PreviewImporter)[PhysX] Initialized MultithreadedTaskDispatcher with 16 workers.
[PhysX] Initialized MultithreadedTaskDispatcher with 16 workers.
 -> (artifact id: '7bcc3a8febe79701418437e426b39332') in 0.0090328 seconds
Number of updated asset objects reloaded before import = 0Number of asset objects unloaded after import = 3

========================================================================
Received Import Request.
  Time since last request: 0.829240 seconds.
  path: Packages/com.unity.2d.animation/Editor/Assets/ComponentIcons/d_Animation.SpriteResolver@256.png
  artifactKey: Guid(4c78d8667944f4116ba9dd56d2219e77) Importer(815301076,1909f56bfc062723c751e8b465ee728b)
Start importing Packages/com.unity.2d.animation/Editor/Assets/ComponentIcons/d_Animation.SpriteResolver@256.png using Guid(4c78d8667944f4116ba9dd56d2219e77) Importer(815301076,1909f56bfc062723c751e8b465ee728b) (PreviewImporter)[PhysX] Initialized MultithreadedTaskDispatcher with 16 workers.
[PhysX] Initialized MultithreadedTaskDispatcher with 16 workers.
 -> (artifact id: '10e09d7ec848ca289be5650af011feea') in 0.0096715 seconds
Number of updated asset objects reloaded before import = 0Number of asset objects unloaded after import = 3

========================================================================
Received Import Request.
  Time since last request: 0.000011 seconds.
  path: Packages/com.unity.2d.animation/Editor/Assets/ComponentIcons/d_Animation.SpriteSkin@32.png
  artifactKey: Guid(49e6e07d70170412982a1e51c6c6d4de) Importer(815301076,1909f56bfc062723c751e8b465ee728b)
Start importing Packages/com.unity.2d.animation/Editor/Assets/ComponentIcons/d_Animation.SpriteSkin@32.png using Guid(49e6e07d70170412982a1e51c6c6d4de) Importer(815301076,1909f56bfc062723c751e8b465ee728b) (PreviewImporter)[PhysX] Initialized MultithreadedTaskDispatcher with 16 workers.
[PhysX] Initialized MultithreadedTaskDispatcher with 16 workers.
 -> (artifact id: 'c86b0b3b77295807bdcf4e472a2fa1af') in 0.0074295 seconds
Number of updated asset objects reloaded before import = 0Number of asset objects unloaded after import = 3

========================================================================
Received Import Request.
  Time since last request: 0.000010 seconds.
  path: Packages/com.unity.2d.animation/Editor/Assets/EditorIcons/Selected/d_Bone.png
  artifactKey: Guid(006a3adba8ff95144b4e779daa84bb7e) Importer(815301076,1909f56bfc062723c751e8b465ee728b)
Start importing Packages/com.unity.2d.animation/Editor/Assets/EditorIcons/Selected/d_Bone.png using Guid(006a3adba8ff95144b4e779daa84bb7e) Importer(815301076,1909f56bfc062723c751e8b465ee728b) (PreviewImporter)[PhysX] Initialized MultithreadedTaskDispatcher with 16 workers.
[PhysX] Initialized MultithreadedTaskDispatcher with 16 workers.
 -> (artifact id: '8320ee9c96b0c7e4856b5222abf1ec50') in 0.0089629 seconds
Number of updated asset objects reloaded before import = 0Number of asset objects unloaded after import = 3

========================================================================
Received Import Request.
  Time since last request: 0.000011 seconds.
  path: Packages/com.unity.2d.animation/Editor/Assets/EditorIcons/Dark/d_Bone.png
  artifactKey: Guid(fc2eaf4b0441b7645960252182c27446) Importer(815301076,1909f56bfc062723c751e8b465ee728b)
Start importing Packages/com.unity.2d.animation/Editor/Assets/EditorIcons/Dark/d_Bone.png using Guid(fc2eaf4b0441b7645960252182c27446) Importer(815301076,1909f56bfc062723c751e8b465ee728b) (PreviewImporter)[PhysX] Initialized MultithreadedTaskDispatcher with 16 workers.
[PhysX] Initialized MultithreadedTaskDispatcher with 16 workers.
 -> (artifact id: 'dbc7946a6d85ab42f1a0ebea1d436852') in 0.0084207 seconds
Number of updated asset objects reloaded before import = 0Number of asset objects unloaded after import = 3

========================================================================
Received Import Request.
  Time since last request: 0.000011 seconds.
  path: Packages/com.unity.2d.animation/Editor/Assets/EditorIcons/Dark/d_character_Mode@2x.png
  artifactKey: Guid(d4a1388a0d4ee9c44bcaa86e463a7b39) Importer(815301076,1909f56bfc062723c751e8b465ee728b)
Start importing Packages/com.unity.2d.animation/Editor/Assets/EditorIcons/Dark/d_character_Mode@2x.png using Guid(d4a1388a0d4ee9c44bcaa86e463a7b39) Importer(815301076,1909f56bfc062723c751e8b465ee728b) (PreviewImporter)[PhysX] Initialized MultithreadedTaskDispatcher with 16 workers.
[PhysX] Initialized MultithreadedTaskDispatcher with 16 workers.
 -> (artifact id: 'd77b47e636da5360c01b7c8a88266a62') in 0.0069751 seconds
Number of updated asset objects reloaded before import = 0Number of asset objects unloaded after import = 3

========================================================================
Received Import Request.
  Time since last request: 0.000010 seconds.
  path: Packages/com.unity.2d.animation/Editor/Assets/EditorIcons/Dark/d_Copy@2x.png
  artifactKey: Guid(312df9440efd5df4ea8f6c98591d6b96) Importer(815301076,1909f56bfc062723c751e8b465ee728b)
Start importing Packages/com.unity.2d.animation/Editor/Assets/EditorIcons/Dark/d_Copy@2x.png using Guid(312df9440efd5df4ea8f6c98591d6b96) Importer(815301076,1909f56bfc062723c751e8b465ee728b) (PreviewImporter)[PhysX] Initialized MultithreadedTaskDispatcher with 16 workers.
[PhysX] Initialized MultithreadedTaskDispatcher with 16 workers.
 -> (artifact id: '4c5b93af2a1b4e8a309e37046477ccea') in 0.0103336 seconds
Number of updated asset objects reloaded before import = 0Number of asset objects unloaded after import = 3

========================================================================
Received Import Request.
  Time since last request: 0.000011 seconds.
  path: Packages/com.unity.2d.animation/Editor/Assets/EditorIcons/Dark/d_Copy@4x.png
  artifactKey: Guid(00b8ce4a201871b498992f536279acf7) Importer(815301076,1909f56bfc062723c751e8b465ee728b)
Start importing Packages/com.unity.2d.animation/Editor/Assets/EditorIcons/Dark/d_Copy@4x.png using Guid(00b8ce4a201871b498992f536279acf7) Importer(815301076,1909f56bfc062723c751e8b465ee728b) (PreviewImporter)[PhysX] Initialized MultithreadedTaskDispatcher with 16 workers.
[PhysX] Initialized MultithreadedTaskDispatcher with 16 workers.
 -> (artifact id: '15dfc0c17ba708ee247ab3ba2829ba6a') in 0.0072714 seconds
Number of updated asset objects reloaded before import = 0Number of asset objects unloaded after import = 3

========================================================================
Received Import Request.
  Time since last request: 0.000011 seconds.
  path: Packages/com.unity.2d.animation/Editor/Assets/EditorIcons/Dark/d_Edit_Pose@3x.png
  artifactKey: Guid(334b0c5a2da656f4a9d2fe6b658cfd68) Importer(815301076,1909f56bfc062723c751e8b465ee728b)
Start importing Packages/com.unity.2d.animation/Editor/Assets/EditorIcons/Dark/d_Edit_Pose@3x.png using Guid(334b0c5a2da656f4a9d2fe6b658cfd68) Importer(815301076,1909f56bfc062723c751e8b465ee728b) (PreviewImporter)[PhysX] Initialized MultithreadedTaskDispatcher with 16 workers.
[PhysX] Initialized MultithreadedTaskDispatcher with 16 workers.
 -> (artifact id: '2b3b19dc60c2b826902e98e6ba1ab34f') in 0.0075194 seconds
Number of updated asset objects reloaded before import = 0Number of asset objects unloaded after import = 3

========================================================================
Received Import Request.
  Time since last request: 0.000010 seconds.
  path: Packages/com.unity.2d.tilemap/Editor/Icons/d_EditorUI.Filter@2x.png
  artifactKey: Guid(24a4dd7831e4a46f593e94273994b42c) Importer(815301076,1909f56bfc062723c751e8b465ee728b)
Start importing Packages/com.unity.2d.tilemap/Editor/Icons/d_EditorUI.Filter@2x.png using Guid(24a4dd7831e4a46f593e94273994b42c) Importer(815301076,1909f56bfc062723c751e8b465ee728b) (PreviewImporter)[PhysX] Initialized MultithreadedTaskDispatcher with 16 workers.
[PhysX] Initialized MultithreadedTaskDispatcher with 16 workers.
 -> (artifact id: '7da95bc5cd7155924084b549d07c28a0') in 0.0191095 seconds
Number of updated asset objects reloaded before import = 0Number of asset objects unloaded after import = 3

========================================================================
Received Import Request.
  Time since last request: 0.000011 seconds.
  path: Packages/com.unity.2d.tilemap/Editor/Icons/d_Grid.FlipY@2x.png
  artifactKey: Guid(a3c4ea29a117e3f418ded11a50e4d52d) Importer(815301076,1909f56bfc062723c751e8b465ee728b)
Start importing Packages/com.unity.2d.tilemap/Editor/Icons/d_Grid.FlipY@2x.png using Guid(a3c4ea29a117e3f418ded11a50e4d52d) Importer(815301076,1909f56bfc062723c751e8b465ee728b) (PreviewImporter)[PhysX] Initialized MultithreadedTaskDispatcher with 16 workers.
[PhysX] Initialized MultithreadedTaskDispatcher with 16 workers.
 -> (artifact id: 'd0af7c87d6f6ec80b5002dfa02330fb2') in 0.0117223 seconds
Number of updated asset objects reloaded before import = 0Number of asset objects unloaded after import = 3

========================================================================
Received Import Request.
  Time since last request: 0.000009 seconds.
  path: Packages/com.unity.2d.tilemap.extras/Editor/Brushes/GroupBrush/d_GroupBrush.png
  artifactKey: Guid(b5650d2786c7443fe80be179cf75a907) Importer(815301076,1909f56bfc062723c751e8b465ee728b)
Start importing Packages/com.unity.2d.tilemap.extras/Editor/Brushes/GroupBrush/d_GroupBrush.png using Guid(b5650d2786c7443fe80be179cf75a907) Importer(815301076,1909f56bfc062723c751e8b465ee728b) (PreviewImporter)[PhysX] Initialized MultithreadedTaskDispatcher with 16 workers.
[PhysX] Initialized MultithreadedTaskDispatcher with 16 workers.
 -> (artifact id: '07ff9b481478ff71638057247d85c0bb') in 0.0131091 seconds
Number of updated asset objects reloaded before import = 0Number of asset objects unloaded after import = 3

========================================================================
Received Import Request.
  Time since last request: 0.000013 seconds.
  path: Packages/com.unity.2d.tilemap.extras/Editor/Brushes/GroupBrush/d_GroupBrush@4x.png
  artifactKey: Guid(1102d00ccb3a943ccb7fb03cbf96e4c9) Importer(815301076,1909f56bfc062723c751e8b465ee728b)
Start importing Packages/com.unity.2d.tilemap.extras/Editor/Brushes/GroupBrush/d_GroupBrush@4x.png using Guid(1102d00ccb3a943ccb7fb03cbf96e4c9) Importer(815301076,1909f56bfc062723c751e8b465ee728b) (PreviewImporter)[PhysX] Initialized MultithreadedTaskDispatcher with 16 workers.
[PhysX] Initialized MultithreadedTaskDispatcher with 16 workers.
 -> (artifact id: '28aeda88ee51ebd6a060fc5223ecec24') in 0.0117395 seconds
Number of updated asset objects reloaded before import = 0Number of asset objects unloaded after import = 3

========================================================================
Received Import Request.
  Time since last request: 0.000010 seconds.
  path: Packages/com.unity.collab-proxy/Editor/PlasticSCM/Assets/Images/d_iconinviteusers.png
  artifactKey: Guid(3094096a150921c409ef35579f2ada0f) Importer(815301076,1909f56bfc062723c751e8b465ee728b)
Start importing Packages/com.unity.collab-proxy/Editor/PlasticSCM/Assets/Images/d_iconinviteusers.png using Guid(3094096a150921c409ef35579f2ada0f) Importer(815301076,1909f56bfc062723c751e8b465ee728b) (PreviewImporter)[PhysX] Initialized MultithreadedTaskDispatcher with 16 workers.
[PhysX] Initialized MultithreadedTaskDispatcher with 16 workers.
 -> (artifact id: 'd190da582d9d3b6e4ab93d52f6ff7eb3') in 0.0118326 seconds
Number of updated asset objects reloaded before import = 0Number of asset objects unloaded after import = 3

========================================================================
Received Import Request.
  Time since last request: 0.000012 seconds.
  path: Packages/com.unity.2d.tilemap/Editor/Icons/d_EditorUI.Filter.png
  artifactKey: Guid(c33b82aa5373c4e1f8e2d43210c97c45) Importer(815301076,1909f56bfc062723c751e8b465ee728b)
Start importing Packages/com.unity.2d.tilemap/Editor/Icons/d_EditorUI.Filter.png using Guid(c33b82aa5373c4e1f8e2d43210c97c45) Importer(815301076,1909f56bfc062723c751e8b465ee728b) (PreviewImporter)[PhysX] Initialized MultithreadedTaskDispatcher with 16 workers.
[PhysX] Initialized MultithreadedTaskDispatcher with 16 workers.
 -> (artifact id: '7525266d097e27aa4a0c8333b296a3b4') in 0.0099216 seconds
Number of updated asset objects reloaded before import = 0Number of asset objects unloaded after import = 3

========================================================================
Received Import Request.
  Time since last request: 0.000018 seconds.
  path: Packages/com.unity.2d.animation/Editor/Assets/ComponentIcons/d_Animation.SpriteSkin@64.png
  artifactKey: Guid(7ed99b178ead940bf9cc24b0b0213517) Importer(815301076,1909f56bfc062723c751e8b465ee728b)
Start importing Packages/com.unity.2d.animation/Editor/Assets/ComponentIcons/d_Animation.SpriteSkin@64.png using Guid(7ed99b178ead940bf9cc24b0b0213517) Importer(815301076,1909f56bfc062723c751e8b465ee728b) (PreviewImporter)[PhysX] Initialized MultithreadedTaskDispatcher with 16 workers.
[PhysX] Initialized MultithreadedTaskDispatcher with 16 workers.
 -> (artifact id: 'f518d4104d831c6a3dfb1d013e12e6ce') in 0.0128395 seconds
Number of updated asset objects reloaded before import = 0Number of asset objects unloaded after import = 3

========================================================================
Received Import Request.
  Time since last request: 0.000011 seconds.
  path: Packages/com.unity.2d.animation/Editor/Assets/EditorIcons/Dark/d_EditorUI.Filter.png
  artifactKey: Guid(a8da56a2d332845258195016e4f58611) Importer(815301076,1909f56bfc062723c751e8b465ee728b)
Start importing Packages/com.unity.2d.animation/Editor/Assets/EditorIcons/Dark/d_EditorUI.Filter.png using Guid(a8da56a2d332845258195016e4f58611) Importer(815301076,1909f56bfc062723c751e8b465ee728b) (PreviewImporter)[PhysX] Initialized MultithreadedTaskDispatcher with 16 workers.
[PhysX] Initialized MultithreadedTaskDispatcher with 16 workers.
 -> (artifact id: '93554a1915cefba4f1b9d957c6eb60d1') in 0.0083406 seconds
Number of updated asset objects reloaded before import = 0Number of asset objects unloaded after import = 3

========================================================================
Received Import Request.
  Time since last request: 0.000010 seconds.
  path: Packages/com.unity.2d.tilemap.extras/Editor/Brushes/GroupBrush/d_GroupBrush@2x.png
  artifactKey: Guid(295e44cef6a724d4fa1d386ea35a8f49) Importer(815301076,1909f56bfc062723c751e8b465ee728b)
Start importing Packages/com.unity.2d.tilemap.extras/Editor/Brushes/GroupBrush/d_GroupBrush@2x.png using Guid(295e44cef6a724d4fa1d386ea35a8f49) Importer(815301076,1909f56bfc062723c751e8b465ee728b) (PreviewImporter)[PhysX] Initialized MultithreadedTaskDispatcher with 16 workers.
[PhysX] Initialized MultithreadedTaskDispatcher with 16 workers.
 -> (artifact id: '7ce14bfce1fff976086dcaa7aea23e67') in 0.0110474 seconds
Number of updated asset objects reloaded before import = 0Number of asset objects unloaded after import = 3

========================================================================
Received Import Request.
  Time since last request: 0.000011 seconds.
  path: Packages/com.unity.2d.animation/Editor/Assets/EditorIcons/Dark/d_character_Mode@3x.png
  artifactKey: Guid(c22340e383b54c44196cb7765328e79d) Importer(815301076,1909f56bfc062723c751e8b465ee728b)
Start importing Packages/com.unity.2d.animation/Editor/Assets/EditorIcons/Dark/d_character_Mode@3x.png using Guid(c22340e383b54c44196cb7765328e79d) Importer(815301076,1909f56bfc062723c751e8b465ee728b) (PreviewImporter)[PhysX] Initialized MultithreadedTaskDispatcher with 16 workers.
[PhysX] Initialized MultithreadedTaskDispatcher with 16 workers.
 -> (artifact id: 'da889a3bb35f58015dac74b2fba5fa2c') in 0.0097249 seconds
Number of updated asset objects reloaded before import = 0Number of asset objects unloaded after import = 3

========================================================================
Received Import Request.
  Time since last request: 0.000010 seconds.
  path: Packages/com.unity.2d.tilemap/Editor/Icons/d_EditorUI.Target.png
  artifactKey: Guid(04e6c3cc740a491458073f2f715066f6) Importer(815301076,1909f56bfc062723c751e8b465ee728b)
Start importing Packages/com.unity.2d.tilemap/Editor/Icons/d_EditorUI.Target.png using Guid(04e6c3cc740a491458073f2f715066f6) Importer(815301076,1909f56bfc062723c751e8b465ee728b) (PreviewImporter)[PhysX] Initialized MultithreadedTaskDispatcher with 16 workers.
[PhysX] Initialized MultithreadedTaskDispatcher with 16 workers.
 -> (artifact id: '5763bc9b4a6eaa6184982d48d3d98f5b') in 0.0137487 seconds
Number of updated asset objects reloaded before import = 0Number of asset objects unloaded after import = 3

========================================================================
Received Import Request.
  Time since last request: 0.549621 seconds.
  path: Packages/com.unity.collab-proxy/Editor/PlasticSCM/Assets/Images/d_iconlock.png
  artifactKey: Guid(f7adc828ed70a485db62c459bdf09525) Importer(815301076,1909f56bfc062723c751e8b465ee728b)
Start importing Packages/com.unity.collab-proxy/Editor/PlasticSCM/Assets/Images/d_iconlock.png using Guid(f7adc828ed70a485db62c459bdf09525) Importer(815301076,1909f56bfc062723c751e8b465ee728b) (PreviewImporter)[PhysX] Initialized MultithreadedTaskDispatcher with 16 workers.
[PhysX] Initialized MultithreadedTaskDispatcher with 16 workers.
 -> (artifact id: '55c84017e447d30704c4c39aa5412908') in 0.0074715 seconds
Number of updated asset objects reloaded before import = 0Number of asset objects unloaded after import = 3

========================================================================
Received Import Request.
  Time since last request: 0.000010 seconds.
  path: Packages/com.unity.collab-proxy/Editor/PlasticSCM/Assets/Images/d_iconretainedoverlay@2x.png
  artifactKey: Guid(c34cd61ed96ff9a40a54e159467c5155) Importer(815301076,1909f56bfc062723c751e8b465ee728b)
Start importing Packages/com.unity.collab-proxy/Editor/PlasticSCM/Assets/Images/d_iconretainedoverlay@2x.png using Guid(c34cd61ed96ff9a40a54e159467c5155) Importer(815301076,1909f56bfc062723c751e8b465ee728b) (PreviewImporter)[PhysX] Initialized MultithreadedTaskDispatcher with 16 workers.
[PhysX] Initialized MultithreadedTaskDispatcher with 16 workers.
 -> (artifact id: '11523a6e3476f108d0db43c23d026b2f') in 0.0123212 seconds
Number of updated asset objects reloaded before import = 0Number of asset objects unloaded after import = 3

========================================================================
Received Import Request.
  Time since last request: 0.017578 seconds.
  path: Packages/com.unity.2d.tilemap.extras/Editor/Brushes/LineBrush/d_LineBrush@2x.png
  artifactKey: Guid(fa52298efb877496ab068b8298f7f6aa) Importer(815301076,1909f56bfc062723c751e8b465ee728b)
Start importing Packages/com.unity.2d.tilemap.extras/Editor/Brushes/LineBrush/d_LineBrush@2x.png using Guid(fa52298efb877496ab068b8298f7f6aa) Importer(815301076,1909f56bfc062723c751e8b465ee728b) (PreviewImporter)[PhysX] Initialized MultithreadedTaskDispatcher with 16 workers.
[PhysX] Initialized MultithreadedTaskDispatcher with 16 workers.
 -> (artifact id: '23464c85852d0db23cb15238d5703c41') in 0.007452 seconds
Number of updated asset objects reloaded before import = 0Number of asset objects unloaded after import = 3

========================================================================
Received Import Request.
  Time since last request: 0.000012 seconds.
  path: Packages/com.unity.2d.animation/Editor/Assets/EditorIcons/Selected/d_Mesh.png
  artifactKey: Guid(1f9ef263156323d4dbaab5a1b41a61e6) Importer(815301076,1909f56bfc062723c751e8b465ee728b)
Start importing Packages/com.unity.2d.animation/Editor/Assets/EditorIcons/Selected/d_Mesh.png using Guid(1f9ef263156323d4dbaab5a1b41a61e6) Importer(815301076,1909f56bfc062723c751e8b465ee728b) (PreviewImporter)[PhysX] Initialized MultithreadedTaskDispatcher with 16 workers.
[PhysX] Initialized MultithreadedTaskDispatcher with 16 workers.
 -> (artifact id: '4575babd0ec438d84c3e8e1463792b79') in 0.0072423 seconds
Number of updated asset objects reloaded before import = 0Number of asset objects unloaded after import = 3

========================================================================
Received Import Request.
  Time since last request: 0.000011 seconds.
  path: Packages/com.unity.2d.animation/Editor/Assets/EditorIcons/Dark/d_Mesh@2x.png
  artifactKey: Guid(fc8dcc4a15d828e4686470389805489c) Importer(815301076,1909f56bfc062723c751e8b465ee728b)
Start importing Packages/com.unity.2d.animation/Editor/Assets/EditorIcons/Dark/d_Mesh@2x.png using Guid(fc8dcc4a15d828e4686470389805489c) Importer(815301076,1909f56bfc062723c751e8b465ee728b) (PreviewImporter)[PhysX] Initialized MultithreadedTaskDispatcher with 16 workers.
[PhysX] Initialized MultithreadedTaskDispatcher with 16 workers.
 -> (artifact id: 'ab4723fc032a6603a36c20f506d9088b') in 0.0075239 seconds
Number of updated asset objects reloaded before import = 0Number of asset objects unloaded after import = 3

========================================================================
Received Import Request.
  Time since last request: 0.000011 seconds.
  path: Packages/com.unity.2d.animation/Editor/Assets/EditorIcons/Dark/d_Paste.png
  artifactKey: Guid(7e00d2a7fc6d13b49bacb9663abfa3ae) Importer(815301076,1909f56bfc062723c751e8b465ee728b)
Start importing Packages/com.unity.2d.animation/Editor/Assets/EditorIcons/Dark/d_Paste.png using Guid(7e00d2a7fc6d13b49bacb9663abfa3ae) Importer(815301076,1909f56bfc062723c751e8b465ee728b) (PreviewImporter)[PhysX] Initialized MultithreadedTaskDispatcher with 16 workers.
[PhysX] Initialized MultithreadedTaskDispatcher with 16 workers.
 -> (artifact id: 'dd9bc794bf6ded211435151b611896bd') in 0.0068025 seconds
Number of updated asset objects reloaded before import = 0Number of asset objects unloaded after import = 3

========================================================================
Received Import Request.
  Time since last request: 0.000010 seconds.
  path: Packages/com.unity.2d.animation/Editor/Assets/EditorIcons/Dark/d_Paste@4x.png
  artifactKey: Guid(35a3340b835c797478eb139353421953) Importer(815301076,1909f56bfc062723c751e8b465ee728b)
Start importing Packages/com.unity.2d.animation/Editor/Assets/EditorIcons/Dark/d_Paste@4x.png using Guid(35a3340b835c797478eb139353421953) Importer(815301076,1909f56bfc062723c751e8b465ee728b) (PreviewImporter)[PhysX] Initialized MultithreadedTaskDispatcher with 16 workers.
[PhysX] Initialized MultithreadedTaskDispatcher with 16 workers.
 -> (artifact id: '7e94718203bff3aa3cf0c9a8df258f00') in 0.0074022 seconds
Number of updated asset objects reloaded before import = 0Number of asset objects unloaded after import = 3

========================================================================
Received Import Request.
  Time since last request: 0.000078 seconds.
  path: Packages/com.unity.2d.tilemap.extras/Editor/Brushes/RandomBrush/d_RandomBrush@4x.png
  artifactKey: Guid(56f61a79c270140abaf437ddccf9e4ca) Importer(815301076,1909f56bfc062723c751e8b465ee728b)
Start importing Packages/com.unity.2d.tilemap.extras/Editor/Brushes/RandomBrush/d_RandomBrush@4x.png using Guid(56f61a79c270140abaf437ddccf9e4ca) Importer(815301076,1909f56bfc062723c751e8b465ee728b) (PreviewImporter)[PhysX] Initialized MultithreadedTaskDispatcher with 16 workers.
[PhysX] Initialized MultithreadedTaskDispatcher with 16 workers.
 -> (artifact id: '63ac1739851e0de6b4fb6e2f65be1e63') in 0.0093023 seconds
Number of updated asset objects reloaded before import = 0Number of asset objects unloaded after import = 3

========================================================================
Received Import Request.
  Time since last request: 0.000018 seconds.
  path: Packages/com.unity.2d.animation/Editor/Assets/EditorIcons/Dark/d_SetPivot64.png
  artifactKey: Guid(0292e97c3662741749dc97edf5bbaa66) Importer(815301076,1909f56bfc062723c751e8b465ee728b)
Start importing Packages/com.unity.2d.animation/Editor/Assets/EditorIcons/Dark/d_SetPivot64.png using Guid(0292e97c3662741749dc97edf5bbaa66) Importer(815301076,1909f56bfc062723c751e8b465ee728b) (PreviewImporter)[PhysX] Initialized MultithreadedTaskDispatcher with 16 workers.
[PhysX] Initialized MultithreadedTaskDispatcher with 16 workers.
 -> (artifact id: '4a4701b5a0fafd2609c58543bc4c2ec5') in 0.0091464 seconds
Number of updated asset objects reloaded before import = 0Number of asset objects unloaded after import = 3

========================================================================
Received Import Request.
  Time since last request: 0.000010 seconds.
  path: Packages/com.unity.2d.animation/Editor/Assets/EditorIcons/Dark/d_Split Bones.png
  artifactKey: Guid(3e98b5bf8fbc84d4bafe25706ebcde8a) Importer(815301076,1909f56bfc062723c751e8b465ee728b)
Start importing Packages/com.unity.2d.animation/Editor/Assets/EditorIcons/Dark/d_Split Bones.png using Guid(3e98b5bf8fbc84d4bafe25706ebcde8a) Importer(815301076,1909f56bfc062723c751e8b465ee728b) (PreviewImporter)[PhysX] Initialized MultithreadedTaskDispatcher with 16 workers.
[PhysX] Initialized MultithreadedTaskDispatcher with 16 workers.
 -> (artifact id: '643c2cabc64192998e290aa9227be0a3') in 0.0197877 seconds
Number of updated asset objects reloaded before import = 0Number of asset objects unloaded after import = 3

========================================================================
Received Import Request.
  Time since last request: 0.000011 seconds.
  path: Packages/com.unity.2d.animation/Editor/Assets/EditorIcons/Dark/d_Split_Edge@3x.png
  artifactKey: Guid(03cb0f9b9d35a14499ccade97f1b3da1) Importer(815301076,1909f56bfc062723c751e8b465ee728b)
Start importing Packages/com.unity.2d.animation/Editor/Assets/EditorIcons/Dark/d_Split_Edge@3x.png using Guid(03cb0f9b9d35a14499ccade97f1b3da1) Importer(815301076,1909f56bfc062723c751e8b465ee728b) (PreviewImporter)[PhysX] Initialized MultithreadedTaskDispatcher with 16 workers.
[PhysX] Initialized MultithreadedTaskDispatcher with 16 workers.
 -> (artifact id: '24cf51c128ebcd68b3fe08b3592cdb97') in 0.0133938 seconds
Number of updated asset objects reloaded before import = 0Number of asset objects unloaded after import = 3

========================================================================
Received Import Request.
  Time since last request: 0.000010 seconds.
  path: Packages/com.unity.2d.animation/Editor/Assets/EditorIcons/Dark/d_SetPivot128.png
  artifactKey: Guid(e105e7dad311341f69e2349618434f7f) Importer(815301076,1909f56bfc062723c751e8b465ee728b)
Start importing Packages/com.unity.2d.animation/Editor/Assets/EditorIcons/Dark/d_SetPivot128.png using Guid(e105e7dad311341f69e2349618434f7f) Importer(815301076,1909f56bfc062723c751e8b465ee728b) (PreviewImporter)[PhysX] Initialized MultithreadedTaskDispatcher with 16 workers.
[PhysX] Initialized MultithreadedTaskDispatcher with 16 workers.
 -> (artifact id: '0c0d4b9e53d28ccb4d2e907d4206ff8d') in 0.0120063 seconds
Number of updated asset objects reloaded before import = 0Number of asset objects unloaded after import = 3

========================================================================
Received Import Request.
  Time since last request: 0.000014 seconds.
  path: Packages/com.unity.2d.animation/Editor/Assets/EditorIcons/Dark/d_Split Bones@3x.png
  artifactKey: Guid(64d1c4e3e3931d64880fdffaf2f4b938) Importer(815301076,1909f56bfc062723c751e8b465ee728b)
Start importing Packages/com.unity.2d.animation/Editor/Assets/EditorIcons/Dark/d_Split Bones@3x.png using Guid(64d1c4e3e3931d64880fdffaf2f4b938) Importer(815301076,1909f56bfc062723c751e8b465ee728b) (PreviewImporter)[PhysX] Initialized MultithreadedTaskDispatcher with 16 workers.
[PhysX] Initialized MultithreadedTaskDispatcher with 16 workers.
 -> (artifact id: 'e3a4bc46193026484964ab816aa2f10d') in 0.0090363 seconds
Number of updated asset objects reloaded before import = 0Number of asset objects unloaded after import = 3

========================================================================
Received Import Request.
  Time since last request: 0.000011 seconds.
  path: Packages/com.unity.2d.animation/Editor/Assets/EditorIcons/Dark/d_Split Bones@2x.png
  artifactKey: Guid(afe7d261eb308984e95ffa8d883fc998) Importer(815301076,1909f56bfc062723c751e8b465ee728b)
Start importing Packages/com.unity.2d.animation/Editor/Assets/EditorIcons/Dark/d_Split Bones@2x.png using Guid(afe7d261eb308984e95ffa8d883fc998) Importer(815301076,1909f56bfc062723c751e8b465ee728b) (PreviewImporter)[PhysX] Initialized MultithreadedTaskDispatcher with 16 workers.
[PhysX] Initialized MultithreadedTaskDispatcher with 16 workers.
 -> (artifact id: '766b568c13d338f061a47a881889ed1e') in 0.0098327 seconds
Number of updated asset objects reloaded before import = 0Number of asset objects unloaded after import = 3

========================================================================
Received Import Request.
  Time since last request: 0.000012 seconds.
  path: Packages/com.unity.2d.animation/Editor/Assets/EditorIcons/Dark/d_Paste@3x.png
  artifactKey: Guid(a130d12452aa0484da530281c362fc8b) Importer(815301076,1909f56bfc062723c751e8b465ee728b)
Start importing Packages/com.unity.2d.animation/Editor/Assets/EditorIcons/Dark/d_Paste@3x.png using Guid(a130d12452aa0484da530281c362fc8b) Importer(815301076,1909f56bfc062723c751e8b465ee728b) (PreviewImporter)[PhysX] Initialized MultithreadedTaskDispatcher with 16 workers.
[PhysX] Initialized MultithreadedTaskDispatcher with 16 workers.
 -> (artifact id: 'a4547849afcb4f961a9ff45ffaf2bdb8') in 0.0094383 seconds
Number of updated asset objects reloaded before import = 0Number of asset objects unloaded after import = 3

========================================================================
Received Import Request.
  Time since last request: 0.000013 seconds.
  path: Packages/com.unity.2d.animation/Editor/Assets/EditorIcons/Dark/d_Split_Edge@2x.png
  artifactKey: Guid(22fade1e2426f684a9c315c974f50d18) Importer(815301076,1909f56bfc062723c751e8b465ee728b)
Start importing Packages/com.unity.2d.animation/Editor/Assets/EditorIcons/Dark/d_Split_Edge@2x.png using Guid(22fade1e2426f684a9c315c974f50d18) Importer(815301076,1909f56bfc062723c751e8b465ee728b) (PreviewImporter)[PhysX] Initialized MultithreadedTaskDispatcher with 16 workers.
[PhysX] Initialized MultithreadedTaskDispatcher with 16 workers.
 -> (artifact id: '7f73253a2b219e6e085a2feb6b492726') in 0.0138461 seconds
Number of updated asset objects reloaded before import = 0Number of asset objects unloaded after import = 3

========================================================================
Received Import Request.
  Time since last request: 0.130511 seconds.
  path: Packages/com.unity.2d.animation/Editor/Assets/EditorIcons/Dark/d_Sprite_Influence@3x.png
  artifactKey: Guid(dd74e4fa4aa2947d6a14ab33d32d7c63) Importer(815301076,1909f56bfc062723c751e8b465ee728b)
Start importing Packages/com.unity.2d.animation/Editor/Assets/EditorIcons/Dark/d_Sprite_Influence@3x.png using Guid(dd74e4fa4aa2947d6a14ab33d32d7c63) Importer(815301076,1909f56bfc062723c751e8b465ee728b) (PreviewImporter)[PhysX] Initialized MultithreadedTaskDispatcher with 16 workers.
[PhysX] Initialized MultithreadedTaskDispatcher with 16 workers.
 -> (artifact id: 'bfce8f9ef4cb543eadf960e431368708') in 0.0093957 seconds
Number of updated asset objects reloaded before import = 0Number of asset objects unloaded after import = 3

========================================================================
Received Import Request.
  Time since last request: 0.000011 seconds.
  path: Packages/com.unity.2d.animation/Editor/Assets/EditorIcons/Dark/d_Sprite_Mode@2x.png
  artifactKey: Guid(269eee5bd0392044cb38fd13171b84f6) Importer(815301076,1909f56bfc062723c751e8b465ee728b)
Start importing Packages/com.unity.2d.animation/Editor/Assets/EditorIcons/Dark/d_Sprite_Mode@2x.png using Guid(269eee5bd0392044cb38fd13171b84f6) Importer(815301076,1909f56bfc062723c751e8b465ee728b) (PreviewImporter)[PhysX] Initialized MultithreadedTaskDispatcher with 16 workers.
[PhysX] Initialized MultithreadedTaskDispatcher with 16 workers.
 -> (artifact id: 'd517c42c25777d5a012943b0dcba907b') in 0.0077569 seconds
Number of updated asset objects reloaded before import = 0Number of asset objects unloaded after import = 3

========================================================================
Received Import Request.
  Time since last request: 0.000011 seconds.
  path: Packages/com.unity.2d.animation/Editor/Assets/EditorIcons/Dark/d_Sprite_Mode@4x.png
  artifactKey: Guid(177f0e0a4941a464f935c21b367d57c7) Importer(815301076,1909f56bfc062723c751e8b465ee728b)
Start importing Packages/com.unity.2d.animation/Editor/Assets/EditorIcons/Dark/d_Sprite_Mode@4x.png using Guid(177f0e0a4941a464f935c21b367d57c7) Importer(815301076,1909f56bfc062723c751e8b465ee728b) (PreviewImporter)[PhysX] Initialized MultithreadedTaskDispatcher with 16 workers.
[PhysX] Initialized MultithreadedTaskDispatcher with 16 workers.
 -> (artifact id: '08e4cbda2c1e953a96caa0f2faeaeb19') in 0.0088594 seconds
Number of updated asset objects reloaded before import = 0Number of asset objects unloaded after import = 3

========================================================================
Received Import Request.
  Time since last request: 0.000033 seconds.
  path: Packages/com.unity.2d.tilemap/Editor/Icons/d_Tilemap.ActiveTargetLayers@4x.png
  artifactKey: Guid(82f78c36add1c2c4795c911a7abfb93e) Importer(815301076,1909f56bfc062723c751e8b465ee728b)
Start importing Packages/com.unity.2d.tilemap/Editor/Icons/d_Tilemap.ActiveTargetLayers@4x.png using Guid(82f78c36add1c2c4795c911a7abfb93e) Importer(815301076,1909f56bfc062723c751e8b465ee728b) (PreviewImporter)[PhysX] Initialized MultithreadedTaskDispatcher with 16 workers.
[PhysX] Initialized MultithreadedTaskDispatcher with 16 workers.
 -> (artifact id: '392324d51d6f59fdf1117466d788d6b4') in 0.0071539 seconds
Number of updated asset objects reloaded before import = 0Number of asset objects unloaded after import = 3

========================================================================
Received Import Request.
  Time since last request: 0.000011 seconds.
  path: Packages/com.unity.2d.tilemap/Editor/Icons/d_Tilemap.BrushSettings@4x.png
  artifactKey: Guid(d9f2d0aff557fba4cb316f849b0ccdd1) Importer(815301076,1909f56bfc062723c751e8b465ee728b)
Start importing Packages/com.unity.2d.tilemap/Editor/Icons/d_Tilemap.BrushSettings@4x.png using Guid(d9f2d0aff557fba4cb316f849b0ccdd1) Importer(815301076,1909f56bfc062723c751e8b465ee728b) (PreviewImporter)[PhysX] Initialized MultithreadedTaskDispatcher with 16 workers.
[PhysX] Initialized MultithreadedTaskDispatcher with 16 workers.
 -> (artifact id: '6431379de7e494f61c416eada334f902') in 0.0161329 seconds
Number of updated asset objects reloaded before import = 0Number of asset objects unloaded after import = 3

========================================================================
Received Import Request.
  Time since last request: 0.000013 seconds.
  path: Packages/com.unity.2d.tilemap/Editor/Icons/d_Tilemap.DefaultBrush@4x.png
  artifactKey: Guid(77be2b195bdd3a849b554d6dd09badb0) Importer(815301076,1909f56bfc062723c751e8b465ee728b)
Start importing Packages/com.unity.2d.tilemap/Editor/Icons/d_Tilemap.DefaultBrush@4x.png using Guid(77be2b195bdd3a849b554d6dd09badb0) Importer(815301076,1909f56bfc062723c751e8b465ee728b) (PreviewImporter)[PhysX] Initialized MultithreadedTaskDispatcher with 16 workers.
[PhysX] Initialized MultithreadedTaskDispatcher with 16 workers.
 -> (artifact id: '2830756836aca18defeadfbaac99b8ad') in 0.0073706 seconds
Number of updated asset objects reloaded before import = 0Number of asset objects unloaded after import = 3

========================================================================
Received Import Request.
  Time since last request: 0.000010 seconds.
  path: Packages/com.unity.2d.tilemap/Editor/Icons/d_Tilemap.DefaultBrush.png
  artifactKey: Guid(12e04f72413abf04fb4a5f79e70822ff) Importer(815301076,1909f56bfc062723c751e8b465ee728b)
Start importing Packages/com.unity.2d.tilemap/Editor/Icons/d_Tilemap.DefaultBrush.png using Guid(12e04f72413abf04fb4a5f79e70822ff) Importer(815301076,1909f56bfc062723c751e8b465ee728b) (PreviewImporter)[PhysX] Initialized MultithreadedTaskDispatcher with 16 workers.
[PhysX] Initialized MultithreadedTaskDispatcher with 16 workers.
 -> (artifact id: 'e896c191bd377927a7b4c4ac2b42de8c') in 0.0081713 seconds
Number of updated asset objects reloaded before import = 0Number of asset objects unloaded after import = 3

========================================================================
Received Import Request.
  Time since last request: 0.000012 seconds.
  path: Packages/com.unity.2d.tilemap/Editor/Icons/d_Tilemap.FocusTilemap@2x.png
  artifactKey: Guid(1d8efe8a75b351d4d9aa8b28ddf93196) Importer(815301076,1909f56bfc062723c751e8b465ee728b)
Start importing Packages/com.unity.2d.tilemap/Editor/Icons/d_Tilemap.FocusTilemap@2x.png using Guid(1d8efe8a75b351d4d9aa8b28ddf93196) Importer(815301076,1909f56bfc062723c751e8b465ee728b) (PreviewImporter)[PhysX] Initialized MultithreadedTaskDispatcher with 16 workers.
[PhysX] Initialized MultithreadedTaskDispatcher with 16 workers.
 -> (artifact id: '8e743e7e9eccb48ed58623c6c58a7d3e') in 0.0083844 seconds
Number of updated asset objects reloaded before import = 0Number of asset objects unloaded after import = 3

========================================================================
Received Import Request.
  Time since last request: 0.000017 seconds.
  path: Packages/com.unity.2d.tilemap/Editor/Icons/d_Tilemap.GridPaint@2x.png
  artifactKey: Guid(3451731abc835d44993075b3bc0935bd) Importer(815301076,1909f56bfc062723c751e8b465ee728b)
Start importing Packages/com.unity.2d.tilemap/Editor/Icons/d_Tilemap.GridPaint@2x.png using Guid(3451731abc835d44993075b3bc0935bd) Importer(815301076,1909f56bfc062723c751e8b465ee728b) (PreviewImporter)[PhysX] Initialized MultithreadedTaskDispatcher with 16 workers.
[PhysX] Initialized MultithreadedTaskDispatcher with 16 workers.
 -> (artifact id: '1bdabc222727ad0af5fe7f9c88493677') in 0.0067294 seconds
Number of updated asset objects reloaded before import = 0Number of asset objects unloaded after import = 3

========================================================================
Received Import Request.
  Time since last request: 0.000010 seconds.
  path: Packages/com.unity.2d.tilemap/Editor/Icons/d_Tilemap.ShowGrid.png
  artifactKey: Guid(ad72aefbbd03ec744b3cf61cf766d320) Importer(815301076,1909f56bfc062723c751e8b465ee728b)
Start importing Packages/com.unity.2d.tilemap/Editor/Icons/d_Tilemap.ShowGrid.png using Guid(ad72aefbbd03ec744b3cf61cf766d320) Importer(815301076,1909f56bfc062723c751e8b465ee728b) (PreviewImporter)[PhysX] Initialized MultithreadedTaskDispatcher with 16 workers.
[PhysX] Initialized MultithreadedTaskDispatcher with 16 workers.
 -> (artifact id: '41c527fabecabc33126f84dc9ae351a0') in 0.0081154 seconds
Number of updated asset objects reloaded before import = 0Number of asset objects unloaded after import = 3

========================================================================
Received Import Request.
  Time since last request: 0.000011 seconds.
  path: Packages/com.unity.2d.tilemap/Editor/Icons/d_Tilemap.ShowTilePalette@2x.png
  artifactKey: Guid(b3f6a0922e3511840813c51882c0907b) Importer(815301076,1909f56bfc062723c751e8b465ee728b)
Start importing Packages/com.unity.2d.tilemap/Editor/Icons/d_Tilemap.ShowTilePalette@2x.png using Guid(b3f6a0922e3511840813c51882c0907b) Importer(815301076,1909f56bfc062723c751e8b465ee728b) (PreviewImporter)[PhysX] Initialized MultithreadedTaskDispatcher with 16 workers.
[PhysX] Initialized MultithreadedTaskDispatcher with 16 workers.
 -> (artifact id: 'b26b954e09deb760dd9f74ead2bf6aa5') in 0.0090518 seconds
Number of updated asset objects reloaded before import = 0Number of asset objects unloaded after import = 3

========================================================================
Received Import Request.
  Time since last request: 0.000010 seconds.
  path: Packages/com.unity.2d.tilemap/Editor/Icons/d_Tilemap.ShowGrid@2x.png
  artifactKey: Guid(4576408ff459c3a48a69ad3c7d941581) Importer(815301076,1909f56bfc062723c751e8b465ee728b)
Start importing Packages/com.unity.2d.tilemap/Editor/Icons/d_Tilemap.ShowGrid@2x.png using Guid(4576408ff459c3a48a69ad3c7d941581) Importer(815301076,1909f56bfc062723c751e8b465ee728b) (PreviewImporter)[PhysX] Initialized MultithreadedTaskDispatcher with 16 workers.
[PhysX] Initialized MultithreadedTaskDispatcher with 16 workers.
 -> (artifact id: 'a72f011a9436eed42f521ca0142157f0') in 0.0099645 seconds
Number of updated asset objects reloaded before import = 0Number of asset objects unloaded after import = 3

========================================================================
Received Import Request.
  Time since last request: 0.000010 seconds.
  path: Packages/com.unity.2d.tilemap/Editor/Icons/d_Tilemap.ShowTilePalette.png
  artifactKey: Guid(95b2d1ff151dd2f479bf1f6321b44179) Importer(815301076,1909f56bfc062723c751e8b465ee728b)
Start importing Packages/com.unity.2d.tilemap/Editor/Icons/d_Tilemap.ShowTilePalette.png using Guid(95b2d1ff151dd2f479bf1f6321b44179) Importer(815301076,1909f56bfc062723c751e8b465ee728b) (PreviewImporter)[PhysX] Initialized MultithreadedTaskDispatcher with 16 workers.
[PhysX] Initialized MultithreadedTaskDispatcher with 16 workers.
 -> (artifact id: 'e43ced3f06717450e489bbe7302ec59d') in 0.0113842 seconds
Number of updated asset objects reloaded before import = 0Number of asset objects unloaded after import = 3

========================================================================
Received Import Request.
  Time since last request: 0.000010 seconds.
  path: Packages/com.unity.2d.tilemap/Editor/Icons/d_Tilemap.BrushSettings@2x.png
  artifactKey: Guid(03d93c388f90a6248983677a29c72b38) Importer(815301076,1909f56bfc062723c751e8b465ee728b)
Start importing Packages/com.unity.2d.tilemap/Editor/Icons/d_Tilemap.BrushSettings@2x.png using Guid(03d93c388f90a6248983677a29c72b38) Importer(815301076,1909f56bfc062723c751e8b465ee728b) (PreviewImporter)[PhysX] Initialized MultithreadedTaskDispatcher with 16 workers.
[PhysX] Initialized MultithreadedTaskDispatcher with 16 workers.
 -> (artifact id: '39b9a874d2653e22e9fdaae9126f29c0') in 0.0103336 seconds
Number of updated asset objects reloaded before import = 0Number of asset objects unloaded after import = 3

========================================================================
Received Import Request.
  Time since last request: 0.000011 seconds.
  path: Packages/com.unity.2d.tilemap/Editor/Icons/d_Tilemap.FocusGrid@4x.png
  artifactKey: Guid(ffc58b5d1d8a6ed489be30f7a1291b1e) Importer(815301076,1909f56bfc062723c751e8b465ee728b)
Start importing Packages/com.unity.2d.tilemap/Editor/Icons/d_Tilemap.FocusGrid@4x.png using Guid(ffc58b5d1d8a6ed489be30f7a1291b1e) Importer(815301076,1909f56bfc062723c751e8b465ee728b) (PreviewImporter)[PhysX] Initialized MultithreadedTaskDispatcher with 16 workers.
[PhysX] Initialized MultithreadedTaskDispatcher with 16 workers.
 -> (artifact id: 'c43bd1fc4da021b4b8246d12fae78e79') in 0.0088671 seconds
Number of updated asset objects reloaded before import = 0Number of asset objects unloaded after import = 3

========================================================================
Received Import Request.
  Time since last request: 0.672736 seconds.
  path: Packages/com.unity.2d.tilemap/Editor/Icons/d_Tilemap.EditPalette@2x.png
  artifactKey: Guid(8cbab190b527bd44e8bf5afbc79095e8) Importer(815301076,1909f56bfc062723c751e8b465ee728b)
Start importing Packages/com.unity.2d.tilemap/Editor/Icons/d_Tilemap.EditPalette@2x.png using Guid(8cbab190b527bd44e8bf5afbc79095e8) Importer(815301076,1909f56bfc062723c751e8b465ee728b) (PreviewImporter)[PhysX] Initialized MultithreadedTaskDispatcher with 16 workers.
[PhysX] Initialized MultithreadedTaskDispatcher with 16 workers.
 -> (artifact id: 'eecc62d08fb3b005e593531727caccfa') in 0.007878 seconds
Number of updated asset objects reloaded before import = 0Number of asset objects unloaded after import = 3

========================================================================
Received Import Request.
  Time since last request: 0.000012 seconds.
  path: Packages/com.unity.2d.tilemap/Editor/Icons/d_Tilemap.FocusGrid@2x.png
  artifactKey: Guid(6c05763976bcac64ebefb1f097e6ef84) Importer(815301076,1909f56bfc062723c751e8b465ee728b)
Start importing Packages/com.unity.2d.tilemap/Editor/Icons/d_Tilemap.FocusGrid@2x.png using Guid(6c05763976bcac64ebefb1f097e6ef84) Importer(815301076,1909f56bfc062723c751e8b465ee728b) (PreviewImporter)[PhysX] Initialized MultithreadedTaskDispatcher with 16 workers.
[PhysX] Initialized MultithreadedTaskDispatcher with 16 workers.
 -> (artifact id: 'ecd6a45ef2d52329ef269ecf7eae1f0b') in 0.009344 seconds
Number of updated asset objects reloaded before import = 0Number of asset objects unloaded after import = 3

========================================================================
Received Import Request.
  Time since last request: 0.036522 seconds.
  path: Packages/com.unity.2d.tilemap/Editor/Icons/d_Tilemap.EditPalette.png
  artifactKey: Guid(84cd96391d8e912479adff56b3500191) Importer(815301076,1909f56bfc062723c751e8b465ee728b)
Start importing Packages/com.unity.2d.tilemap/Editor/Icons/d_Tilemap.EditPalette.png using Guid(84cd96391d8e912479adff56b3500191) Importer(815301076,1909f56bfc062723c751e8b465ee728b) (PreviewImporter)[PhysX] Initialized MultithreadedTaskDispatcher with 16 workers.
[PhysX] Initialized MultithreadedTaskDispatcher with 16 workers.
 -> (artifact id: 'e3d0c47ce8bfa120f96da8ef7bab721b') in 0.0082181 seconds
Number of updated asset objects reloaded before import = 0Number of asset objects unloaded after import = 3

========================================================================
Received Import Request.
  Time since last request: 0.021521 seconds.
  path: Packages/com.unity.2d.tilemap/Editor/Icons/d_Tilemap.ActiveTargetLayers.png
  artifactKey: Guid(99c3717808acc0f43b394ab3e10da8bb) Importer(815301076,1909f56bfc062723c751e8b465ee728b)
Start importing Packages/com.unity.2d.tilemap/Editor/Icons/d_Tilemap.ActiveTargetLayers.png using Guid(99c3717808acc0f43b394ab3e10da8bb) Importer(815301076,1909f56bfc062723c751e8b465ee728b) (PreviewImporter)[PhysX] Initialized MultithreadedTaskDispatcher with 16 workers.
[PhysX] Initialized MultithreadedTaskDispatcher with 16 workers.
 -> (artifact id: '6d7a8f69100dc550bad334e339d04fd6') in 0.0083019 seconds
Number of updated asset objects reloaded before import = 0Number of asset objects unloaded after import = 3

========================================================================
Received Import Request.
  Time since last request: 0.000010 seconds.
  path: Packages/com.unity.2d.tilemap/Editor/Icons/d_Tilemap..BrushPicks@4x.png
  artifactKey: Guid(ba6dc9e2bb114aa46a392528f10c13d0) Importer(815301076,1909f56bfc062723c751e8b465ee728b)
Start importing Packages/com.unity.2d.tilemap/Editor/Icons/d_Tilemap..BrushPicks@4x.png using Guid(ba6dc9e2bb114aa46a392528f10c13d0) Importer(815301076,1909f56bfc062723c751e8b465ee728b) (PreviewImporter)[PhysX] Initialized MultithreadedTaskDispatcher with 16 workers.
[PhysX] Initialized MultithreadedTaskDispatcher with 16 workers.
 -> (artifact id: 'c3d57270187db18ea82027c984c77b90') in 0.0081972 seconds
Number of updated asset objects reloaded before import = 0Number of asset objects unloaded after import = 3

========================================================================
Received Import Request.
  Time since last request: 0.060418 seconds.
  path: Packages/com.unity.2d.animation/Editor/Assets/EditorIcons/Dark/d_SetPivot32.png
  artifactKey: Guid(449ceb998ff49400da801fc4d707b896) Importer(815301076,1909f56bfc062723c751e8b465ee728b)
Start importing Packages/com.unity.2d.animation/Editor/Assets/EditorIcons/Dark/d_SetPivot32.png using Guid(449ceb998ff49400da801fc4d707b896) Importer(815301076,1909f56bfc062723c751e8b465ee728b) (PreviewImporter)[PhysX] Initialized MultithreadedTaskDispatcher with 16 workers.
[PhysX] Initialized MultithreadedTaskDispatcher with 16 workers.
 -> (artifact id: 'a0703ef0efe816e517ab66681562014b') in 0.0097944 seconds
Number of updated asset objects reloaded before import = 0Number of asset objects unloaded after import = 3

========================================================================
Received Import Request.
  Time since last request: 0.386815 seconds.
  path: Packages/com.unity.2d.tilemap/Editor/Icons/d_Tilemap.ShowTilePalette@4x.png
  artifactKey: Guid(2d8829bed74ac1940856f77a49d02bfb) Importer(815301076,1909f56bfc062723c751e8b465ee728b)
Start importing Packages/com.unity.2d.tilemap/Editor/Icons/d_Tilemap.ShowTilePalette@4x.png using Guid(2d8829bed74ac1940856f77a49d02bfb) Importer(815301076,1909f56bfc062723c751e8b465ee728b) (PreviewImporter)[PhysX] Initialized MultithreadedTaskDispatcher with 16 workers.
[PhysX] Initialized MultithreadedTaskDispatcher with 16 workers.
 -> (artifact id: '22eb908606f50926c785d044f393cfc7') in 0.0104929 seconds
Number of updated asset objects reloaded before import = 0Number of asset objects unloaded after import = 3

========================================================================
Received Import Request.
  Time since last request: 0.000011 seconds.
  path: Packages/com.unity.2d.tilemap/Editor/Icons/d_Tilemap.TilePalette@2x.png
  artifactKey: Guid(f8e23945cefaa614da36fe203225170a) Importer(815301076,1909f56bfc062723c751e8b465ee728b)
Start importing Packages/com.unity.2d.tilemap/Editor/Icons/d_Tilemap.TilePalette@2x.png using Guid(f8e23945cefaa614da36fe203225170a) Importer(815301076,1909f56bfc062723c751e8b465ee728b) (PreviewImporter)[PhysX] Initialized MultithreadedTaskDispatcher with 16 workers.
[PhysX] Initialized MultithreadedTaskDispatcher with 16 workers.
 -> (artifact id: 'ca7bd3e881ecfc67b048a224330616e9') in 0.013113 seconds
Number of updated asset objects reloaded before import = 0Number of asset objects unloaded after import = 3

========================================================================
Received Import Request.
  Time since last request: 0.000012 seconds.
  path: Packages/com.unity.2d.tilemap/Editor/Icons/d_Tilemap.TilePalette@4x.png
  artifactKey: Guid(86408806ba4819c4494d51cb88d34da4) Importer(815301076,1909f56bfc062723c751e8b465ee728b)
Start importing Packages/com.unity.2d.tilemap/Editor/Icons/d_Tilemap.TilePalette@4x.png using Guid(86408806ba4819c4494d51cb88d34da4) Importer(815301076,1909f56bfc062723c751e8b465ee728b) (PreviewImporter)[PhysX] Initialized MultithreadedTaskDispatcher with 16 workers.
[PhysX] Initialized MultithreadedTaskDispatcher with 16 workers.
 -> (artifact id: '793a477314c458baf09b9854cb34253c') in 0.0078064 seconds
Number of updated asset objects reloaded before import = 0Number of asset objects unloaded after import = 3

========================================================================
Received Import Request.
  Time since last request: 0.000043 seconds.
  path: Packages/com.unity.2d.animation/Editor/Assets/EditorIcons/Selected/d_Visibility_Hidded@3x.png
  artifactKey: Guid(dc1f494fe190bd54bb487d11e639d5fc) Importer(815301076,1909f56bfc062723c751e8b465ee728b)
Start importing Packages/com.unity.2d.animation/Editor/Assets/EditorIcons/Selected/d_Visibility_Hidded@3x.png using Guid(dc1f494fe190bd54bb487d11e639d5fc) Importer(815301076,1909f56bfc062723c751e8b465ee728b) (PreviewImporter)[PhysX] Initialized MultithreadedTaskDispatcher with 16 workers.
[PhysX] Initialized MultithreadedTaskDispatcher with 16 workers.
 -> (artifact id: 'ee81caa638cd7ff03977b0583f0f0cc2') in 0.0069168 seconds
Number of updated asset objects reloaded before import = 0Number of asset objects unloaded after import = 3

========================================================================
Received Import Request.
  Time since last request: 0.000009 seconds.
  path: Packages/com.unity.2d.animation/Editor/Assets/EditorIcons/Selected/d_Visibility_Tool.png
  artifactKey: Guid(cc4d24c10deda874e9f3470976b7d396) Importer(815301076,1909f56bfc062723c751e8b465ee728b)
Start importing Packages/com.unity.2d.animation/Editor/Assets/EditorIcons/Selected/d_Visibility_Tool.png using Guid(cc4d24c10deda874e9f3470976b7d396) Importer(815301076,1909f56bfc062723c751e8b465ee728b) (PreviewImporter)[PhysX] Initialized MultithreadedTaskDispatcher with 16 workers.
[PhysX] Initialized MultithreadedTaskDispatcher with 16 workers.
 -> (artifact id: 'c51ddb7e87cadb4b61efe3698dc4ec7a') in 0.0088965 seconds
Number of updated asset objects reloaded before import = 0Number of asset objects unloaded after import = 3

========================================================================
Received Import Request.
  Time since last request: 0.000012 seconds.
  path: Packages/com.unity.2d.animation/Editor/Assets/EditorIcons/Dark/d_Visibility_Tool 1.png
  artifactKey: Guid(8ce57331a725cc74d84af900f8f3c641) Importer(815301076,1909f56bfc062723c751e8b465ee728b)
Start importing Packages/com.unity.2d.animation/Editor/Assets/EditorIcons/Dark/d_Visibility_Tool 1.png using Guid(8ce57331a725cc74d84af900f8f3c641) Importer(815301076,1909f56bfc062723c751e8b465ee728b) (PreviewImporter)[PhysX] Initialized MultithreadedTaskDispatcher with 16 workers.
[PhysX] Initialized MultithreadedTaskDispatcher with 16 workers.
 -> (artifact id: '951edadca7a3fba97fb742d148a8701b') in 0.0040977 seconds
Number of updated asset objects reloaded before import = 0Number of asset objects unloaded after import = 3

========================================================================
Received Import Request.
  Time since last request: 0.000008 seconds.
  path: Packages/com.unity.2d.animation/Editor/Assets/EditorIcons/Dark/d_Visibility_Tool@4x.png
  artifactKey: Guid(575e67e67fc4b3349bef2112e32f0be3) Importer(815301076,1909f56bfc062723c751e8b465ee728b)
Start importing Packages/com.unity.2d.animation/Editor/Assets/EditorIcons/Dark/d_Visibility_Tool@4x.png using Guid(575e67e67fc4b3349bef2112e32f0be3) Importer(815301076,1909f56bfc062723c751e8b465ee728b) (PreviewImporter)[PhysX] Initialized MultithreadedTaskDispatcher with 16 workers.
[PhysX] Initialized MultithreadedTaskDispatcher with 16 workers.
 -> (artifact id: '23ae6b17f0913581e68f813e6274d11b') in 0.0075018 seconds
Number of updated asset objects reloaded before import = 0Number of asset objects unloaded after import = 3

========================================================================
Received Import Request.
  Time since last request: 0.000010 seconds.
  path: Packages/com.unity.2d.animation/Editor/Assets/EditorIcons/Dark/d_Visibility_Tool@4x 1.png
  artifactKey: Guid(1748e795fc2216743b74f9f19e87888e) Importer(815301076,1909f56bfc062723c751e8b465ee728b)
Start importing Packages/com.unity.2d.animation/Editor/Assets/EditorIcons/Dark/d_Visibility_Tool@4x 1.png using Guid(1748e795fc2216743b74f9f19e87888e) Importer(815301076,1909f56bfc062723c751e8b465ee728b) (PreviewImporter)[PhysX] Initialized MultithreadedTaskDispatcher with 16 workers.
[PhysX] Initialized MultithreadedTaskDispatcher with 16 workers.
 -> (artifact id: '9bc7c1ccd0d9f38473ecdc899f67439f') in 0.0040454 seconds
Number of updated asset objects reloaded before import = 0Number of asset objects unloaded after import = 3

========================================================================
Received Import Request.
  Time since last request: 0.000009 seconds.
  path: Packages/com.unity.2d.animation/Editor/Assets/EditorIcons/Dark/d_WarningIcon_Small.png
  artifactKey: Guid(01c55d310d72c49d09fecc85021a06ed) Importer(815301076,1909f56bfc062723c751e8b465ee728b)
Start importing Packages/com.unity.2d.animation/Editor/Assets/EditorIcons/Dark/d_WarningIcon_Small.png using Guid(01c55d310d72c49d09fecc85021a06ed) Importer(815301076,1909f56bfc062723c751e8b465ee728b) (PreviewImporter)[PhysX] Initialized MultithreadedTaskDispatcher with 16 workers.
[PhysX] Initialized MultithreadedTaskDispatcher with 16 workers.
 -> (artifact id: '02fbd8f26f4277d02887247f8f7c6163') in 0.0131369 seconds
Number of updated asset objects reloaded before import = 0Number of asset objects unloaded after import = 3

========================================================================
Received Import Request.
  Time since last request: 0.000012 seconds.
  path: Packages/com.unity.2d.animation/Editor/Assets/EditorIcons/Dark/d_Weight_Brush@2x.png
  artifactKey: Guid(fda4344db9f9d794698ed7487ca53957) Importer(815301076,1909f56bfc062723c751e8b465ee728b)
Start importing Packages/com.unity.2d.animation/Editor/Assets/EditorIcons/Dark/d_Weight_Brush@2x.png using Guid(fda4344db9f9d794698ed7487ca53957) Importer(815301076,1909f56bfc062723c751e8b465ee728b) (PreviewImporter)[PhysX] Initialized MultithreadedTaskDispatcher with 16 workers.
[PhysX] Initialized MultithreadedTaskDispatcher with 16 workers.
 -> (artifact id: '4da94019508a623c6f45467d5e79ab61') in 0.0075205 seconds
Number of updated asset objects reloaded before import = 0Number of asset objects unloaded after import = 3

========================================================================
Received Import Request.
  Time since last request: 0.000011 seconds.
  path: Packages/com.unity.2d.animation/Editor/Assets/EditorIcons/Dark/d_Weight_Slider@2x.png
  artifactKey: Guid(b2aca1e4f59dad54785b6ffded66224a) Importer(815301076,1909f56bfc062723c751e8b465ee728b)
Start importing Packages/com.unity.2d.animation/Editor/Assets/EditorIcons/Dark/d_Weight_Slider@2x.png using Guid(b2aca1e4f59dad54785b6ffded66224a) Importer(815301076,1909f56bfc062723c751e8b465ee728b) (PreviewImporter)[PhysX] Initialized MultithreadedTaskDispatcher with 16 workers.
[PhysX] Initialized MultithreadedTaskDispatcher with 16 workers.
 -> (artifact id: '850e4522fb3cba2381a7a29039aea1a4') in 0.0111525 seconds
Number of updated asset objects reloaded before import = 0Number of asset objects unloaded after import = 3

========================================================================
Received Import Request.
  Time since last request: 0.000019 seconds.
  path: Packages/com.unity.2d.animation/Editor/Assets/EditorIcons/Dark/d_Weight_Slider@4x.png
  artifactKey: Guid(6816bbef55b2e9847b5e4f06c5475d8b) Importer(815301076,1909f56bfc062723c751e8b465ee728b)
Start importing Packages/com.unity.2d.animation/Editor/Assets/EditorIcons/Dark/d_Weight_Slider@4x.png using Guid(6816bbef55b2e9847b5e4f06c5475d8b) Importer(815301076,1909f56bfc062723c751e8b465ee728b) (PreviewImporter)[PhysX] Initialized MultithreadedTaskDispatcher with 16 workers.
[PhysX] Initialized MultithreadedTaskDispatcher with 16 workers.
 -> (artifact id: 'b7def8c75d849e07f7b1672692a67b73') in 0.0103579 seconds
Number of updated asset objects reloaded before import = 0Number of asset objects unloaded after import = 3

========================================================================
Received Import Request.
  Time since last request: 0.000012 seconds.
  path: Packages/com.unity.2d.animation/Editor/Assets/EditorIcons/Dark/d_Weight_Brush@3x.png
  artifactKey: Guid(ba394dd6c02ba3b448659c8a346bf685) Importer(815301076,1909f56bfc062723c751e8b465ee728b)
Start importing Packages/com.unity.2d.animation/Editor/Assets/EditorIcons/Dark/d_Weight_Brush@3x.png using Guid(ba394dd6c02ba3b448659c8a346bf685) Importer(815301076,1909f56bfc062723c751e8b465ee728b) (PreviewImporter)[PhysX] Initialized MultithreadedTaskDispatcher with 16 workers.
[PhysX] Initialized MultithreadedTaskDispatcher with 16 workers.
 -> (artifact id: 'e6a9bfe897fcc8a5b4b9c9271266ba25') in 0.0153706 seconds
Number of updated asset objects reloaded before import = 0Number of asset objects unloaded after import = 3

========================================================================
Received Import Request.
  Time since last request: 0.000011 seconds.
  path: Packages/com.unity.2d.animation/Editor/Assets/EditorIcons/Selected/d_Visibility_Hidded@2x.png
  artifactKey: Guid(1a2673cb12e2ed1459bc6ab5dad05aae) Importer(815301076,1909f56bfc062723c751e8b465ee728b)
Start importing Packages/com.unity.2d.animation/Editor/Assets/EditorIcons/Selected/d_Visibility_Hidded@2x.png using Guid(1a2673cb12e2ed1459bc6ab5dad05aae) Importer(815301076,1909f56bfc062723c751e8b465ee728b) (PreviewImporter)[PhysX] Initialized MultithreadedTaskDispatcher with 16 workers.
[PhysX] Initialized MultithreadedTaskDispatcher with 16 workers.
 -> (artifact id: 'a06cb8c7f042c113793aba1852e7013f') in 0.0125143 seconds
Number of updated asset objects reloaded before import = 0Number of asset objects unloaded after import = 3

========================================================================
Received Import Request.
  Time since last request: 0.000011 seconds.
  path: Packages/com.unity.2d.animation/Editor/Assets/EditorIcons/Dark/d_Visibility_Hidded@4x.png
  artifactKey: Guid(36502ae6ddbac9e4dbf8fcd5889d661d) Importer(815301076,1909f56bfc062723c751e8b465ee728b)
Start importing Packages/com.unity.2d.animation/Editor/Assets/EditorIcons/Dark/d_Visibility_Hidded@4x.png using Guid(36502ae6ddbac9e4dbf8fcd5889d661d) Importer(815301076,1909f56bfc062723c751e8b465ee728b) (PreviewImporter)[PhysX] Initialized MultithreadedTaskDispatcher with 16 workers.
[PhysX] Initialized MultithreadedTaskDispatcher with 16 workers.
 -> (artifact id: '10ab528d4d7864f84ca567920d93b6fd') in 0.0109121 seconds
Number of updated asset objects reloaded before import = 0Number of asset objects unloaded after import = 3

========================================================================
Received Import Request.
  Time since last request: 0.000010 seconds.
  path: Packages/com.unity.2d.animation/Editor/Assets/EditorIcons/Dark/d_Visibility_Tool@3x.png
  artifactKey: Guid(8c3b52e1fbc36584d802ee0099c48682) Importer(815301076,1909f56bfc062723c751e8b465ee728b)
Start importing Packages/com.unity.2d.animation/Editor/Assets/EditorIcons/Dark/d_Visibility_Tool@3x.png using Guid(8c3b52e1fbc36584d802ee0099c48682) Importer(815301076,1909f56bfc062723c751e8b465ee728b) (PreviewImporter)[PhysX] Initialized MultithreadedTaskDispatcher with 16 workers.
[PhysX] Initialized MultithreadedTaskDispatcher with 16 workers.
 -> (artifact id: '85450bc9c4e3b4609e9b13f3a67ca873') in 0.0116095 seconds
Number of updated asset objects reloaded before import = 0Number of asset objects unloaded after import = 3

========================================================================
Received Import Request.
  Time since last request: 0.181592 seconds.
  path: Packages/com.unity.2d.animation/Editor/Assets/EditorIcons/Selected/Edit_Geometry.png
  artifactKey: Guid(b668cd73b0ac4ba4db9f21a167c80e6b) Importer(815301076,1909f56bfc062723c751e8b465ee728b)
Start importing Packages/com.unity.2d.animation/Editor/Assets/EditorIcons/Selected/Edit_Geometry.png using Guid(b668cd73b0ac4ba4db9f21a167c80e6b) Importer(815301076,1909f56bfc062723c751e8b465ee728b) (PreviewImporter)[PhysX] Initialized MultithreadedTaskDispatcher with 16 workers.
[PhysX] Initialized MultithreadedTaskDispatcher with 16 workers.
 -> (artifact id: 'a47b5eb428bfee836681394980a09e58') in 0.0103512 seconds
Number of updated asset objects reloaded before import = 0Number of asset objects unloaded after import = 3

========================================================================
Received Import Request.
  Time since last request: 0.000017 seconds.
  path: Packages/com.unity.2d.animation/Editor/Assets/EditorIcons/Light/Edit_Geometry@2x.png
  artifactKey: Guid(4bcd27377338b8440bda5ecf26ea2fb5) Importer(815301076,1909f56bfc062723c751e8b465ee728b)
Start importing Packages/com.unity.2d.animation/Editor/Assets/EditorIcons/Light/Edit_Geometry@2x.png using Guid(4bcd27377338b8440bda5ecf26ea2fb5) Importer(815301076,1909f56bfc062723c751e8b465ee728b) (PreviewImporter)[PhysX] Initialized MultithreadedTaskDispatcher with 16 workers.
[PhysX] Initialized MultithreadedTaskDispatcher with 16 workers.
 -> (artifact id: 'b7834c4b19371a8f9f6982c8f6aac7e1') in 0.0082072 seconds
Number of updated asset objects reloaded before import = 0Number of asset objects unloaded after import = 3

========================================================================
Received Import Request.
  Time since last request: 0.000149 seconds.
  path: Packages/com.unity.2d.animation/Editor/Assets/EditorIcons/Selected/Edit_Geometry@4x.png
  artifactKey: Guid(1a96ab5f501a8e84c9016458682e1ccb) Importer(815301076,1909f56bfc062723c751e8b465ee728b)
Start importing Packages/com.unity.2d.animation/Editor/Assets/EditorIcons/Selected/Edit_Geometry@4x.png using Guid(1a96ab5f501a8e84c9016458682e1ccb) Importer(815301076,1909f56bfc062723c751e8b465ee728b) (PreviewImporter)[PhysX] Initialized MultithreadedTaskDispatcher with 16 workers.
[PhysX] Initialized MultithreadedTaskDispatcher with 16 workers.
 -> (artifact id: 'ae69c1aa64494f540c0f78b955041d69') in 0.0096984 seconds
Number of updated asset objects reloaded before import = 0Number of asset objects unloaded after import = 3

========================================================================
Received Import Request.
  Time since last request: 0.000012 seconds.
  path: Packages/com.unity.2d.animation/Editor/Assets/EditorIcons/Selected/Edit_Geometry@2x.png
  artifactKey: Guid(c706f86f6fd02084f9a14727d08b844d) Importer(815301076,1909f56bfc062723c751e8b465ee728b)
Start importing Packages/com.unity.2d.animation/Editor/Assets/EditorIcons/Selected/Edit_Geometry@2x.png using Guid(c706f86f6fd02084f9a14727d08b844d) Importer(815301076,1909f56bfc062723c751e8b465ee728b) (PreviewImporter)[PhysX] Initialized MultithreadedTaskDispatcher with 16 workers.
[PhysX] Initialized MultithreadedTaskDispatcher with 16 workers.
 -> (artifact id: 'bff90abd073c536488f322e0fa5d88ab') in 0.0074453 seconds
Number of updated asset objects reloaded before import = 0Number of asset objects unloaded after import = 3

========================================================================
Received Import Request.
  Time since last request: 0.000010 seconds.
  path: Packages/com.unity.2d.animation/Editor/Assets/EditorIcons/Light/Edit_Joints@3x.png
  artifactKey: Guid(da6b55611e420f443a65d0be7a8f8719) Importer(815301076,1909f56bfc062723c751e8b465ee728b)
Start importing Packages/com.unity.2d.animation/Editor/Assets/EditorIcons/Light/Edit_Joints@3x.png using Guid(da6b55611e420f443a65d0be7a8f8719) Importer(815301076,1909f56bfc062723c751e8b465ee728b) (PreviewImporter)[PhysX] Initialized MultithreadedTaskDispatcher with 16 workers.
[PhysX] Initialized MultithreadedTaskDispatcher with 16 workers.
 -> (artifact id: 'a9dc092e95803db4fadc725beb42f5e8') in 0.0077168 seconds
Number of updated asset objects reloaded before import = 0Number of asset objects unloaded after import = 3

========================================================================
Received Import Request.
  Time since last request: 0.000012 seconds.
  path: Packages/com.unity.2d.animation/Editor/Assets/EditorIcons/Selected/Edit_Pose.png
  artifactKey: Guid(9844a6aa871b23547892e819f4dd55c3) Importer(815301076,1909f56bfc062723c751e8b465ee728b)
Start importing Packages/com.unity.2d.animation/Editor/Assets/EditorIcons/Selected/Edit_Pose.png using Guid(9844a6aa871b23547892e819f4dd55c3) Importer(815301076,1909f56bfc062723c751e8b465ee728b) (PreviewImporter)[PhysX] Initialized MultithreadedTaskDispatcher with 16 workers.
[PhysX] Initialized MultithreadedTaskDispatcher with 16 workers.
 -> (artifact id: 'b1a529b74a34afa40d2f473feff74517') in 0.0088112 seconds
Number of updated asset objects reloaded before import = 0Number of asset objects unloaded after import = 3

========================================================================
Received Import Request.
  Time since last request: 0.000011 seconds.
  path: Packages/com.unity.2d.animation/Editor/Assets/EditorIcons/Selected/Edit_Pose@4x.png
  artifactKey: Guid(eb81c5f176e01b746be35f0aa3603593) Importer(815301076,1909f56bfc062723c751e8b465ee728b)
Start importing Packages/com.unity.2d.animation/Editor/Assets/EditorIcons/Selected/Edit_Pose@4x.png using Guid(eb81c5f176e01b746be35f0aa3603593) Importer(815301076,1909f56bfc062723c751e8b465ee728b) (PreviewImporter)[PhysX] Initialized MultithreadedTaskDispatcher with 16 workers.
[PhysX] Initialized MultithreadedTaskDispatcher with 16 workers.
 -> (artifact id: '7dfce278ba6a330b8f7e457a15b7bd92') in 0.007978 seconds
Number of updated asset objects reloaded before import = 0Number of asset objects unloaded after import = 3

========================================================================
Received Import Request.
  Time since last request: 0.000011 seconds.
  path: Packages/com.unity.2d.tilemap/Editor/Icons/EditorUI.Filter@2x.png
  artifactKey: Guid(943f98e6f10ab4d4883cdc5198a68118) Importer(815301076,1909f56bfc062723c751e8b465ee728b)
Start importing Packages/com.unity.2d.tilemap/Editor/Icons/EditorUI.Filter@2x.png using Guid(943f98e6f10ab4d4883cdc5198a68118) Importer(815301076,1909f56bfc062723c751e8b465ee728b) (PreviewImporter)[PhysX] Initialized MultithreadedTaskDispatcher with 16 workers.
[PhysX] Initialized MultithreadedTaskDispatcher with 16 workers.
 -> (artifact id: '759d27d579a33b39a2bb5f094c84e718') in 0.0148767 seconds
Number of updated asset objects reloaded before import = 0Number of asset objects unloaded after import = 3

========================================================================
Received Import Request.
  Time since last request: 0.000013 seconds.
  path: Packages/com.unity.2d.tilemap/Editor/Icons/EditorUI.Target@4x.png
  artifactKey: Guid(86f74056ad052aa4b83fe485546f0521) Importer(815301076,1909f56bfc062723c751e8b465ee728b)
Start importing Packages/com.unity.2d.tilemap/Editor/Icons/EditorUI.Target@4x.png using Guid(86f74056ad052aa4b83fe485546f0521) Importer(815301076,1909f56bfc062723c751e8b465ee728b) (PreviewImporter)[PhysX] Initialized MultithreadedTaskDispatcher with 16 workers.
[PhysX] Initialized MultithreadedTaskDispatcher with 16 workers.
 -> (artifact id: 'cbd158bffd7819e164b7dd50dc2537c9') in 0.0078126 seconds
Number of updated asset objects reloaded before import = 0Number of asset objects unloaded after import = 3

========================================================================
Received Import Request.
  Time since last request: 0.000011 seconds.
  path: Packages/com.unity.2d.tilemap.extras/Editor/Brushes/GameObjectBrush/GameObjectBrush@2x.png
  artifactKey: Guid(3b1f1c1705419448398bbfafa99724cc) Importer(815301076,1909f56bfc062723c751e8b465ee728b)
Start importing Packages/com.unity.2d.tilemap.extras/Editor/Brushes/GameObjectBrush/GameObjectBrush@2x.png using Guid(3b1f1c1705419448398bbfafa99724cc) Importer(815301076,1909f56bfc062723c751e8b465ee728b) (PreviewImporter)[PhysX] Initialized MultithreadedTaskDispatcher with 16 workers.
[PhysX] Initialized MultithreadedTaskDispatcher with 16 workers.
 -> (artifact id: 'a93a75f3867660a5be1a2cdd722a3393') in 0.0082577 seconds
Number of updated asset objects reloaded before import = 0Number of asset objects unloaded after import = 3

========================================================================
Received Import Request.
  Time since last request: 0.000010 seconds.
  path: Packages/com.unity.2d.animation/Editor/Assets/EditorIcons/Light/Generate_Geometry@2x.png
  artifactKey: Guid(ae5924760c9fbf54d89df9f13435887e) Importer(815301076,1909f56bfc062723c751e8b465ee728b)
Start importing Packages/com.unity.2d.animation/Editor/Assets/EditorIcons/Light/Generate_Geometry@2x.png using Guid(ae5924760c9fbf54d89df9f13435887e) Importer(815301076,1909f56bfc062723c751e8b465ee728b) (PreviewImporter)[PhysX] Initialized MultithreadedTaskDispatcher with 16 workers.
[PhysX] Initialized MultithreadedTaskDispatcher with 16 workers.
 -> (artifact id: '65ae247b284e1ea245296831ca56881c') in 0.0107255 seconds
Number of updated asset objects reloaded before import = 0Number of asset objects unloaded after import = 3

========================================================================
Received Import Request.
  Time since last request: 0.000010 seconds.
  path: Packages/com.unity.2d.animation/Editor/Assets/EditorIcons/Light/Generate_Geometry@3x.png
  artifactKey: Guid(902d611ab43afe940bd891d4a3a480f3) Importer(815301076,1909f56bfc062723c751e8b465ee728b)
Start importing Packages/com.unity.2d.animation/Editor/Assets/EditorIcons/Light/Generate_Geometry@3x.png using Guid(902d611ab43afe940bd891d4a3a480f3) Importer(815301076,1909f56bfc062723c751e8b465ee728b) (PreviewImporter)[PhysX] Initialized MultithreadedTaskDispatcher with 16 workers.
[PhysX] Initialized MultithreadedTaskDispatcher with 16 workers.
 -> (artifact id: '8e991d6754cb05eb5b64c00d9265716a') in 0.0091796 seconds
Number of updated asset objects reloaded before import = 0Number of asset objects unloaded after import = 3

========================================================================
Received Import Request.
  Time since last request: 0.000011 seconds.
  path: Packages/com.unity.2d.animation/Editor/Assets/EditorIcons/Selected/Generate_Geometry@4x.png
  artifactKey: Guid(7b0bba6a9b6960a4fb500a75d4a4caa0) Importer(815301076,1909f56bfc062723c751e8b465ee728b)
Start importing Packages/com.unity.2d.animation/Editor/Assets/EditorIcons/Selected/Generate_Geometry@4x.png using Guid(7b0bba6a9b6960a4fb500a75d4a4caa0) Importer(815301076,1909f56bfc062723c751e8b465ee728b) (PreviewImporter)[PhysX] Initialized MultithreadedTaskDispatcher with 16 workers.
[PhysX] Initialized MultithreadedTaskDispatcher with 16 workers.
 -> (artifact id: '1f04b4b5b9171cc2554fd9be5316d4c0') in 0.0094278 seconds
Number of updated asset objects reloaded before import = 0Number of asset objects unloaded after import = 3

========================================================================
Received Import Request.
  Time since last request: 0.000014 seconds.
  path: Packages/com.unity.2d.animation/Editor/Assets/EditorIcons/Selected/Generate_Geometry.png
  artifactKey: Guid(41842964c48860f46b45e7b3d5986e07) Importer(815301076,1909f56bfc062723c751e8b465ee728b)
Start importing Packages/com.unity.2d.animation/Editor/Assets/EditorIcons/Selected/Generate_Geometry.png using Guid(41842964c48860f46b45e7b3d5986e07) Importer(815301076,1909f56bfc062723c751e8b465ee728b) (PreviewImporter)[PhysX] Initialized MultithreadedTaskDispatcher with 16 workers.
[PhysX] Initialized MultithreadedTaskDispatcher with 16 workers.
 -> (artifact id: '70a7d8d71288f4226eea92e7a42bceff') in 0.0097936 seconds
Number of updated asset objects reloaded before import = 0Number of asset objects unloaded after import = 3

========================================================================
Received Import Request.
  Time since last request: 0.000017 seconds.
  path: Packages/com.unity.2d.tilemap/Editor/Icons/EditorUI.TargetHover.png
  artifactKey: Guid(fdc8bace2b7ef504d91d22cca2a5d905) Importer(815301076,1909f56bfc062723c751e8b465ee728b)
Start importing Packages/com.unity.2d.tilemap/Editor/Icons/EditorUI.TargetHover.png using Guid(fdc8bace2b7ef504d91d22cca2a5d905) Importer(815301076,1909f56bfc062723c751e8b465ee728b) (PreviewImporter)[PhysX] Initialized MultithreadedTaskDispatcher with 16 workers.
[PhysX] Initialized MultithreadedTaskDispatcher with 16 workers.
 -> (artifact id: '09ddc04a82257f51a14dac8c278546fd') in 0.0117938 seconds
Number of updated asset objects reloaded before import = 0Number of asset objects unloaded after import = 3

========================================================================
Received Import Request.
  Time since last request: 0.000012 seconds.
  path: Packages/com.unity.2d.animation/Editor/Assets/EditorIcons/Light/Edit_Geometry@3x.png
  artifactKey: Guid(b37297243655c064a8cd48d76a074ca0) Importer(815301076,1909f56bfc062723c751e8b465ee728b)
Start importing Packages/com.unity.2d.animation/Editor/Assets/EditorIcons/Light/Edit_Geometry@3x.png using Guid(b37297243655c064a8cd48d76a074ca0) Importer(815301076,1909f56bfc062723c751e8b465ee728b) (PreviewImporter)[PhysX] Initialized MultithreadedTaskDispatcher with 16 workers.
[PhysX] Initialized MultithreadedTaskDispatcher with 16 workers.
 -> (artifact id: '8732dc46e87ae02801c6c3ee97914df3') in 0.011219 seconds
Number of updated asset objects reloaded before import = 0Number of asset objects unloaded after import = 3

========================================================================
Received Import Request.
  Time since last request: 0.000011 seconds.
  path: Packages/com.unity.2d.tilemap.extras/Editor/Brushes/GameObjectBrush/GameObjectBrush@4x.png
  artifactKey: Guid(27fcf2ee0895b467f980e5c3c57b655c) Importer(815301076,1909f56bfc062723c751e8b465ee728b)
Start importing Packages/com.unity.2d.tilemap.extras/Editor/Brushes/GameObjectBrush/GameObjectBrush@4x.png using Guid(27fcf2ee0895b467f980e5c3c57b655c) Importer(815301076,1909f56bfc062723c751e8b465ee728b) (PreviewImporter)[PhysX] Initialized MultithreadedTaskDispatcher with 16 workers.
[PhysX] Initialized MultithreadedTaskDispatcher with 16 workers.
 -> (artifact id: 'f007ed243712af621f680ccea9fa84dc') in 0.0115073 seconds
Number of updated asset objects reloaded before import = 0Number of asset objects unloaded after import = 3

========================================================================
Received Import Request.
  Time since last request: 0.000012 seconds.
  path: Packages/com.unity.2d.animation/Editor/Assets/EditorIcons/Light/ErrorIcon_Small@2x.png
  artifactKey: Guid(26c69ebfc75254d2d85011964359be73) Importer(815301076,1909f56bfc062723c751e8b465ee728b)
Start importing Packages/com.unity.2d.animation/Editor/Assets/EditorIcons/Light/ErrorIcon_Small@2x.png using Guid(26c69ebfc75254d2d85011964359be73) Importer(815301076,1909f56bfc062723c751e8b465ee728b) (PreviewImporter)[PhysX] Initialized MultithreadedTaskDispatcher with 16 workers.
[PhysX] Initialized MultithreadedTaskDispatcher with 16 workers.
 -> (artifact id: '48f6e0dd558f9ce1d9b258b24b525b33') in 0.0111823 seconds
Number of updated asset objects reloaded before import = 0Number of asset objects unloaded after import = 3

========================================================================
Received Import Request.
  Time since last request: 0.000013 seconds.
  path: Packages/com.unity.2d.tilemap/Editor/Icons/EditorUI.Filter.png
  artifactKey: Guid(cdccb0d77f2e841e1bc2c5f367d4df33) Importer(815301076,1909f56bfc062723c751e8b465ee728b)
Start importing Packages/com.unity.2d.tilemap/Editor/Icons/EditorUI.Filter.png using Guid(cdccb0d77f2e841e1bc2c5f367d4df33) Importer(815301076,1909f56bfc062723c751e8b465ee728b) (PreviewImporter)[PhysX] Initialized MultithreadedTaskDispatcher with 16 workers.
[PhysX] Initialized MultithreadedTaskDispatcher with 16 workers.
 -> (artifact id: 'f62c362b76afcfa86c780118675ca17e') in 0.0072015 seconds
Number of updated asset objects reloaded before import = 0Number of asset objects unloaded after import = 3

========================================================================
Received Import Request.
  Time since last request: 0.000010 seconds.
  path: Packages/com.unity.2d.animation/Editor/Assets/EditorIcons/Selected/Edit_Joints.png
  artifactKey: Guid(6fd5a08a269c8544095b5c02ab57696b) Importer(815301076,1909f56bfc062723c751e8b465ee728b)
Start importing Packages/com.unity.2d.animation/Editor/Assets/EditorIcons/Selected/Edit_Joints.png using Guid(6fd5a08a269c8544095b5c02ab57696b) Importer(815301076,1909f56bfc062723c751e8b465ee728b) (PreviewImporter)[PhysX] Initialized MultithreadedTaskDispatcher with 16 workers.
[PhysX] Initialized MultithreadedTaskDispatcher with 16 workers.
 -> (artifact id: 'e0682b39969f16c2a13593443411f658') in 0.0079621 seconds
Number of updated asset objects reloaded before import = 0Number of asset objects unloaded after import = 3

========================================================================
Received Import Request.
  Time since last request: 0.247330 seconds.
  path: Packages/com.unity.2d.animation/Editor/Assets/EditorIcons/Selected/Generate_Weights.png
  artifactKey: Guid(2892d6ec6ca2a1f45adbd52fdb96fcfe) Importer(815301076,1909f56bfc062723c751e8b465ee728b)
Start importing Packages/com.unity.2d.animation/Editor/Assets/EditorIcons/Selected/Generate_Weights.png using Guid(2892d6ec6ca2a1f45adbd52fdb96fcfe) Importer(815301076,1909f56bfc062723c751e8b465ee728b) (PreviewImporter)[PhysX] Initialized MultithreadedTaskDispatcher with 16 workers.
[PhysX] Initialized MultithreadedTaskDispatcher with 16 workers.
 -> (artifact id: 'e274071c2a12d05496ad5c3e73b025ff') in 0.0111379 seconds
Number of updated asset objects reloaded before import = 0Number of asset objects unloaded after import = 3

========================================================================
Received Import Request.
  Time since last request: 0.000011 seconds.
  path: Packages/com.unity.2d.animation/Editor/Assets/EditorIcons/Selected/Generate_Weights@2x.png
  artifactKey: Guid(ba75d79a1a0723e488112808560789b7) Importer(815301076,1909f56bfc062723c751e8b465ee728b)
Start importing Packages/com.unity.2d.animation/Editor/Assets/EditorIcons/Selected/Generate_Weights@2x.png using Guid(ba75d79a1a0723e488112808560789b7) Importer(815301076,1909f56bfc062723c751e8b465ee728b) (PreviewImporter)[PhysX] Initialized MultithreadedTaskDispatcher with 16 workers.
[PhysX] Initialized MultithreadedTaskDispatcher with 16 workers.
 -> (artifact id: '5719de4ef1910bf40604db4ac9d7cbd1') in 0.0080655 seconds
Number of updated asset objects reloaded before import = 0Number of asset objects unloaded after import = 3

========================================================================
Received Import Request.
  Time since last request: 0.000011 seconds.
  path: Packages/com.unity.2d.animation/Editor/Assets/EditorIcons/Light/Generate_Weights@4x.png
  artifactKey: Guid(a56b84f780e8aef439e9a83d60ca7420) Importer(815301076,1909f56bfc062723c751e8b465ee728b)
Start importing Packages/com.unity.2d.animation/Editor/Assets/EditorIcons/Light/Generate_Weights@4x.png using Guid(a56b84f780e8aef439e9a83d60ca7420) Importer(815301076,1909f56bfc062723c751e8b465ee728b) (PreviewImporter)[PhysX] Initialized MultithreadedTaskDispatcher with 16 workers.
[PhysX] Initialized MultithreadedTaskDispatcher with 16 workers.
 -> (artifact id: 'dadd7c7f9f3b87f88ac06dc816957168') in 0.0092131 seconds
Number of updated asset objects reloaded before import = 0Number of asset objects unloaded after import = 3

========================================================================
Received Import Request.
  Time since last request: 0.000012 seconds.
  path: Packages/com.unity.2d.tilemap/Editor/Icons/Grid.FlipX.png
  artifactKey: Guid(e883969672bd261498f38ec9e9fc393f) Importer(815301076,1909f56bfc062723c751e8b465ee728b)
Start importing Packages/com.unity.2d.tilemap/Editor/Icons/Grid.FlipX.png using Guid(e883969672bd261498f38ec9e9fc393f) Importer(815301076,1909f56bfc062723c751e8b465ee728b) (PreviewImporter)[PhysX] Initialized MultithreadedTaskDispatcher with 16 workers.
[PhysX] Initialized MultithreadedTaskDispatcher with 16 workers.
 -> (artifact id: '2541d158e0d741bee16e1e6bf5082efa') in 0.007027 seconds
Number of updated asset objects reloaded before import = 0Number of asset objects unloaded after import = 3

========================================================================
Received Import Request.
  Time since last request: 0.000012 seconds.
  path: Packages/com.unity.2d.tilemap/Editor/Icons/Grid.FlipY@2x.png
  artifactKey: Guid(baab1bab0820d0942bb79c6da94b1688) Importer(815301076,1909f56bfc062723c751e8b465ee728b)
Start importing Packages/com.unity.2d.tilemap/Editor/Icons/Grid.FlipY@2x.png using Guid(baab1bab0820d0942bb79c6da94b1688) Importer(815301076,1909f56bfc062723c751e8b465ee728b) (PreviewImporter)[PhysX] Initialized MultithreadedTaskDispatcher with 16 workers.
[PhysX] Initialized MultithreadedTaskDispatcher with 16 workers.
 -> (artifact id: '5870c91385e83fa9a2fdad49c0b8e024') in 0.007031 seconds
Number of updated asset objects reloaded before import = 0Number of asset objects unloaded after import = 3

========================================================================
Received Import Request.
  Time since last request: 0.000011 seconds.
  path: Packages/com.unity.2d.tilemap/Editor/Icons/Grid.RotateACW.png
  artifactKey: Guid(28df830b98d0a3f44b58e73d78060ab0) Importer(815301076,1909f56bfc062723c751e8b465ee728b)
Start importing Packages/com.unity.2d.tilemap/Editor/Icons/Grid.RotateACW.png using Guid(28df830b98d0a3f44b58e73d78060ab0) Importer(815301076,1909f56bfc062723c751e8b465ee728b) (PreviewImporter)[PhysX] Initialized MultithreadedTaskDispatcher with 16 workers.
[PhysX] Initialized MultithreadedTaskDispatcher with 16 workers.
 -> (artifact id: 'cd250a5f3fd370139e6796797ee06531') in 0.0134119 seconds
Number of updated asset objects reloaded before import = 0Number of asset objects unloaded after import = 3

========================================================================
Received Import Request.
  Time since last request: 0.000013 seconds.
  path: Packages/com.unity.2d.tilemap/Editor/Icons/Grid.RotateCW@2x.png
  artifactKey: Guid(3239e705bdc364b47a21e44901809b91) Importer(815301076,1909f56bfc062723c751e8b465ee728b)
Start importing Packages/com.unity.2d.tilemap/Editor/Icons/Grid.RotateCW@2x.png using Guid(3239e705bdc364b47a21e44901809b91) Importer(815301076,1909f56bfc062723c751e8b465ee728b) (PreviewImporter)[PhysX] Initialized MultithreadedTaskDispatcher with 16 workers.
[PhysX] Initialized MultithreadedTaskDispatcher with 16 workers.
 -> (artifact id: '27a0990664741ad622db324b04903850') in 0.0125091 seconds
Number of updated asset objects reloaded before import = 0Number of asset objects unloaded after import = 3

========================================================================
Received Import Request.
  Time since last request: 0.000012 seconds.
  path: Packages/com.unity.2d.tilemap/Editor/Icons/Grid.FlipX@2x.png
  artifactKey: Guid(367a9e3649215be42869f99bdeecbab6) Importer(815301076,1909f56bfc062723c751e8b465ee728b)
Start importing Packages/com.unity.2d.tilemap/Editor/Icons/Grid.FlipX@2x.png using Guid(367a9e3649215be42869f99bdeecbab6) Importer(815301076,1909f56bfc062723c751e8b465ee728b) (PreviewImporter)[PhysX] Initialized MultithreadedTaskDispatcher with 16 workers.
[PhysX] Initialized MultithreadedTaskDispatcher with 16 workers.
 -> (artifact id: '71329d5883dc66e850795079e0953c23') in 0.0069422 seconds
Number of updated asset objects reloaded before import = 0Number of asset objects unloaded after import = 3

========================================================================
Received Import Request.
  Time since last request: 0.000015 seconds.
  path: Packages/com.unity.2d.sprite/Editor/ObjectMenuCreation/DefaultAssets/Textures/HexagonFlatTop.png
  artifactKey: Guid(16037dbd798344f57a526d53d48f5ead) Importer(815301076,1909f56bfc062723c751e8b465ee728b)
Start importing Packages/com.unity.2d.sprite/Editor/ObjectMenuCreation/DefaultAssets/Textures/HexagonFlatTop.png using Guid(16037dbd798344f57a526d53d48f5ead) Importer(815301076,1909f56bfc062723c751e8b465ee728b) (PreviewImporter)[PhysX] Initialized MultithreadedTaskDispatcher with 16 workers.
[PhysX] Initialized MultithreadedTaskDispatcher with 16 workers.
 -> (artifact id: '75601697efd844b3153575860970fd75') in 0.0133795 seconds
Number of updated asset objects reloaded before import = 0Number of asset objects unloaded after import = 3

========================================================================
Received Import Request.
  Time since last request: 0.000011 seconds.
  path: Packages/com.unity.2d.tilemap/Editor/Icons/Grid.FlipY.png
  artifactKey: Guid(2a807ac042c28e546b9d90048ebbc33f) Importer(815301076,1909f56bfc062723c751e8b465ee728b)
Start importing Packages/com.unity.2d.tilemap/Editor/Icons/Grid.FlipY.png using Guid(2a807ac042c28e546b9d90048ebbc33f) Importer(815301076,1909f56bfc062723c751e8b465ee728b) (PreviewImporter)[PhysX] Initialized MultithreadedTaskDispatcher with 16 workers.
[PhysX] Initialized MultithreadedTaskDispatcher with 16 workers.
 -> (artifact id: '13806c85d41d17028fee02c4988db0a6') in 0.0067045 seconds
Number of updated asset objects reloaded before import = 0Number of asset objects unloaded after import = 3

========================================================================
Received Import Request.
  Time since last request: 0.552270 seconds.
  path: Packages/com.unity.2d.sprite/Editor/ObjectMenuCreation/DefaultAssets/Textures/HexagonPointTopWithBorder.png
  artifactKey: Guid(4b2a04fdbe0ef4d8da8f90eaca817cd1) Importer(815301076,1909f56bfc062723c751e8b465ee728b)
Start importing Packages/com.unity.2d.sprite/Editor/ObjectMenuCreation/DefaultAssets/Textures/HexagonPointTopWithBorder.png using Guid(4b2a04fdbe0ef4d8da8f90eaca817cd1) Importer(815301076,1909f56bfc062723c751e8b465ee728b) (PreviewImporter)[PhysX] Initialized MultithreadedTaskDispatcher with 16 workers.
[PhysX] Initialized MultithreadedTaskDispatcher with 16 workers.
 -> (artifact id: 'e382e93423b1373661367ed23007c868') in 0.0105983 seconds
Number of updated asset objects reloaded before import = 0Number of asset objects unloaded after import = 3

========================================================================
Received Import Request.
  Time since last request: 0.000012 seconds.
  path: Packages/com.unity.collab-proxy/Editor/PlasticSCM/Assets/Images/iconinviteusers@2x.png
  artifactKey: Guid(b43651fb085b38445ade3f9de3ab0636) Importer(815301076,1909f56bfc062723c751e8b465ee728b)
Start importing Packages/com.unity.collab-proxy/Editor/PlasticSCM/Assets/Images/iconinviteusers@2x.png using Guid(b43651fb085b38445ade3f9de3ab0636) Importer(815301076,1909f56bfc062723c751e8b465ee728b) (PreviewImporter)[PhysX] Initialized MultithreadedTaskDispatcher with 16 workers.
[PhysX] Initialized MultithreadedTaskDispatcher with 16 workers.
 -> (artifact id: 'ec48e15010eacad9f81a353014ac687e') in 0.0075671 seconds
Number of updated asset objects reloaded before import = 0Number of asset objects unloaded after import = 3

========================================================================
Received Import Request.
  Time since last request: 0.000021 seconds.
  path: Packages/com.unity.collab-proxy/Editor/PlasticSCM/Assets/Images/iconretainedoverlay@2x.png
  artifactKey: Guid(a01087ce1455c7e4c8f2410c26afcfd2) Importer(815301076,1909f56bfc062723c751e8b465ee728b)
Start importing Packages/com.unity.collab-proxy/Editor/PlasticSCM/Assets/Images/iconretainedoverlay@2x.png using Guid(a01087ce1455c7e4c8f2410c26afcfd2) Importer(815301076,1909f56bfc062723c751e8b465ee728b) (PreviewImporter)[PhysX] Initialized MultithreadedTaskDispatcher with 16 workers.
[PhysX] Initialized MultithreadedTaskDispatcher with 16 workers.
 -> (artifact id: '79c57986695cda2f6183df3f5c5801de') in 0.0082156 seconds
Number of updated asset objects reloaded before import = 0Number of asset objects unloaded after import = 3

========================================================================
Received Import Request.
  Time since last request: 0.000011 seconds.
  path: Packages/com.unity.2d.psdimporter/Editor/Assets/Icons/Light/Layers Collapsed@1x.png
  artifactKey: Guid(ca434c866082043f589e32d65b0d1369) Importer(815301076,1909f56bfc062723c751e8b465ee728b)
Start importing Packages/com.unity.2d.psdimporter/Editor/Assets/Icons/Light/Layers Collapsed@1x.png using Guid(ca434c866082043f589e32d65b0d1369) Importer(815301076,1909f56bfc062723c751e8b465ee728b) (PreviewImporter)[PhysX] Initialized MultithreadedTaskDispatcher with 16 workers.
[PhysX] Initialized MultithreadedTaskDispatcher with 16 workers.
 -> (artifact id: 'fa3ae250d2bbb055f2217355a50c2461') in 0.0067138 seconds
Number of updated asset objects reloaded before import = 0Number of asset objects unloaded after import = 3

========================================================================
Received Import Request.
  Time since last request: 0.000012 seconds.
  path: Packages/com.unity.2d.psdimporter/Editor/Assets/Icons/Dark/Layers Collapsed@1x.png
  artifactKey: Guid(dd04679f252ec40a8b931fbb52bd3f8b) Importer(815301076,1909f56bfc062723c751e8b465ee728b)
Start importing Packages/com.unity.2d.psdimporter/Editor/Assets/Icons/Dark/Layers Collapsed@1x.png using Guid(dd04679f252ec40a8b931fbb52bd3f8b) Importer(815301076,1909f56bfc062723c751e8b465ee728b) (PreviewImporter)[PhysX] Initialized MultithreadedTaskDispatcher with 16 workers.
[PhysX] Initialized MultithreadedTaskDispatcher with 16 workers.
 -> (artifact id: 'c733caa7584cec1b7aeab36381cb1fdb') in 0.0065154 seconds
Number of updated asset objects reloaded before import = 0Number of asset objects unloaded after import = 3

========================================================================
Received Import Request.
  Time since last request: 0.000015 seconds.
  path: Packages/com.unity.2d.psdimporter/Editor/Assets/Icons/Selected/Layers Collapsed@4x.png
  artifactKey: Guid(88a01be2082444885aa54d39afb85dd8) Importer(815301076,1909f56bfc062723c751e8b465ee728b)
Start importing Packages/com.unity.2d.psdimporter/Editor/Assets/Icons/Selected/Layers Collapsed@4x.png using Guid(88a01be2082444885aa54d39afb85dd8) Importer(815301076,1909f56bfc062723c751e8b465ee728b) (PreviewImporter)[PhysX] Initialized MultithreadedTaskDispatcher with 16 workers.
[PhysX] Initialized MultithreadedTaskDispatcher with 16 workers.
 -> (artifact id: '2d5a3622f57c1dbae67717308918bdf1') in 0.0097399 seconds
Number of updated asset objects reloaded before import = 0Number of asset objects unloaded after import = 3

========================================================================
Received Import Request.
  Time since last request: 0.000011 seconds.
  path: Packages/com.unity.2d.psdimporter/Editor/Assets/Icons/Dark/Layers Collapsed@4x.png
  artifactKey: Guid(ea5547bcdee4e4a8cb4705499aabe76d) Importer(815301076,1909f56bfc062723c751e8b465ee728b)
Start importing Packages/com.unity.2d.psdimporter/Editor/Assets/Icons/Dark/Layers Collapsed@4x.png using Guid(ea5547bcdee4e4a8cb4705499aabe76d) Importer(815301076,1909f56bfc062723c751e8b465ee728b) (PreviewImporter)[PhysX] Initialized MultithreadedTaskDispatcher with 16 workers.
[PhysX] Initialized MultithreadedTaskDispatcher with 16 workers.
 -> (artifact id: '9776738c11ab774c77553f0829876f7b') in 0.0074498 seconds
Number of updated asset objects reloaded before import = 0Number of asset objects unloaded after import = 3

========================================================================
Received Import Request.
  Time since last request: 0.000010 seconds.
  path: Packages/com.unity.2d.psdimporter/Editor/Assets/Icons/Light/Layers Collapsed@8x.png
  artifactKey: Guid(5c35aefb0965746fc8ade2cd405f2ac7) Importer(815301076,1909f56bfc062723c751e8b465ee728b)
Start importing Packages/com.unity.2d.psdimporter/Editor/Assets/Icons/Light/Layers Collapsed@8x.png using Guid(5c35aefb0965746fc8ade2cd405f2ac7) Importer(815301076,1909f56bfc062723c751e8b465ee728b) (PreviewImporter)[PhysX] Initialized MultithreadedTaskDispatcher with 16 workers.
[PhysX] Initialized MultithreadedTaskDispatcher with 16 workers.
 -> (artifact id: 'b063c3bed29c98da51f000eb87c4b5ae') in 0.0101687 seconds
Number of updated asset objects reloaded before import = 0Number of asset objects unloaded after import = 3

========================================================================
Received Import Request.
  Time since last request: 0.000012 seconds.
  path: Packages/com.unity.2d.psdimporter/Editor/Assets/Icons/Dark/Layers Collapsed@2x.png
  artifactKey: Guid(360cfd7debcd44adfbb69d1911de502d) Importer(815301076,1909f56bfc062723c751e8b465ee728b)
Start importing Packages/com.unity.2d.psdimporter/Editor/Assets/Icons/Dark/Layers Collapsed@2x.png using Guid(360cfd7debcd44adfbb69d1911de502d) Importer(815301076,1909f56bfc062723c751e8b465ee728b) (PreviewImporter)[PhysX] Initialized MultithreadedTaskDispatcher with 16 workers.
[PhysX] Initialized MultithreadedTaskDispatcher with 16 workers.
 -> (artifact id: '3d37e590f0d9545476b10c828a9a445f') in 0.0096847 seconds
Number of updated asset objects reloaded before import = 0Number of asset objects unloaded after import = 3

========================================================================
Received Import Request.
  Time since last request: 0.000011 seconds.
  path: Packages/com.unity.2d.sprite/Editor/ObjectMenuCreation/DefaultAssets/Textures/IsometricDiamondWithBorder.png
  artifactKey: Guid(0d267bc78a0864eb48358689b29ed20a) Importer(815301076,1909f56bfc062723c751e8b465ee728b)
Start importing Packages/com.unity.2d.sprite/Editor/ObjectMenuCreation/DefaultAssets/Textures/IsometricDiamondWithBorder.png using Guid(0d267bc78a0864eb48358689b29ed20a) Importer(815301076,1909f56bfc062723c751e8b465ee728b) (PreviewImporter)[PhysX] Initialized MultithreadedTaskDispatcher with 16 workers.
[PhysX] Initialized MultithreadedTaskDispatcher with 16 workers.
 -> (artifact id: '60eef18270852b05388a328c9186f933') in 0.0098075 seconds
Number of updated asset objects reloaded before import = 0Number of asset objects unloaded after import = 3

========================================================================
Received Import Request.
  Time since last request: 0.592088 seconds.
  path: Packages/com.unity.2d.psdimporter/Editor/Assets/Icons/Dark/Layers Collapsed@8x.png
  artifactKey: Guid(8649c1c76eb014a4d9e24547717f1619) Importer(815301076,1909f56bfc062723c751e8b465ee728b)
Start importing Packages/com.unity.2d.psdimporter/Editor/Assets/Icons/Dark/Layers Collapsed@8x.png using Guid(8649c1c76eb014a4d9e24547717f1619) Importer(815301076,1909f56bfc062723c751e8b465ee728b) (PreviewImporter)[PhysX] Initialized MultithreadedTaskDispatcher with 16 workers.
[PhysX] Initialized MultithreadedTaskDispatcher with 16 workers.
 -> (artifact id: '08fd3da35dfc8f61d535ac1bdca238f1') in 0.0082271 seconds
Number of updated asset objects reloaded before import = 0Number of asset objects unloaded after import = 3

========================================================================
Received Import Request.
  Time since last request: 0.000010 seconds.
  path: Packages/com.unity.2d.psdimporter/Editor/Assets/Icons/Light/Layers Collapsed@16x.png
  artifactKey: Guid(cf195ec1f698d488fb3fdeebc2b3ad33) Importer(815301076,1909f56bfc062723c751e8b465ee728b)
Start importing Packages/com.unity.2d.psdimporter/Editor/Assets/Icons/Light/Layers Collapsed@16x.png using Guid(cf195ec1f698d488fb3fdeebc2b3ad33) Importer(815301076,1909f56bfc062723c751e8b465ee728b) (PreviewImporter)[PhysX] Initialized MultithreadedTaskDispatcher with 16 workers.
[PhysX] Initialized MultithreadedTaskDispatcher with 16 workers.
 -> (artifact id: '29beacbcfaeaab6a4fbacd6e7026ff12') in 0.0098866 seconds
Number of updated asset objects reloaded before import = 0Number of asset objects unloaded after import = 3

========================================================================
Received Import Request.
  Time since last request: 0.000013 seconds.
  path: Packages/com.unity.2d.psdimporter/Editor/Assets/Icons/Light/Layers Mixed@1x.png
  artifactKey: Guid(92ca921ade6e944868364b1813c7568f) Importer(815301076,1909f56bfc062723c751e8b465ee728b)
Start importing Packages/com.unity.2d.psdimporter/Editor/Assets/Icons/Light/Layers Mixed@1x.png using Guid(92ca921ade6e944868364b1813c7568f) Importer(815301076,1909f56bfc062723c751e8b465ee728b) (PreviewImporter)[PhysX] Initialized MultithreadedTaskDispatcher with 16 workers.
[PhysX] Initialized MultithreadedTaskDispatcher with 16 workers.
 -> (artifact id: '1ea7985183cdb942b7f3a8af1fd8bf14') in 0.009689 seconds
Number of updated asset objects reloaded before import = 0Number of asset objects unloaded after import = 3

========================================================================
Received Import Request.
  Time since last request: 0.402922 seconds.
  path: Packages/com.unity.2d.psdimporter/Editor/Assets/Icons/Selected/Layers Mixed@1x.png
  artifactKey: Guid(332959a914fc9470abaa066b876b0dcc) Importer(815301076,1909f56bfc062723c751e8b465ee728b)
Start importing Packages/com.unity.2d.psdimporter/Editor/Assets/Icons/Selected/Layers Mixed@1x.png using Guid(332959a914fc9470abaa066b876b0dcc) Importer(815301076,1909f56bfc062723c751e8b465ee728b) (PreviewImporter)[PhysX] Initialized MultithreadedTaskDispatcher with 16 workers.
[PhysX] Initialized MultithreadedTaskDispatcher with 16 workers.
 -> (artifact id: '75bdfdb9c79ac4ea3607c12c63bff352') in 0.0096056 seconds
Number of updated asset objects reloaded before import = 0Number of asset objects unloaded after import = 3

========================================================================
Received Import Request.
  Time since last request: 0.000011 seconds.
  path: Packages/com.unity.2d.psdimporter/Editor/Assets/Icons/Selected/Layers Mixed@2x.png
  artifactKey: Guid(d7b52ee143e0c4bf09d482ec22428db2) Importer(815301076,1909f56bfc062723c751e8b465ee728b)
Start importing Packages/com.unity.2d.psdimporter/Editor/Assets/Icons/Selected/Layers Mixed@2x.png using Guid(d7b52ee143e0c4bf09d482ec22428db2) Importer(815301076,1909f56bfc062723c751e8b465ee728b) (PreviewImporter)[PhysX] Initialized MultithreadedTaskDispatcher with 16 workers.
[PhysX] Initialized MultithreadedTaskDispatcher with 16 workers.
 -> (artifact id: '42fc9bade205fe1ea9f6affdcaf1d1bd') in 0.0084921 seconds
Number of updated asset objects reloaded before import = 0Number of asset objects unloaded after import = 3

========================================================================
Received Import Request.
  Time since last request: 0.000011 seconds.
  path: Packages/com.unity.2d.psdimporter/Editor/Assets/Icons/Dark/Layers Mixed@4x.png
  artifactKey: Guid(68f1f3aed86c64050b0c1e343c604868) Importer(815301076,1909f56bfc062723c751e8b465ee728b)
Start importing Packages/com.unity.2d.psdimporter/Editor/Assets/Icons/Dark/Layers Mixed@4x.png using Guid(68f1f3aed86c64050b0c1e343c604868) Importer(815301076,1909f56bfc062723c751e8b465ee728b) (PreviewImporter)[PhysX] Initialized MultithreadedTaskDispatcher with 16 workers.
[PhysX] Initialized MultithreadedTaskDispatcher with 16 workers.
 -> (artifact id: '0cf43af76d21152751c70099d2305a0e') in 0.0100276 seconds
Number of updated asset objects reloaded before import = 0Number of asset objects unloaded after import = 3

========================================================================
Received Import Request.
  Time since last request: 0.000151 seconds.
  path: Packages/com.unity.2d.psdimporter/Editor/Assets/Icons/Light/Layers Mixed@4x.png
  artifactKey: Guid(4b3e1d5f95a1a455c917ca9403d9283d) Importer(815301076,1909f56bfc062723c751e8b465ee728b)
Start importing Packages/com.unity.2d.psdimporter/Editor/Assets/Icons/Light/Layers Mixed@4x.png using Guid(4b3e1d5f95a1a455c917ca9403d9283d) Importer(815301076,1909f56bfc062723c751e8b465ee728b) (PreviewImporter)[PhysX] Initialized MultithreadedTaskDispatcher with 16 workers.
[PhysX] Initialized MultithreadedTaskDispatcher with 16 workers.
 -> (artifact id: 'cc7852405c34bd99864082f76f8ac1e0') in 0.0132274 seconds
Number of updated asset objects reloaded before import = 0Number of asset objects unloaded after import = 3

========================================================================
Received Import Request.
  Time since last request: 0.000012 seconds.
  path: Packages/com.unity.2d.psdimporter/Editor/Assets/Icons/Dark/Layers Mixed@8x.png
  artifactKey: Guid(1088bf24503634e7dbadf455fdcf78b6) Importer(815301076,1909f56bfc062723c751e8b465ee728b)
Start importing Packages/com.unity.2d.psdimporter/Editor/Assets/Icons/Dark/Layers Mixed@8x.png using Guid(1088bf24503634e7dbadf455fdcf78b6) Importer(815301076,1909f56bfc062723c751e8b465ee728b) (PreviewImporter)[PhysX] Initialized MultithreadedTaskDispatcher with 16 workers.
[PhysX] Initialized MultithreadedTaskDispatcher with 16 workers.
 -> (artifact id: '8cb290b0d68151e7b8b15f1a3241a905') in 0.0095475 seconds
Number of updated asset objects reloaded before import = 0Number of asset objects unloaded after import = 3

========================================================================
Received Import Request.
  Time since last request: 0.005694 seconds.
  path: Packages/com.unity.2d.psdimporter/Editor/Assets/Icons/Selected/Layers Mixed@16x.png
  artifactKey: Guid(9f3e8a7a640b640feac66da51cc078c5) Importer(815301076,1909f56bfc062723c751e8b465ee728b)
Start importing Packages/com.unity.2d.psdimporter/Editor/Assets/Icons/Selected/Layers Mixed@16x.png using Guid(9f3e8a7a640b640feac66da51cc078c5) Importer(815301076,1909f56bfc062723c751e8b465ee728b) (PreviewImporter)[PhysX] Initialized MultithreadedTaskDispatcher with 16 workers.
[PhysX] Initialized MultithreadedTaskDispatcher with 16 workers.
 -> (artifact id: '07fd585bdc0068963182267fcece8466') in 0.008319 seconds
Number of updated asset objects reloaded before import = 0Number of asset objects unloaded after import = 3

========================================================================
Received Import Request.
  Time since last request: 0.000011 seconds.
  path: Packages/com.unity.2d.psdimporter/Editor/Assets/Icons/Light/Layers Mixed@16x.png
  artifactKey: Guid(8146dbbd8d7184f43bb0049a7ce3ade8) Importer(815301076,1909f56bfc062723c751e8b465ee728b)
Start importing Packages/com.unity.2d.psdimporter/Editor/Assets/Icons/Light/Layers Mixed@16x.png using Guid(8146dbbd8d7184f43bb0049a7ce3ade8) Importer(815301076,1909f56bfc062723c751e8b465ee728b) (PreviewImporter)[PhysX] Initialized MultithreadedTaskDispatcher with 16 workers.
[PhysX] Initialized MultithreadedTaskDispatcher with 16 workers.
 -> (artifact id: '8692037486affb9d386842dd782abd11') in 0.0121928 seconds
Number of updated asset objects reloaded before import = 0Number of asset objects unloaded after import = 3

========================================================================
Received Import Request.
  Time since last request: 0.016659 seconds.
  path: Packages/com.unity.2d.psdimporter/Editor/Assets/Icons/Light/Layers Separated@1x.png
  artifactKey: Guid(7d9554fa1b4bb4fe9a5b1248eaa02ad1) Importer(815301076,1909f56bfc062723c751e8b465ee728b)
Start importing Packages/com.unity.2d.psdimporter/Editor/Assets/Icons/Light/Layers Separated@1x.png using Guid(7d9554fa1b4bb4fe9a5b1248eaa02ad1) Importer(815301076,1909f56bfc062723c751e8b465ee728b) (PreviewImporter)[PhysX] Initialized MultithreadedTaskDispatcher with 16 workers.
[PhysX] Initialized MultithreadedTaskDispatcher with 16 workers.
 -> (artifact id: '317b2705a99d71869bd732c8850d1509') in 0.0085706 seconds
Number of updated asset objects reloaded before import = 0Number of asset objects unloaded after import = 3

========================================================================
Received Import Request.
  Time since last request: 0.016691 seconds.
  path: Packages/com.unity.2d.psdimporter/Editor/Assets/Icons/Dark/Layers Separated@2x.png
  artifactKey: Guid(e269a78d88d514e4c9bde97d573d7e45) Importer(815301076,1909f56bfc062723c751e8b465ee728b)
Start importing Packages/com.unity.2d.psdimporter/Editor/Assets/Icons/Dark/Layers Separated@2x.png using Guid(e269a78d88d514e4c9bde97d573d7e45) Importer(815301076,1909f56bfc062723c751e8b465ee728b) (PreviewImporter)[PhysX] Initialized MultithreadedTaskDispatcher with 16 workers.
[PhysX] Initialized MultithreadedTaskDispatcher with 16 workers.
 -> (artifact id: '498865dc6837fa19138706f31d2adfd4') in 0.008398 seconds
Number of updated asset objects reloaded before import = 0Number of asset objects unloaded after import = 3

========================================================================
Received Import Request.
  Time since last request: 0.000013 seconds.
  path: Packages/com.unity.2d.psdimporter/Editor/Assets/Icons/Selected/Layers Separated@4x.png
  artifactKey: Guid(3117700da371f4f3b932c026b648284d) Importer(815301076,1909f56bfc062723c751e8b465ee728b)
Start importing Packages/com.unity.2d.psdimporter/Editor/Assets/Icons/Selected/Layers Separated@4x.png using Guid(3117700da371f4f3b932c026b648284d) Importer(815301076,1909f56bfc062723c751e8b465ee728b) (PreviewImporter)[PhysX] Initialized MultithreadedTaskDispatcher with 16 workers.
[PhysX] Initialized MultithreadedTaskDispatcher with 16 workers.
 -> (artifact id: 'bb97fe8a07012e5d6092f215a5ee14f3') in 0.0114937 seconds
Number of updated asset objects reloaded before import = 0Number of asset objects unloaded after import = 3

========================================================================
Received Import Request.
  Time since last request: 0.035721 seconds.
  path: Packages/com.unity.2d.psdimporter/Editor/Assets/Icons/Dark/Layers Separated@4x.png
  artifactKey: Guid(03a0f27e9b08047889b3f5e7f0c23ff7) Importer(815301076,1909f56bfc062723c751e8b465ee728b)
Start importing Packages/com.unity.2d.psdimporter/Editor/Assets/Icons/Dark/Layers Separated@4x.png using Guid(03a0f27e9b08047889b3f5e7f0c23ff7) Importer(815301076,1909f56bfc062723c751e8b465ee728b) (PreviewImporter)[PhysX] Initialized MultithreadedTaskDispatcher with 16 workers.
[PhysX] Initialized MultithreadedTaskDispatcher with 16 workers.
 -> (artifact id: '226967ac839ca3360b8c9b1748393298') in 0.0072517 seconds
Number of updated asset objects reloaded before import = 0Number of asset objects unloaded after import = 3

========================================================================
Received Import Request.
  Time since last request: 0.000010 seconds.
  path: Packages/com.unity.2d.psdimporter/Editor/Assets/Icons/Selected/Layers Separated@8x.png
  artifactKey: Guid(15b1d39ac42ce4674bd63f86f9a0c5df) Importer(815301076,1909f56bfc062723c751e8b465ee728b)
Start importing Packages/com.unity.2d.psdimporter/Editor/Assets/Icons/Selected/Layers Separated@8x.png using Guid(15b1d39ac42ce4674bd63f86f9a0c5df) Importer(815301076,1909f56bfc062723c751e8b465ee728b) (PreviewImporter)[PhysX] Initialized MultithreadedTaskDispatcher with 16 workers.
[PhysX] Initialized MultithreadedTaskDispatcher with 16 workers.
 -> (artifact id: '508f7b7c2498748dea2a8a7b81ce9bd0') in 0.0087906 seconds
Number of updated asset objects reloaded before import = 0Number of asset objects unloaded after import = 3

========================================================================
Received Import Request.
  Time since last request: 0.256408 seconds.
  path: Packages/com.unity.2d.psdimporter/Editor/Assets/Icons/Dark/Layers Separated@8x.png
  artifactKey: Guid(51ef52b256a104c0ca3268e10a1b1056) Importer(815301076,1909f56bfc062723c751e8b465ee728b)
Start importing Packages/com.unity.2d.psdimporter/Editor/Assets/Icons/Dark/Layers Separated@8x.png using Guid(51ef52b256a104c0ca3268e10a1b1056) Importer(815301076,1909f56bfc062723c751e8b465ee728b) (PreviewImporter)[PhysX] Initialized MultithreadedTaskDispatcher with 16 workers.
[PhysX] Initialized MultithreadedTaskDispatcher with 16 workers.
 -> (artifact id: 'b78d142ac9e70640dc3b5f2cf36076aa') in 0.01195 seconds
Number of updated asset objects reloaded before import = 0Number of asset objects unloaded after import = 3

========================================================================
Received Import Request.
  Time since last request: 0.000010 seconds.
  path: Packages/com.unity.2d.psdimporter/Editor/Assets/Icons/Light/Layers Separated@16x.png
  artifactKey: Guid(0c6027d31d0b44acbb45af1bcf05e0db) Importer(815301076,1909f56bfc062723c751e8b465ee728b)
Start importing Packages/com.unity.2d.psdimporter/Editor/Assets/Icons/Light/Layers Separated@16x.png using Guid(0c6027d31d0b44acbb45af1bcf05e0db) Importer(815301076,1909f56bfc062723c751e8b465ee728b) (PreviewImporter)[PhysX] Initialized MultithreadedTaskDispatcher with 16 workers.
[PhysX] Initialized MultithreadedTaskDispatcher with 16 workers.
 -> (artifact id: 'f02b32aa083633e918e034bc48f56213') in 0.0082933 seconds
Number of updated asset objects reloaded before import = 0Number of asset objects unloaded after import = 3

========================================================================
Received Import Request.
  Time since last request: 0.000012 seconds.
  path: Packages/com.unity.2d.tilemap.extras/Editor/Brushes/LineBrush/LineBrush@2x.png
  artifactKey: Guid(47be7fc01b3b54a1885426fe8707b1d7) Importer(815301076,1909f56bfc062723c751e8b465ee728b)
Start importing Packages/com.unity.2d.tilemap.extras/Editor/Brushes/LineBrush/LineBrush@2x.png using Guid(47be7fc01b3b54a1885426fe8707b1d7) Importer(815301076,1909f56bfc062723c751e8b465ee728b) (PreviewImporter)[PhysX] Initialized MultithreadedTaskDispatcher with 16 workers.
[PhysX] Initialized MultithreadedTaskDispatcher with 16 workers.
 -> (artifact id: 'f461b398136fe399c6dcc0de6e4cced1') in 0.0134461 seconds
Number of updated asset objects reloaded before import = 0Number of asset objects unloaded after import = 3

========================================================================
Received Import Request.
  Time since last request: 0.110425 seconds.
  path: Packages/com.unity.2d.tilemap.extras/Editor/Brushes/LineBrush/LineBrush@4x.png
  artifactKey: Guid(7e9a964572b8d49cb8164bd4b62c92f3) Importer(815301076,1909f56bfc062723c751e8b465ee728b)
Start importing Packages/com.unity.2d.tilemap.extras/Editor/Brushes/LineBrush/LineBrush@4x.png using Guid(7e9a964572b8d49cb8164bd4b62c92f3) Importer(815301076,1909f56bfc062723c751e8b465ee728b) (PreviewImporter)[PhysX] Initialized MultithreadedTaskDispatcher with 16 workers.
[PhysX] Initialized MultithreadedTaskDispatcher with 16 workers.
 -> (artifact id: 'e706c2868cce6ae9f2ee6474b1a7db80') in 0.0105171 seconds
Number of updated asset objects reloaded before import = 0Number of asset objects unloaded after import = 3

========================================================================
Received Import Request.
  Time since last request: 0.030941 seconds.
  path: Packages/com.unity.2d.animation/Editor/Assets/EditorIcons/Light/Mesh@2x.png
  artifactKey: Guid(242f58a86f3ee8e418809e5fc269d531) Importer(815301076,1909f56bfc062723c751e8b465ee728b)
Start importing Packages/com.unity.2d.animation/Editor/Assets/EditorIcons/Light/Mesh@2x.png using Guid(242f58a86f3ee8e418809e5fc269d531) Importer(815301076,1909f56bfc062723c751e8b465ee728b) (PreviewImporter)[PhysX] Initialized MultithreadedTaskDispatcher with 16 workers.
[PhysX] Initialized MultithreadedTaskDispatcher with 16 workers.
 -> (artifact id: '8438009e9cf89019482d0b6045ebcbb5') in 0.0101308 seconds
Number of updated asset objects reloaded before import = 0Number of asset objects unloaded after import = 3

========================================================================
Received Import Request.
  Time since last request: 0.000011 seconds.
  path: Packages/com.unity.2d.animation/Editor/Assets/EditorIcons/Light/Parent_Bone.png
  artifactKey: Guid(2972f301b2bf3dd46989677197b9a34d) Importer(815301076,1909f56bfc062723c751e8b465ee728b)
Start importing Packages/com.unity.2d.animation/Editor/Assets/EditorIcons/Light/Parent_Bone.png using Guid(2972f301b2bf3dd46989677197b9a34d) Importer(815301076,1909f56bfc062723c751e8b465ee728b) (PreviewImporter)[PhysX] Initialized MultithreadedTaskDispatcher with 16 workers.
[PhysX] Initialized MultithreadedTaskDispatcher with 16 workers.
 -> (artifact id: '5d6fef79947467c4af161739765604cd') in 0.0124046 seconds
Number of updated asset objects reloaded before import = 0Number of asset objects unloaded after import = 3

========================================================================
Received Import Request.
  Time since last request: 0.702934 seconds.
  path: Packages/com.unity.2d.animation/Editor/Assets/EditorIcons/Selected/Parent_Bone.png
  artifactKey: Guid(1b8ac2bef8a060f4ca19b22a3720cb0e) Importer(815301076,1909f56bfc062723c751e8b465ee728b)
Start importing Packages/com.unity.2d.animation/Editor/Assets/EditorIcons/Selected/Parent_Bone.png using Guid(1b8ac2bef8a060f4ca19b22a3720cb0e) Importer(815301076,1909f56bfc062723c751e8b465ee728b) (PreviewImporter)[PhysX] Initialized MultithreadedTaskDispatcher with 16 workers.
[PhysX] Initialized MultithreadedTaskDispatcher with 16 workers.
 -> (artifact id: '02bcf503cad67f4f6ed57507d5fc5a01') in 0.0111848 seconds
Number of updated asset objects reloaded before import = 0Number of asset objects unloaded after import = 3

========================================================================
Received Import Request.
  Time since last request: 0.000112 seconds.
  path: Packages/com.unity.2d.animation/Editor/Assets/EditorIcons/Selected/Parent_Bone@3x.png
  artifactKey: Guid(6f4409ce938bf9447a36e531f7755ca7) Importer(815301076,1909f56bfc062723c751e8b465ee728b)
Start importing Packages/com.unity.2d.animation/Editor/Assets/EditorIcons/Selected/Parent_Bone@3x.png using Guid(6f4409ce938bf9447a36e531f7755ca7) Importer(815301076,1909f56bfc062723c751e8b465ee728b) (PreviewImporter)[PhysX] Initialized MultithreadedTaskDispatcher with 16 workers.
[PhysX] Initialized MultithreadedTaskDispatcher with 16 workers.
 -> (artifact id: '009f1a7c37f272ca7001d2d0d4bbf179') in 0.0132928 seconds
Number of updated asset objects reloaded before import = 0Number of asset objects unloaded after import = 3

========================================================================
Received Import Request.
  Time since last request: 0.000010 seconds.
  path: Packages/com.unity.2d.animation/Editor/Assets/EditorIcons/Light/Parent_Bone@4x.png
  artifactKey: Guid(d0604e80537a4ff4881a6182ae5afe7c) Importer(815301076,1909f56bfc062723c751e8b465ee728b)
Start importing Packages/com.unity.2d.animation/Editor/Assets/EditorIcons/Light/Parent_Bone@4x.png using Guid(d0604e80537a4ff4881a6182ae5afe7c) Importer(815301076,1909f56bfc062723c751e8b465ee728b) (PreviewImporter)[PhysX] Initialized MultithreadedTaskDispatcher with 16 workers.
[PhysX] Initialized MultithreadedTaskDispatcher with 16 workers.
 -> (artifact id: '5b4eb3c4a672023efcbf6b1fcdbcabbd') in 0.0091903 seconds
Number of updated asset objects reloaded before import = 0Number of asset objects unloaded after import = 3

========================================================================
Received Import Request.
  Time since last request: 0.000011 seconds.
  path: Packages/com.unity.2d.animation/Editor/Assets/EditorIcons/Selected/Paste@2x.png
  artifactKey: Guid(cd0250057a3f07346b60675b355c3e06) Importer(815301076,1909f56bfc062723c751e8b465ee728b)
Start importing Packages/com.unity.2d.animation/Editor/Assets/EditorIcons/Selected/Paste@2x.png using Guid(cd0250057a3f07346b60675b355c3e06) Importer(815301076,1909f56bfc062723c751e8b465ee728b) (PreviewImporter)[PhysX] Initialized MultithreadedTaskDispatcher with 16 workers.
[PhysX] Initialized MultithreadedTaskDispatcher with 16 workers.
 -> (artifact id: 'e51bdca1c1f8a37659a5ba17a545f334') in 0.0098741 seconds
Number of updated asset objects reloaded before import = 0Number of asset objects unloaded after import = 3

========================================================================
Received Import Request.
  Time since last request: 0.000012 seconds.
  path: Packages/com.unity.2d.animation/Editor/Assets/EditorIcons/Light/Paste.png
  artifactKey: Guid(94cc0d3ec6363a94c8802f10ef239744) Importer(815301076,1909f56bfc062723c751e8b465ee728b)
Start importing Packages/com.unity.2d.animation/Editor/Assets/EditorIcons/Light/Paste.png using Guid(94cc0d3ec6363a94c8802f10ef239744) Importer(815301076,1909f56bfc062723c751e8b465ee728b) (PreviewImporter)[PhysX] Initialized MultithreadedTaskDispatcher with 16 workers.
[PhysX] Initialized MultithreadedTaskDispatcher with 16 workers.
 -> (artifact id: 'd09b95250b4b3dc2242af7c6adb0a0b4') in 0.009689 seconds
Number of updated asset objects reloaded before import = 0Number of asset objects unloaded after import = 3

========================================================================
Received Import Request.
  Time since last request: 0.065080 seconds.
  path: Packages/com.unity.2d.animation/Editor/Assets/EditorIcons/Light/Paste@2x.png
  artifactKey: Guid(54b8604d8a7085842917d5b83ca73854) Importer(815301076,1909f56bfc062723c751e8b465ee728b)
Start importing Packages/com.unity.2d.animation/Editor/Assets/EditorIcons/Light/Paste@2x.png using Guid(54b8604d8a7085842917d5b83ca73854) Importer(815301076,1909f56bfc062723c751e8b465ee728b) (PreviewImporter)[PhysX] Initialized MultithreadedTaskDispatcher with 16 workers.
[PhysX] Initialized MultithreadedTaskDispatcher with 16 workers.
 -> (artifact id: '44077274607aa714de14c3f4f59ac4ea') in 0.0110078 seconds
Number of updated asset objects reloaded before import = 0Number of asset objects unloaded after import = 3

========================================================================
Received Import Request.
  Time since last request: 0.000011 seconds.
  path: Packages/com.unity.2d.animation/Editor/Assets/EditorIcons/Selected/Paste@3x.png
  artifactKey: Guid(e6fe7bda78bd09a46bb7f4a684a91927) Importer(815301076,1909f56bfc062723c751e8b465ee728b)
Start importing Packages/com.unity.2d.animation/Editor/Assets/EditorIcons/Selected/Paste@3x.png using Guid(e6fe7bda78bd09a46bb7f4a684a91927) Importer(815301076,1909f56bfc062723c751e8b465ee728b) (PreviewImporter)[PhysX] Initialized MultithreadedTaskDispatcher with 16 workers.
[PhysX] Initialized MultithreadedTaskDispatcher with 16 workers.
 -> (artifact id: 'b1f1d54e99d1d9cfec6f06ab6432165f') in 0.0105432 seconds
Number of updated asset objects reloaded before import = 0Number of asset objects unloaded after import = 3

========================================================================
Received Import Request.
  Time since last request: 0.000040 seconds.
  path: Packages/com.unity.2d.common/Path/Editor/Handles/Path/pointNormal.png
  artifactKey: Guid(2792173d76a5f4d2ebe800b6b4b096cf) Importer(815301076,1909f56bfc062723c751e8b465ee728b)
Start importing Packages/com.unity.2d.common/Path/Editor/Handles/Path/pointNormal.png using Guid(2792173d76a5f4d2ebe800b6b4b096cf) Importer(815301076,1909f56bfc062723c751e8b465ee728b) (PreviewImporter)[PhysX] Initialized MultithreadedTaskDispatcher with 16 workers.
[PhysX] Initialized MultithreadedTaskDispatcher with 16 workers.
 -> (artifact id: '90f57461946f5401264fbf6a719a7a7c') in 0.0123014 seconds
Number of updated asset objects reloaded before import = 0Number of asset objects unloaded after import = 3

========================================================================
Received Import Request.
  Time since last request: 0.000011 seconds.
  path: Packages/com.unity.2d.tilemap.extras/Editor/Brushes/RandomBrush/RandomBrush@2x.png
  artifactKey: Guid(b883af5d41f3340b8a4092436de35275) Importer(815301076,1909f56bfc062723c751e8b465ee728b)
Start importing Packages/com.unity.2d.tilemap.extras/Editor/Brushes/RandomBrush/RandomBrush@2x.png using Guid(b883af5d41f3340b8a4092436de35275) Importer(815301076,1909f56bfc062723c751e8b465ee728b) (PreviewImporter)[PhysX] Initialized MultithreadedTaskDispatcher with 16 workers.
[PhysX] Initialized MultithreadedTaskDispatcher with 16 workers.
 -> (artifact id: '6f1faf84d1b1ff7ef033a0a6f27fe4d7') in 0.0105789 seconds
Number of updated asset objects reloaded before import = 0Number of asset objects unloaded after import = 3

========================================================================
Received Import Request.
  Time since last request: 0.000013 seconds.
  path: Packages/com.unity.2d.animation/Editor/Assets/EditorIcons/Selected/SetPivot16.png
  artifactKey: Guid(a2e0c70949436438eb2f97e6849191b8) Importer(815301076,1909f56bfc062723c751e8b465ee728b)
Start importing Packages/com.unity.2d.animation/Editor/Assets/EditorIcons/Selected/SetPivot16.png using Guid(a2e0c70949436438eb2f97e6849191b8) Importer(815301076,1909f56bfc062723c751e8b465ee728b) (PreviewImporter)[PhysX] Initialized MultithreadedTaskDispatcher with 16 workers.
[PhysX] Initialized MultithreadedTaskDispatcher with 16 workers.
 -> (artifact id: '04dced232b8a11fdb7c18fe9c711fd90') in 0.0092308 seconds
Number of updated asset objects reloaded before import = 0Number of asset objects unloaded after import = 3

========================================================================
Received Import Request.
  Time since last request: 0.652311 seconds.
  path: Packages/com.unity.2d.animation/Editor/Assets/EditorIcons/Light/SetPivot16.png
  artifactKey: Guid(e7ae402e1190249f4a2be52eb7ec09c5) Importer(815301076,1909f56bfc062723c751e8b465ee728b)
Start importing Packages/com.unity.2d.animation/Editor/Assets/EditorIcons/Light/SetPivot16.png using Guid(e7ae402e1190249f4a2be52eb7ec09c5) Importer(815301076,1909f56bfc062723c751e8b465ee728b) (PreviewImporter)[PhysX] Initialized MultithreadedTaskDispatcher with 16 workers.
[PhysX] Initialized MultithreadedTaskDispatcher with 16 workers.
 -> (artifact id: '7482fd11768948cd9b28814b334a6850') in 0.0118314 seconds
Number of updated asset objects reloaded before import = 0Number of asset objects unloaded after import = 3

========================================================================
Received Import Request.
  Time since last request: 0.014715 seconds.
  path: Packages/com.unity.2d.animation/Editor/Assets/EditorIcons/Selected/SetPivot32.png
  artifactKey: Guid(82d262794483b44d097c6b72e3a9e271) Importer(815301076,1909f56bfc062723c751e8b465ee728b)
Start importing Packages/com.unity.2d.animation/Editor/Assets/EditorIcons/Selected/SetPivot32.png using Guid(82d262794483b44d097c6b72e3a9e271) Importer(815301076,1909f56bfc062723c751e8b465ee728b) (PreviewImporter)[PhysX] Initialized MultithreadedTaskDispatcher with 16 workers.
[PhysX] Initialized MultithreadedTaskDispatcher with 16 workers.
 -> (artifact id: 'eab231362c6073a52b3e9972d5e3cdbc') in 0.0070833 seconds
Number of updated asset objects reloaded before import = 0Number of asset objects unloaded after import = 3

========================================================================
Received Import Request.
  Time since last request: 0.000012 seconds.
  path: Packages/com.unity.2d.animation/Editor/Assets/EditorIcons/Selected/SetPivot128.png
  artifactKey: Guid(51e0c1c1bb4924d41bab2ecec79e8956) Importer(815301076,1909f56bfc062723c751e8b465ee728b)
Start importing Packages/com.unity.2d.animation/Editor/Assets/EditorIcons/Selected/SetPivot128.png using Guid(51e0c1c1bb4924d41bab2ecec79e8956) Importer(815301076,1909f56bfc062723c751e8b465ee728b) (PreviewImporter)[PhysX] Initialized MultithreadedTaskDispatcher with 16 workers.
[PhysX] Initialized MultithreadedTaskDispatcher with 16 workers.
 -> (artifact id: '9623cc3f6574dbe8a02874fa6bc9b9a5') in 0.0160384 seconds
Number of updated asset objects reloaded before import = 0Number of asset objects unloaded after import = 3

========================================================================
Received Import Request.
  Time since last request: 0.047730 seconds.
  path: Packages/com.unity.2d.animation/Editor/Assets/EditorIcons/Light/SetPivot128.png
  artifactKey: Guid(6e69868210a834182b29ea52c36a0a52) Importer(815301076,1909f56bfc062723c751e8b465ee728b)
Start importing Packages/com.unity.2d.animation/Editor/Assets/EditorIcons/Light/SetPivot128.png using Guid(6e69868210a834182b29ea52c36a0a52) Importer(815301076,1909f56bfc062723c751e8b465ee728b) (PreviewImporter)[PhysX] Initialized MultithreadedTaskDispatcher with 16 workers.
[PhysX] Initialized MultithreadedTaskDispatcher with 16 workers.
 -> (artifact id: '05b5164125a01c415a04b59135b696b3') in 0.0106691 seconds
Number of updated asset objects reloaded before import = 0Number of asset objects unloaded after import = 3

========================================================================
Received Import Request.
  Time since last request: 0.033000 seconds.
  path: Packages/com.unity.2d.animation/Editor/Assets/EditorIcons/Selected/SetPivot256.png
  artifactKey: Guid(cf571779d45114b29b2641744a545123) Importer(815301076,1909f56bfc062723c751e8b465ee728b)
Start importing Packages/com.unity.2d.animation/Editor/Assets/EditorIcons/Selected/SetPivot256.png using Guid(cf571779d45114b29b2641744a545123) Importer(815301076,1909f56bfc062723c751e8b465ee728b) (PreviewImporter)[PhysX] Initialized MultithreadedTaskDispatcher with 16 workers.
[PhysX] Initialized MultithreadedTaskDispatcher with 16 workers.
 -> (artifact id: '7000217d15fc84f3695193df7c145cd4') in 0.0124534 seconds
Number of updated asset objects reloaded before import = 0Number of asset objects unloaded after import = 3

========================================================================
Received Import Request.
  Time since last request: 0.000010 seconds.
  path: Packages/com.unity.2d.animation/Editor/Assets/EditorIcons/Selected/Split Bones.png
  artifactKey: Guid(f723a6284838af1429bbb544ecf4015d) Importer(815301076,1909f56bfc062723c751e8b465ee728b)
Start importing Packages/com.unity.2d.animation/Editor/Assets/EditorIcons/Selected/Split Bones.png using Guid(f723a6284838af1429bbb544ecf4015d) Importer(815301076,1909f56bfc062723c751e8b465ee728b) (PreviewImporter)[PhysX] Initialized MultithreadedTaskDispatcher with 16 workers.
[PhysX] Initialized MultithreadedTaskDispatcher with 16 workers.
 -> (artifact id: '4db63730b87083872c952a0bd6588eb3') in 0.0111821 seconds
Number of updated asset objects reloaded before import = 0Number of asset objects unloaded after import = 3

========================================================================
Received Import Request.
  Time since last request: 0.010036 seconds.
  path: Packages/com.unity.2d.animation/Editor/Assets/EditorIcons/Light/Split Bones.png
  artifactKey: Guid(59bc7a7ca0683ac439e255a533670885) Importer(815301076,1909f56bfc062723c751e8b465ee728b)
Start importing Packages/com.unity.2d.animation/Editor/Assets/EditorIcons/Light/Split Bones.png using Guid(59bc7a7ca0683ac439e255a533670885) Importer(815301076,1909f56bfc062723c751e8b465ee728b) (PreviewImporter)[PhysX] Initialized MultithreadedTaskDispatcher with 16 workers.
[PhysX] Initialized MultithreadedTaskDispatcher with 16 workers.
 -> (artifact id: '1b6f4f47c40486ebb3d3e8b4efac45e6') in 0.0073683 seconds
Number of updated asset objects reloaded before import = 0Number of asset objects unloaded after import = 3

========================================================================
Received Import Request.
  Time since last request: 0.000010 seconds.
  path: Packages/com.unity.2d.animation/Editor/Assets/EditorIcons/Light/Split Bones@3x.png
  artifactKey: Guid(6b35476d10ed5614a949de8f7c45b534) Importer(815301076,1909f56bfc062723c751e8b465ee728b)
Start importing Packages/com.unity.2d.animation/Editor/Assets/EditorIcons/Light/Split Bones@3x.png using Guid(6b35476d10ed5614a949de8f7c45b534) Importer(815301076,1909f56bfc062723c751e8b465ee728b) (PreviewImporter)[PhysX] Initialized MultithreadedTaskDispatcher with 16 workers.
[PhysX] Initialized MultithreadedTaskDispatcher with 16 workers.
 -> (artifact id: '90c31189591ae15f7a52739cbd435914') in 0.0122371 seconds
Number of updated asset objects reloaded before import = 0Number of asset objects unloaded after import = 3

========================================================================
Received Import Request.
  Time since last request: 0.000011 seconds.
  path: Packages/com.unity.2d.animation/Editor/Assets/EditorIcons/Light/Split Bones@4x.png
  artifactKey: Guid(e530623cd53f3ea46ac09b786f0c49ef) Importer(815301076,1909f56bfc062723c751e8b465ee728b)
Start importing Packages/com.unity.2d.animation/Editor/Assets/EditorIcons/Light/Split Bones@4x.png using Guid(e530623cd53f3ea46ac09b786f0c49ef) Importer(815301076,1909f56bfc062723c751e8b465ee728b) (PreviewImporter)[PhysX] Initialized MultithreadedTaskDispatcher with 16 workers.
[PhysX] Initialized MultithreadedTaskDispatcher with 16 workers.
 -> (artifact id: '3a83d0ca03553c3ace5dfea1b87690eb') in 0.0087028 seconds
Number of updated asset objects reloaded before import = 0Number of asset objects unloaded after import = 3

========================================================================
Received Import Request.
  Time since last request: 0.535180 seconds.
  path: Packages/com.unity.2d.animation/Editor/Assets/EditorIcons/Selected/Split Bones@4x.png
  artifactKey: Guid(518ded92e5dbf494e8f76a74d752272e) Importer(815301076,1909f56bfc062723c751e8b465ee728b)
Start importing Packages/com.unity.2d.animation/Editor/Assets/EditorIcons/Selected/Split Bones@4x.png using Guid(518ded92e5dbf494e8f76a74d752272e) Importer(815301076,1909f56bfc062723c751e8b465ee728b) (PreviewImporter)[PhysX] Initialized MultithreadedTaskDispatcher with 16 workers.
[PhysX] Initialized MultithreadedTaskDispatcher with 16 workers.
 -> (artifact id: 'bef09c9e3af5e23e5b99880fd7e50cba') in 0.009228 seconds
Number of updated asset objects reloaded before import = 0Number of asset objects unloaded after import = 3

========================================================================
Received Import Request.
  Time since last request: 0.000010 seconds.
  path: Packages/com.unity.2d.animation/Editor/Assets/EditorIcons/Selected/Split_Edge@2x.png
  artifactKey: Guid(2f12c9758dad4e34ea8bc886f1fdb0dd) Importer(815301076,1909f56bfc062723c751e8b465ee728b)
Start importing Packages/com.unity.2d.animation/Editor/Assets/EditorIcons/Selected/Split_Edge@2x.png using Guid(2f12c9758dad4e34ea8bc886f1fdb0dd) Importer(815301076,1909f56bfc062723c751e8b465ee728b) (PreviewImporter)[PhysX] Initialized MultithreadedTaskDispatcher with 16 workers.
[PhysX] Initialized MultithreadedTaskDispatcher with 16 workers.
 -> (artifact id: '1daf2314aecb353e52be299ce6986f6f') in 0.0082212 seconds
Number of updated asset objects reloaded before import = 0Number of asset objects unloaded after import = 3

========================================================================
Received Import Request.
  Time since last request: 0.014770 seconds.
  path: Packages/com.unity.2d.animation/Editor/Assets/EditorIcons/Light/Split_Edge@2x.png
  artifactKey: Guid(3c84cd9c7ddd51c4b959d02c41aced07) Importer(815301076,1909f56bfc062723c751e8b465ee728b)
Start importing Packages/com.unity.2d.animation/Editor/Assets/EditorIcons/Light/Split_Edge@2x.png using Guid(3c84cd9c7ddd51c4b959d02c41aced07) Importer(815301076,1909f56bfc062723c751e8b465ee728b) (PreviewImporter)[PhysX] Initialized MultithreadedTaskDispatcher with 16 workers.
[PhysX] Initialized MultithreadedTaskDispatcher with 16 workers.
 -> (artifact id: '3bd18696e3214cad274f11fce75375c8') in 0.0074918 seconds
Number of updated asset objects reloaded before import = 0Number of asset objects unloaded after import = 3

========================================================================
Received Import Request.
  Time since last request: 0.000013 seconds.
  path: Packages/com.unity.2d.animation/Editor/Assets/EditorIcons/Light/Split_Edge@3x.png
  artifactKey: Guid(4d2d8fb4fc2041441980b4ec253532b0) Importer(815301076,1909f56bfc062723c751e8b465ee728b)
Start importing Packages/com.unity.2d.animation/Editor/Assets/EditorIcons/Light/Split_Edge@3x.png using Guid(4d2d8fb4fc2041441980b4ec253532b0) Importer(815301076,1909f56bfc062723c751e8b465ee728b) (PreviewImporter)[PhysX] Initialized MultithreadedTaskDispatcher with 16 workers.
[PhysX] Initialized MultithreadedTaskDispatcher with 16 workers.
 -> (artifact id: '444986b28a3c7d6271457bd56a7aa391') in 0.0105613 seconds
Number of updated asset objects reloaded before import = 0Number of asset objects unloaded after import = 3

========================================================================
Received Import Request.
  Time since last request: 0.000033 seconds.
  path: Packages/com.unity.2d.spriteshape/Editor/ObjectMenuCreation/DefaultAssets/Textures/Sprite Shape Corner.png
  artifactKey: Guid(608e61deb05c54660bebf5a4dd2ee02d) Importer(815301076,1909f56bfc062723c751e8b465ee728b)
Start importing Packages/com.unity.2d.spriteshape/Editor/ObjectMenuCreation/DefaultAssets/Textures/Sprite Shape Corner.png using Guid(608e61deb05c54660bebf5a4dd2ee02d) Importer(815301076,1909f56bfc062723c751e8b465ee728b) (PreviewImporter)[PhysX] Initialized MultithreadedTaskDispatcher with 16 workers.
[PhysX] Initialized MultithreadedTaskDispatcher with 16 workers.
 -> (artifact id: '4ec661e21c8018dd75f19846b6bd34b4') in 0.0092785 seconds
Number of updated asset objects reloaded before import = 0Number of asset objects unloaded after import = 3

========================================================================
Received Import Request.
  Time since last request: 0.000012 seconds.
  path: Packages/com.unity.2d.animation/Editor/Assets/EditorIcons/Light/Sprite_Influence@2x.png
  artifactKey: Guid(8169b95b76b504e3b8dc9ccf0bdbe226) Importer(815301076,1909f56bfc062723c751e8b465ee728b)
Start importing Packages/com.unity.2d.animation/Editor/Assets/EditorIcons/Light/Sprite_Influence@2x.png using Guid(8169b95b76b504e3b8dc9ccf0bdbe226) Importer(815301076,1909f56bfc062723c751e8b465ee728b) (PreviewImporter)[PhysX] Initialized MultithreadedTaskDispatcher with 16 workers.
[PhysX] Initialized MultithreadedTaskDispatcher with 16 workers.
 -> (artifact id: '3892550e60f1df2ed71fae1bc1e77930') in 0.0101042 seconds
Number of updated asset objects reloaded before import = 0Number of asset objects unloaded after import = 3

========================================================================
Received Import Request.
  Time since last request: 0.000011 seconds.
  path: Packages/com.unity.2d.animation/Editor/Assets/EditorIcons/Light/Sprite_Influence@3x.png
  artifactKey: Guid(563e4d2d28c2241fbbb33e85f9b27efb) Importer(815301076,1909f56bfc062723c751e8b465ee728b)
Start importing Packages/com.unity.2d.animation/Editor/Assets/EditorIcons/Light/Sprite_Influence@3x.png using Guid(563e4d2d28c2241fbbb33e85f9b27efb) Importer(815301076,1909f56bfc062723c751e8b465ee728b) (PreviewImporter)[PhysX] Initialized MultithreadedTaskDispatcher with 16 workers.
[PhysX] Initialized MultithreadedTaskDispatcher with 16 workers.
 -> (artifact id: 'fdc53a67cf9d5c592188f1b4ffa7281e') in 0.0088437 seconds
Number of updated asset objects reloaded before import = 0Number of asset objects unloaded after import = 3

========================================================================
Received Import Request.
  Time since last request: 0.000012 seconds.
  path: Packages/com.unity.2d.animation/Editor/Assets/EditorIcons/Selected/Sprite_Influence@3x.png
  artifactKey: Guid(7ce16c63ba627427cab935593c090e34) Importer(815301076,1909f56bfc062723c751e8b465ee728b)
Start importing Packages/com.unity.2d.animation/Editor/Assets/EditorIcons/Selected/Sprite_Influence@3x.png using Guid(7ce16c63ba627427cab935593c090e34) Importer(815301076,1909f56bfc062723c751e8b465ee728b) (PreviewImporter)[PhysX] Initialized MultithreadedTaskDispatcher with 16 workers.
[PhysX] Initialized MultithreadedTaskDispatcher with 16 workers.
 -> (artifact id: 'f3cee0c6bb84abf8d48c7d3dbd856215') in 0.0077154 seconds
Number of updated asset objects reloaded before import = 0Number of asset objects unloaded after import = 3

========================================================================
Received Import Request.
  Time since last request: 0.000011 seconds.
  path: Packages/com.unity.2d.animation/Editor/Assets/EditorIcons/Light/Sprite_Influence@4x.png
  artifactKey: Guid(0e0d5e38f19194a978d2f42b0b806775) Importer(815301076,1909f56bfc062723c751e8b465ee728b)
Start importing Packages/com.unity.2d.animation/Editor/Assets/EditorIcons/Light/Sprite_Influence@4x.png using Guid(0e0d5e38f19194a978d2f42b0b806775) Importer(815301076,1909f56bfc062723c751e8b465ee728b) (PreviewImporter)[PhysX] Initialized MultithreadedTaskDispatcher with 16 workers.
[PhysX] Initialized MultithreadedTaskDispatcher with 16 workers.
 -> (artifact id: 'ce1c8f83bc7abcc1ce5ed3836387743a') in 0.008468 seconds
Number of updated asset objects reloaded before import = 0Number of asset objects unloaded after import = 3

========================================================================
Received Import Request.
  Time since last request: 0.000011 seconds.
  path: Packages/com.unity.2d.animation/Editor/Assets/EditorIcons/Light/Sprite_Mode@2x.png
  artifactKey: Guid(cfe99a1afb609b4488d6fc9224a62f74) Importer(815301076,1909f56bfc062723c751e8b465ee728b)
Start importing Packages/com.unity.2d.animation/Editor/Assets/EditorIcons/Light/Sprite_Mode@2x.png using Guid(cfe99a1afb609b4488d6fc9224a62f74) Importer(815301076,1909f56bfc062723c751e8b465ee728b) (PreviewImporter)[PhysX] Initialized MultithreadedTaskDispatcher with 16 workers.
[PhysX] Initialized MultithreadedTaskDispatcher with 16 workers.
 -> (artifact id: '468b510ee0f0a8e67c2b0ffc6995c7dd') in 0.007869 seconds
Number of updated asset objects reloaded before import = 0Number of asset objects unloaded after import = 3

========================================================================
Received Import Request.
  Time since last request: 0.000013 seconds.
  path: Packages/com.unity.2d.animation/Editor/Assets/EditorIcons/Selected/Sprite_Influence.png
  artifactKey: Guid(a2db0b51e2c0e418b8d5f85cee0d4876) Importer(815301076,1909f56bfc062723c751e8b465ee728b)
Start importing Packages/com.unity.2d.animation/Editor/Assets/EditorIcons/Selected/Sprite_Influence.png using Guid(a2db0b51e2c0e418b8d5f85cee0d4876) Importer(815301076,1909f56bfc062723c751e8b465ee728b) (PreviewImporter)[PhysX] Initialized MultithreadedTaskDispatcher with 16 workers.
[PhysX] Initialized MultithreadedTaskDispatcher with 16 workers.
 -> (artifact id: 'cea9ea8159168967a5ee4b1170fcecf9') in 0.0069644 seconds
Number of updated asset objects reloaded before import = 0Number of asset objects unloaded after import = 3

========================================================================
Received Import Request.
  Time since last request: 0.000011 seconds.
  path: Packages/com.unity.2d.animation/Editor/Assets/EditorIcons/Selected/Sprite_Mode@4x.png
  artifactKey: Guid(2223b0a570b66ee42b3e0a79f0789b2a) Importer(815301076,1909f56bfc062723c751e8b465ee728b)
Start importing Packages/com.unity.2d.animation/Editor/Assets/EditorIcons/Selected/Sprite_Mode@4x.png using Guid(2223b0a570b66ee42b3e0a79f0789b2a) Importer(815301076,1909f56bfc062723c751e8b465ee728b) (PreviewImporter)[PhysX] Initialized MultithreadedTaskDispatcher with 16 workers.
[PhysX] Initialized MultithreadedTaskDispatcher with 16 workers.
 -> (artifact id: '174fa0299bddf74ed5eddf5bbcae6ae0') in 0.0112477 seconds
Number of updated asset objects reloaded before import = 0Number of asset objects unloaded after import = 3

========================================================================
Received Import Request.
  Time since last request: 0.000011 seconds.
  path: Packages/com.unity.2d.animation/Editor/Assets/EditorIcons/Selected/Split_Edge@4x.png
  artifactKey: Guid(8272ea7c59da847458432e7c88bf7766) Importer(815301076,1909f56bfc062723c751e8b465ee728b)
Start importing Packages/com.unity.2d.animation/Editor/Assets/EditorIcons/Selected/Split_Edge@4x.png using Guid(8272ea7c59da847458432e7c88bf7766) Importer(815301076,1909f56bfc062723c751e8b465ee728b) (PreviewImporter)[PhysX] Initialized MultithreadedTaskDispatcher with 16 workers.
[PhysX] Initialized MultithreadedTaskDispatcher with 16 workers.
 -> (artifact id: '77c3fe2cf525db78526634e2da593b8a') in 0.007019 seconds
Number of updated asset objects reloaded before import = 0Number of asset objects unloaded after import = 3

========================================================================
Received Import Request.
  Time since last request: 0.000009 seconds.
  path: Packages/com.unity.2d.spriteshape/Editor/ObjectMenuCreation/DefaultAssets/Sprite Shapes/SpriteShapeEdge.png
  artifactKey: Guid(0ae2b74b1edd14bb18dd7b65ae916a54) Importer(815301076,1909f56bfc062723c751e8b465ee728b)
Start importing Packages/com.unity.2d.spriteshape/Editor/ObjectMenuCreation/DefaultAssets/Sprite Shapes/SpriteShapeEdge.png using Guid(0ae2b74b1edd14bb18dd7b65ae916a54) Importer(815301076,1909f56bfc062723c751e8b465ee728b) (PreviewImporter)[PhysX] Initialized MultithreadedTaskDispatcher with 16 workers.
[PhysX] Initialized MultithreadedTaskDispatcher with 16 workers.
 -> (artifact id: 'a6c18445f45585f1436fc363a2f0495b') in 0.0087813 seconds
Number of updated asset objects reloaded before import = 0Number of asset objects unloaded after import = 3

========================================================================
Received Import Request.
  Time since last request: 0.000010 seconds.
  path: Packages/com.unity.2d.sprite/Editor/ObjectMenuCreation/DefaultAssets/Textures/SquareWithBorder.png
  artifactKey: Guid(db750325989564987a34393247d883b4) Importer(815301076,1909f56bfc062723c751e8b465ee728b)
Start importing Packages/com.unity.2d.sprite/Editor/ObjectMenuCreation/DefaultAssets/Textures/SquareWithBorder.png using Guid(db750325989564987a34393247d883b4) Importer(815301076,1909f56bfc062723c751e8b465ee728b) (PreviewImporter)[PhysX] Initialized MultithreadedTaskDispatcher with 16 workers.
[PhysX] Initialized MultithreadedTaskDispatcher with 16 workers.
 -> (artifact id: 'ad191579da5f98cae251b78d0a93467b') in 0.0122293 seconds
Number of updated asset objects reloaded before import = 0Number of asset objects unloaded after import = 3

========================================================================
Received Import Request.
  Time since last request: 0.260346 seconds.
  path: Packages/com.unity.2d.spriteshape/Editor/Handles/ss_leftrange.png
  artifactKey: Guid(9417efc47083f4a1598c1966a6345cdb) Importer(815301076,1909f56bfc062723c751e8b465ee728b)
Start importing Packages/com.unity.2d.spriteshape/Editor/Handles/ss_leftrange.png using Guid(9417efc47083f4a1598c1966a6345cdb) Importer(815301076,1909f56bfc062723c751e8b465ee728b) (PreviewImporter)[PhysX] Initialized MultithreadedTaskDispatcher with 16 workers.
[PhysX] Initialized MultithreadedTaskDispatcher with 16 workers.
 -> (artifact id: '86527be1fc3745db2e63e9fdd100dbf6') in 0.0126836 seconds
Number of updated asset objects reloaded before import = 0Number of asset objects unloaded after import = 3

========================================================================
Received Import Request.
  Time since last request: 0.000010 seconds.
  path: Packages/com.unity.2d.spriteshape/Editor/Handles/ss_rightrange.png
  artifactKey: Guid(ee5df01235032491c8b180741ea820fe) Importer(815301076,1909f56bfc062723c751e8b465ee728b)
Start importing Packages/com.unity.2d.spriteshape/Editor/Handles/ss_rightrange.png using Guid(ee5df01235032491c8b180741ea820fe) Importer(815301076,1909f56bfc062723c751e8b465ee728b) (PreviewImporter)[PhysX] Initialized MultithreadedTaskDispatcher with 16 workers.
[PhysX] Initialized MultithreadedTaskDispatcher with 16 workers.
 -> (artifact id: 'eb901632401f576f70826ee35404b37a') in 0.0077015 seconds
Number of updated asset objects reloaded before import = 0Number of asset objects unloaded after import = 3

========================================================================
Received Import Request.
  Time since last request: 0.000011 seconds.
  path: Packages/com.unity.2d.common/Path/Editor/Handles/TangentBrokenPro.png
  artifactKey: Guid(8bdd64764208642f9adc3509ebbe41a3) Importer(815301076,1909f56bfc062723c751e8b465ee728b)
Start importing Packages/com.unity.2d.common/Path/Editor/Handles/TangentBrokenPro.png using Guid(8bdd64764208642f9adc3509ebbe41a3) Importer(815301076,1909f56bfc062723c751e8b465ee728b) (PreviewImporter)[PhysX] Initialized MultithreadedTaskDispatcher with 16 workers.
[PhysX] Initialized MultithreadedTaskDispatcher with 16 workers.
 -> (artifact id: '7d6c540ae2c0eb1c906e078e1d394b19') in 0.0098045 seconds
Number of updated asset objects reloaded before import = 0Number of asset objects unloaded after import = 3

========================================================================
Received Import Request.
  Time since last request: 0.000011 seconds.
  path: Packages/com.unity.2d.common/Path/Editor/Handles/TangentContinuousPro.png
  artifactKey: Guid(25c4e987877a046bd994284ffeabc78b) Importer(815301076,1909f56bfc062723c751e8b465ee728b)
Start importing Packages/com.unity.2d.common/Path/Editor/Handles/TangentContinuousPro.png using Guid(25c4e987877a046bd994284ffeabc78b) Importer(815301076,1909f56bfc062723c751e8b465ee728b) (PreviewImporter)[PhysX] Initialized MultithreadedTaskDispatcher with 16 workers.
[PhysX] Initialized MultithreadedTaskDispatcher with 16 workers.
 -> (artifact id: 'd736ed59442a3b479289dff50bc8262a') in 0.0122319 seconds
Number of updated asset objects reloaded before import = 0Number of asset objects unloaded after import = 3

========================================================================
Received Import Request.
  Time since last request: 0.000011 seconds.
  path: Packages/com.unity.2d.common/Path/Editor/Handles/TangentContinuous.png
  artifactKey: Guid(f180c07cee9924980a0af50a95afe6b2) Importer(815301076,1909f56bfc062723c751e8b465ee728b)
Start importing Packages/com.unity.2d.common/Path/Editor/Handles/TangentContinuous.png using Guid(f180c07cee9924980a0af50a95afe6b2) Importer(815301076,1909f56bfc062723c751e8b465ee728b) (PreviewImporter)[PhysX] Initialized MultithreadedTaskDispatcher with 16 workers.
[PhysX] Initialized MultithreadedTaskDispatcher with 16 workers.
 -> (artifact id: '82c9264605edba34caa00b37d0e5c8b2') in 0.0095365 seconds
Number of updated asset objects reloaded before import = 0Number of asset objects unloaded after import = 3

========================================================================
Received Import Request.
  Time since last request: 0.000011 seconds.
  path: Packages/com.unity.2d.tilemap/Editor/Icons/Tilemap.ActiveTargetLayers.png
  artifactKey: Guid(abbc28ff73b72b1438f893d41ca52fb0) Importer(815301076,1909f56bfc062723c751e8b465ee728b)
Start importing Packages/com.unity.2d.tilemap/Editor/Icons/Tilemap.ActiveTargetLayers.png using Guid(abbc28ff73b72b1438f893d41ca52fb0) Importer(815301076,1909f56bfc062723c751e8b465ee728b) (PreviewImporter)[PhysX] Initialized MultithreadedTaskDispatcher with 16 workers.
[PhysX] Initialized MultithreadedTaskDispatcher with 16 workers.
 -> (artifact id: '276d817533cacf824d8aef8fd744ef10') in 0.0103288 seconds
Number of updated asset objects reloaded before import = 0Number of asset objects unloaded after import = 3

========================================================================
Received Import Request.
  Time since last request: 0.000106 seconds.
  path: Packages/com.unity.2d.tilemap/Editor/Icons/Tilemap.ActiveTargetLayers@4x.png
  artifactKey: Guid(ce315ea6e6e86a740b10e02dda0d0e9c) Importer(815301076,1909f56bfc062723c751e8b465ee728b)
Start importing Packages/com.unity.2d.tilemap/Editor/Icons/Tilemap.ActiveTargetLayers@4x.png using Guid(ce315ea6e6e86a740b10e02dda0d0e9c) Importer(815301076,1909f56bfc062723c751e8b465ee728b) (PreviewImporter)[PhysX] Initialized MultithreadedTaskDispatcher with 16 workers.
[PhysX] Initialized MultithreadedTaskDispatcher with 16 workers.
 -> (artifact id: '952023de77d0b727d483d56cc38a3f81') in 0.0069732 seconds
Number of updated asset objects reloaded before import = 0Number of asset objects unloaded after import = 3

========================================================================
Received Import Request.
  Time since last request: 0.000010 seconds.
  path: Packages/com.unity.2d.tilemap/Editor/Icons/Tilemap.BrushPicks@4x.png
  artifactKey: Guid(45612d93bb71d8f48bb1dba4b0f5caac) Importer(815301076,1909f56bfc062723c751e8b465ee728b)
Start importing Packages/com.unity.2d.tilemap/Editor/Icons/Tilemap.BrushPicks@4x.png using Guid(45612d93bb71d8f48bb1dba4b0f5caac) Importer(815301076,1909f56bfc062723c751e8b465ee728b) (PreviewImporter)[PhysX] Initialized MultithreadedTaskDispatcher with 16 workers.
[PhysX] Initialized MultithreadedTaskDispatcher with 16 workers.
 -> (artifact id: '5f72db832e1e0b6ab23d681a82340e6f') in 0.0106152 seconds
Number of updated asset objects reloaded before import = 0Number of asset objects unloaded after import = 3

========================================================================
Received Import Request.
  Time since last request: 0.000010 seconds.
  path: Packages/com.unity.2d.tilemap/Editor/Icons/Tilemap.BrushSettings.png
  artifactKey: Guid(7a17912541de348408b722a40b972ea3) Importer(815301076,1909f56bfc062723c751e8b465ee728b)
Start importing Packages/com.unity.2d.tilemap/Editor/Icons/Tilemap.BrushSettings.png using Guid(7a17912541de348408b722a40b972ea3) Importer(815301076,1909f56bfc062723c751e8b465ee728b) (PreviewImporter)[PhysX] Initialized MultithreadedTaskDispatcher with 16 workers.
[PhysX] Initialized MultithreadedTaskDispatcher with 16 workers.
 -> (artifact id: 'b0094916173feb1007e64676da3466fd') in 0.0095987 seconds
Number of updated asset objects reloaded before import = 0Number of asset objects unloaded after import = 3

========================================================================
Received Import Request.
  Time since last request: 0.000010 seconds.
  path: Packages/com.unity.2d.tilemap/Editor/Icons/Tilemap.BrushSettings@4x.png
  artifactKey: Guid(ff827e3a021bd1b4493ddbcd90ed460f) Importer(815301076,1909f56bfc062723c751e8b465ee728b)
Start importing Packages/com.unity.2d.tilemap/Editor/Icons/Tilemap.BrushSettings@4x.png using Guid(ff827e3a021bd1b4493ddbcd90ed460f) Importer(815301076,1909f56bfc062723c751e8b465ee728b) (PreviewImporter)[PhysX] Initialized MultithreadedTaskDispatcher with 16 workers.
[PhysX] Initialized MultithreadedTaskDispatcher with 16 workers.
 -> (artifact id: '22788ecb2f28a8b9904e544eb1c08651') in 0.0110958 seconds
Number of updated asset objects reloaded before import = 0Number of asset objects unloaded after import = 3

========================================================================
Received Import Request.
  Time since last request: 0.000011 seconds.
  path: Packages/com.unity.2d.tilemap/Editor/Icons/Tilemap.EditPalette@4x.png
  artifactKey: Guid(72a3c6132d5e2ae48a1df56cfebbc7c2) Importer(815301076,1909f56bfc062723c751e8b465ee728b)
Start importing Packages/com.unity.2d.tilemap/Editor/Icons/Tilemap.EditPalette@4x.png using Guid(72a3c6132d5e2ae48a1df56cfebbc7c2) Importer(815301076,1909f56bfc062723c751e8b465ee728b) (PreviewImporter)[PhysX] Initialized MultithreadedTaskDispatcher with 16 workers.
[PhysX] Initialized MultithreadedTaskDispatcher with 16 workers.
 -> (artifact id: '71cb223348184f9d3869fa25cd5c4fff') in 0.0062777 seconds
Number of updated asset objects reloaded before import = 0Number of asset objects unloaded after import = 3

========================================================================
Received Import Request.
  Time since last request: 0.000010 seconds.
  path: Packages/com.unity.2d.tilemap/Editor/Icons/Tilemap.FocusGrid@4x.png
  artifactKey: Guid(a1bd3db90f5f7314e822ba2e38f901c6) Importer(815301076,1909f56bfc062723c751e8b465ee728b)
Start importing Packages/com.unity.2d.tilemap/Editor/Icons/Tilemap.FocusGrid@4x.png using Guid(a1bd3db90f5f7314e822ba2e38f901c6) Importer(815301076,1909f56bfc062723c751e8b465ee728b) (PreviewImporter)[PhysX] Initialized MultithreadedTaskDispatcher with 16 workers.
[PhysX] Initialized MultithreadedTaskDispatcher with 16 workers.
 -> (artifact id: '33de8b307a65cfb743d8960953467dca') in 0.0157758 seconds
Number of updated asset objects reloaded before import = 0Number of asset objects unloaded after import = 3

========================================================================
Received Import Request.
  Time since last request: 0.000012 seconds.
  path: Packages/com.unity.2d.tilemap/Editor/Icons/Tilemap.DefaultBrush@4x.png
  artifactKey: Guid(6ccf4234805f2d049a6869c33213ff65) Importer(815301076,1909f56bfc062723c751e8b465ee728b)
Start importing Packages/com.unity.2d.tilemap/Editor/Icons/Tilemap.DefaultBrush@4x.png using Guid(6ccf4234805f2d049a6869c33213ff65) Importer(815301076,1909f56bfc062723c751e8b465ee728b) (PreviewImporter)[PhysX] Initialized MultithreadedTaskDispatcher with 16 workers.
[PhysX] Initialized MultithreadedTaskDispatcher with 16 workers.
 -> (artifact id: 'c40b987c827f3767a1f703a8ae421bfa') in 0.0101793 seconds
Number of updated asset objects reloaded before import = 0Number of asset objects unloaded after import = 3

========================================================================
Received Import Request.
  Time since last request: 0.000011 seconds.
  path: Packages/com.unity.2d.tilemap/Editor/Icons/Tilemap.EditPalette@2x.png
  artifactKey: Guid(13c8bd32c985e204eafd19f6360119db) Importer(815301076,1909f56bfc062723c751e8b465ee728b)
Start importing Packages/com.unity.2d.tilemap/Editor/Icons/Tilemap.EditPalette@2x.png using Guid(13c8bd32c985e204eafd19f6360119db) Importer(815301076,1909f56bfc062723c751e8b465ee728b) (PreviewImporter)[PhysX] Initialized MultithreadedTaskDispatcher with 16 workers.
[PhysX] Initialized MultithreadedTaskDispatcher with 16 workers.
 -> (artifact id: '9d84daa7b8bd5c761fb95772641871ed') in 0.0092955 seconds
Number of updated asset objects reloaded before import = 0Number of asset objects unloaded after import = 3

========================================================================
Received Import Request.
  Time since last request: 0.004223 seconds.
  path: Packages/com.unity.2d.tilemap/Editor/Icons/Tilemap.FocusNone.png
  artifactKey: Guid(592cc37b962a5604599e514ecc35f4b2) Importer(815301076,1909f56bfc062723c751e8b465ee728b)
Start importing Packages/com.unity.2d.tilemap/Editor/Icons/Tilemap.FocusNone.png using Guid(592cc37b962a5604599e514ecc35f4b2) Importer(815301076,1909f56bfc062723c751e8b465ee728b) (PreviewImporter)[PhysX] Initialized MultithreadedTaskDispatcher with 16 workers.
[PhysX] Initialized MultithreadedTaskDispatcher with 16 workers.
 -> (artifact id: '18755ef59937deff56f645f30ab7c878') in 0.006979 seconds
Number of updated asset objects reloaded before import = 0Number of asset objects unloaded after import = 3

========================================================================
Received Import Request.
  Time since last request: 0.000010 seconds.
  path: Packages/com.unity.2d.tilemap/Editor/Icons/Tilemap.FocusTilemap.png
  artifactKey: Guid(534112f711642464e8a5b9b5ea20e941) Importer(815301076,1909f56bfc062723c751e8b465ee728b)
Start importing Packages/com.unity.2d.tilemap/Editor/Icons/Tilemap.FocusTilemap.png using Guid(534112f711642464e8a5b9b5ea20e941) Importer(815301076,1909f56bfc062723c751e8b465ee728b) (PreviewImporter)[PhysX] Initialized MultithreadedTaskDispatcher with 16 workers.
[PhysX] Initialized MultithreadedTaskDispatcher with 16 workers.
 -> (artifact id: 'ce23e25f08a1e2188230b50b8dccc3b2') in 0.0119772 seconds
Number of updated asset objects reloaded before import = 0Number of asset objects unloaded after import = 3

========================================================================
Received Import Request.
  Time since last request: 0.000014 seconds.
  path: Packages/com.unity.2d.tilemap/Editor/Icons/Tilemap.FocusTilemap@4x.png
  artifactKey: Guid(7360ac83b6bff7149836a436a4920d53) Importer(815301076,1909f56bfc062723c751e8b465ee728b)
Start importing Packages/com.unity.2d.tilemap/Editor/Icons/Tilemap.FocusTilemap@4x.png using Guid(7360ac83b6bff7149836a436a4920d53) Importer(815301076,1909f56bfc062723c751e8b465ee728b) (PreviewImporter)[PhysX] Initialized MultithreadedTaskDispatcher with 16 workers.
[PhysX] Initialized MultithreadedTaskDispatcher with 16 workers.
 -> (artifact id: '09ebcd3224b9f7faa676caac347aa115') in 0.0115557 seconds
Number of updated asset objects reloaded before import = 0Number of asset objects unloaded after import = 3

========================================================================
Received Import Request.
  Time since last request: 0.000016 seconds.
  path: Packages/com.unity.2d.tilemap/Editor/Icons/Tilemap.GridPaint@4x.png
  artifactKey: Guid(c54623997d885f6499655af6031a3bf9) Importer(815301076,1909f56bfc062723c751e8b465ee728b)
Start importing Packages/com.unity.2d.tilemap/Editor/Icons/Tilemap.GridPaint@4x.png using Guid(c54623997d885f6499655af6031a3bf9) Importer(815301076,1909f56bfc062723c751e8b465ee728b) (PreviewImporter)[PhysX] Initialized MultithreadedTaskDispatcher with 16 workers.
[PhysX] Initialized MultithreadedTaskDispatcher with 16 workers.
 -> (artifact id: '31a7a162cb88f6e0143db1b54c419ddd') in 0.0103791 seconds
Number of updated asset objects reloaded before import = 0Number of asset objects unloaded after import = 3

========================================================================
Received Import Request.
  Time since last request: 0.000011 seconds.
  path: Packages/com.unity.2d.tilemap/Editor/Icons/Tilemap.ShowGrid@4x.png
  artifactKey: Guid(b375422385f769844a35ff7743e8f1bb) Importer(815301076,1909f56bfc062723c751e8b465ee728b)
Start importing Packages/com.unity.2d.tilemap/Editor/Icons/Tilemap.ShowGrid@4x.png using Guid(b375422385f769844a35ff7743e8f1bb) Importer(815301076,1909f56bfc062723c751e8b465ee728b) (PreviewImporter)[PhysX] Initialized MultithreadedTaskDispatcher with 16 workers.
[PhysX] Initialized MultithreadedTaskDispatcher with 16 workers.
 -> (artifact id: '592d398922c468d15826fb80b6d22ed2') in 0.0072199 seconds
Number of updated asset objects reloaded before import = 0Number of asset objects unloaded after import = 3

========================================================================
Received Import Request.
  Time since last request: 0.000010 seconds.
  path: Packages/com.unity.2d.tilemap/Editor/Icons/Tilemap.ShowTilePalette@2x.png
  artifactKey: Guid(d88e25b75a7927f4683afb6c74b05a08) Importer(815301076,1909f56bfc062723c751e8b465ee728b)
Start importing Packages/com.unity.2d.tilemap/Editor/Icons/Tilemap.ShowTilePalette@2x.png using Guid(d88e25b75a7927f4683afb6c74b05a08) Importer(815301076,1909f56bfc062723c751e8b465ee728b) (PreviewImporter)[PhysX] Initialized MultithreadedTaskDispatcher with 16 workers.
[PhysX] Initialized MultithreadedTaskDispatcher with 16 workers.
 -> (artifact id: '9086e94d48b535f94996df384ea06949') in 0.0134147 seconds
Number of updated asset objects reloaded before import = 0Number of asset objects unloaded after import = 3

========================================================================
Received Import Request.
  Time since last request: 0.000010 seconds.
  path: Packages/com.unity.2d.animation/Editor/Assets/EditorIcons/Light/Visibility_Hidded.png
  artifactKey: Guid(a20f7223e2252fc4d813fc92d0f3a614) Importer(815301076,1909f56bfc062723c751e8b465ee728b)
Start importing Packages/com.unity.2d.animation/Editor/Assets/EditorIcons/Light/Visibility_Hidded.png using Guid(a20f7223e2252fc4d813fc92d0f3a614) Importer(815301076,1909f56bfc062723c751e8b465ee728b) (PreviewImporter)[PhysX] Initialized MultithreadedTaskDispatcher with 16 workers.
[PhysX] Initialized MultithreadedTaskDispatcher with 16 workers.
 -> (artifact id: 'f4658decf57cff60fde41d7c3e69ecaf') in 0.0115336 seconds
Number of updated asset objects reloaded before import = 0Number of asset objects unloaded after import = 3

========================================================================
Received Import Request.
  Time since last request: 0.000010 seconds.
  path: Packages/com.unity.2d.tilemap/Editor/Icons/Tilemap.GridPaint.png
  artifactKey: Guid(1915f55bbb9484044b7829d1df0b4abf) Importer(815301076,1909f56bfc062723c751e8b465ee728b)
Start importing Packages/com.unity.2d.tilemap/Editor/Icons/Tilemap.GridPaint.png using Guid(1915f55bbb9484044b7829d1df0b4abf) Importer(815301076,1909f56bfc062723c751e8b465ee728b) (PreviewImporter)[PhysX] Initialized MultithreadedTaskDispatcher with 16 workers.
[PhysX] Initialized MultithreadedTaskDispatcher with 16 workers.
 -> (artifact id: 'b380aa963919d5fd645101e6e32b1ace') in 0.0137727 seconds
Number of updated asset objects reloaded before import = 0Number of asset objects unloaded after import = 3

========================================================================
Received Import Request.
  Time since last request: 0.000012 seconds.
  path: Packages/com.unity.2d.tilemap/Editor/Icons/Tilemap.ShowTilePalette@4x.png
  artifactKey: Guid(401e910567b72dd4abf58be9f7e0518b) Importer(815301076,1909f56bfc062723c751e8b465ee728b)
Start importing Packages/com.unity.2d.tilemap/Editor/Icons/Tilemap.ShowTilePalette@4x.png using Guid(401e910567b72dd4abf58be9f7e0518b) Importer(815301076,1909f56bfc062723c751e8b465ee728b) (PreviewImporter)[PhysX] Initialized MultithreadedTaskDispatcher with 16 workers.
[PhysX] Initialized MultithreadedTaskDispatcher with 16 workers.
 -> (artifact id: 'ba6882b2123bef1503c3151c4ce0195f') in 0.0100655 seconds
Number of updated asset objects reloaded before import = 0Number of asset objects unloaded after import = 3

========================================================================
Received Import Request.
  Time since last request: 0.325001 seconds.
  path: Packages/com.unity.2d.animation/Editor/Assets/EditorIcons/Light/Visibility_Hidded@2x.png
  artifactKey: Guid(f3940f64802892746b2ec336d3b0c5f4) Importer(815301076,1909f56bfc062723c751e8b465ee728b)
Start importing Packages/com.unity.2d.animation/Editor/Assets/EditorIcons/Light/Visibility_Hidded@2x.png using Guid(f3940f64802892746b2ec336d3b0c5f4) Importer(815301076,1909f56bfc062723c751e8b465ee728b) (PreviewImporter)[PhysX] Initialized MultithreadedTaskDispatcher with 16 workers.
[PhysX] Initialized MultithreadedTaskDispatcher with 16 workers.
 -> (artifact id: 'cac15e5b9f44b65766184e4494ae7815') in 0.0098343 seconds
Number of updated asset objects reloaded before import = 0Number of asset objects unloaded after import = 3

========================================================================
Received Import Request.
  Time since last request: 0.000013 seconds.
  path: Packages/com.unity.2d.animation/Editor/Assets/EditorIcons/Selected/Visibility_Tool@2x.png
  artifactKey: Guid(ef9977ed07c438845a52c577f4ffcc3a) Importer(815301076,1909f56bfc062723c751e8b465ee728b)
Start importing Packages/com.unity.2d.animation/Editor/Assets/EditorIcons/Selected/Visibility_Tool@2x.png using Guid(ef9977ed07c438845a52c577f4ffcc3a) Importer(815301076,1909f56bfc062723c751e8b465ee728b) (PreviewImporter)[PhysX] Initialized MultithreadedTaskDispatcher with 16 workers.
[PhysX] Initialized MultithreadedTaskDispatcher with 16 workers.
 -> (artifact id: 'a4d3d9ecebf94bdec3089137e71d77d5') in 0.0131057 seconds
Number of updated asset objects reloaded before import = 0Number of asset objects unloaded after import = 3

========================================================================
Received Import Request.
  Time since last request: 0.000015 seconds.
  path: Packages/com.unity.2d.animation/Editor/Assets/EditorIcons/Light/Visibility_Tool@3x.png
  artifactKey: Guid(ec23e33668eecff4aaec16f735dcc204) Importer(815301076,1909f56bfc062723c751e8b465ee728b)
Start importing Packages/com.unity.2d.animation/Editor/Assets/EditorIcons/Light/Visibility_Tool@3x.png using Guid(ec23e33668eecff4aaec16f735dcc204) Importer(815301076,1909f56bfc062723c751e8b465ee728b) (PreviewImporter)[PhysX] Initialized MultithreadedTaskDispatcher with 16 workers.
[PhysX] Initialized MultithreadedTaskDispatcher with 16 workers.
 -> (artifact id: '7ab347de372f89e1a26aae3c98d305b3') in 0.01062 seconds
Number of updated asset objects reloaded before import = 0Number of asset objects unloaded after import = 3

========================================================================
Received Import Request.
  Time since last request: 0.000012 seconds.
  path: Packages/com.unity.2d.animation/Editor/Assets/EditorIcons/Selected/Visibility_Tool.png
  artifactKey: Guid(7342ee656932e31489ea62e64e012645) Importer(815301076,1909f56bfc062723c751e8b465ee728b)
Start importing Packages/com.unity.2d.animation/Editor/Assets/EditorIcons/Selected/Visibility_Tool.png using Guid(7342ee656932e31489ea62e64e012645) Importer(815301076,1909f56bfc062723c751e8b465ee728b) (PreviewImporter)[PhysX] Initialized MultithreadedTaskDispatcher with 16 workers.
[PhysX] Initialized MultithreadedTaskDispatcher with 16 workers.
 -> (artifact id: '17883054e2a7e4502424cd82fedb286d') in 0.0078492 seconds
Number of updated asset objects reloaded before import = 0Number of asset objects unloaded after import = 3

========================================================================
Received Import Request.
  Time since last request: 0.000012 seconds.
  path: Packages/com.unity.2d.animation/Editor/Assets/EditorIcons/Selected/Visibility_Tool@3x.png
  artifactKey: Guid(8004118ba4145a74e823fedaa37acf3a) Importer(815301076,1909f56bfc062723c751e8b465ee728b)
Start importing Packages/com.unity.2d.animation/Editor/Assets/EditorIcons/Selected/Visibility_Tool@3x.png using Guid(8004118ba4145a74e823fedaa37acf3a) Importer(815301076,1909f56bfc062723c751e8b465ee728b) (PreviewImporter)[PhysX] Initialized MultithreadedTaskDispatcher with 16 workers.
[PhysX] Initialized MultithreadedTaskDispatcher with 16 workers.
 -> (artifact id: 'f747bb84576d049e928a0e925615ed2b') in 0.0089848 seconds
Number of updated asset objects reloaded before import = 0Number of asset objects unloaded after import = 3

========================================================================
Received Import Request.
  Time since last request: 0.072056 seconds.
  path: Packages/com.unity.2d.animation/Editor/Assets/EditorIcons/Selected/Visibility_Tool@4x.png
  artifactKey: Guid(f082e69f825d0aa44b687e592731c0a8) Importer(815301076,1909f56bfc062723c751e8b465ee728b)
Start importing Packages/com.unity.2d.animation/Editor/Assets/EditorIcons/Selected/Visibility_Tool@4x.png using Guid(f082e69f825d0aa44b687e592731c0a8) Importer(815301076,1909f56bfc062723c751e8b465ee728b) (PreviewImporter)[PhysX] Initialized MultithreadedTaskDispatcher with 16 workers.
[PhysX] Initialized MultithreadedTaskDispatcher with 16 workers.
 -> (artifact id: '16bddbacc74cbc70897d109d8d12fe57') in 0.0131447 seconds
Number of updated asset objects reloaded before import = 0Number of asset objects unloaded after import = 3

========================================================================
Received Import Request.
  Time since last request: 0.015305 seconds.
  path: Packages/com.unity.2d.animation/Editor/Assets/EditorIcons/Light/WarningIcon_Small@2x.png
  artifactKey: Guid(817a8eafcec5342d0a520cb1f23c1ea4) Importer(815301076,1909f56bfc062723c751e8b465ee728b)
Start importing Packages/com.unity.2d.animation/Editor/Assets/EditorIcons/Light/WarningIcon_Small@2x.png using Guid(817a8eafcec5342d0a520cb1f23c1ea4) Importer(815301076,1909f56bfc062723c751e8b465ee728b) (PreviewImporter)[PhysX] Initialized MultithreadedTaskDispatcher with 16 workers.
[PhysX] Initialized MultithreadedTaskDispatcher with 16 workers.
 -> (artifact id: 'bad2ce213648e885d00db2bfdd168966') in 0.0042699 seconds
Number of updated asset objects reloaded before import = 0Number of asset objects unloaded after import = 3

========================================================================
Received Import Request.
  Time since last request: 0.000038 seconds.
  path: Packages/com.unity.2d.animation/Editor/Assets/EditorIcons/Selected/Weight_Brush.png
  artifactKey: Guid(bf734b7184825b040837040cb93a8dc7) Importer(815301076,1909f56bfc062723c751e8b465ee728b)
Start importing Packages/com.unity.2d.animation/Editor/Assets/EditorIcons/Selected/Weight_Brush.png using Guid(bf734b7184825b040837040cb93a8dc7) Importer(815301076,1909f56bfc062723c751e8b465ee728b) (PreviewImporter)[PhysX] Initialized MultithreadedTaskDispatcher with 16 workers.
[PhysX] Initialized MultithreadedTaskDispatcher with 16 workers.
 -> (artifact id: '5ee4bcc4d781560b3afee450f29ed5cb') in 0.0087306 seconds
Number of updated asset objects reloaded before import = 0Number of asset objects unloaded after import = 3

========================================================================
Received Import Request.
  Time since last request: 0.001445 seconds.
  path: Packages/com.unity.2d.animation/Editor/Assets/EditorIcons/Selected/Weight_Brush@2x.png
  artifactKey: Guid(bb668641abe10a64891e26613cf530ee) Importer(815301076,1909f56bfc062723c751e8b465ee728b)
Start importing Packages/com.unity.2d.animation/Editor/Assets/EditorIcons/Selected/Weight_Brush@2x.png using Guid(bb668641abe10a64891e26613cf530ee) Importer(815301076,1909f56bfc062723c751e8b465ee728b) (PreviewImporter)[PhysX] Initialized MultithreadedTaskDispatcher with 16 workers.
[PhysX] Initialized MultithreadedTaskDispatcher with 16 workers.
 -> (artifact id: '8a8d72473902fc499f36a59fc5bef627') in 0.0068595 seconds
Number of updated asset objects reloaded before import = 0Number of asset objects unloaded after import = 3

========================================================================
Received Import Request.
  Time since last request: 0.000009 seconds.
  path: Packages/com.unity.2d.animation/Editor/Assets/EditorIcons/Light/Weight_Brush@4x.png
  artifactKey: Guid(3dd5e5c693a816e4f96b869f6465955b) Importer(815301076,1909f56bfc062723c751e8b465ee728b)
Start importing Packages/com.unity.2d.animation/Editor/Assets/EditorIcons/Light/Weight_Brush@4x.png using Guid(3dd5e5c693a816e4f96b869f6465955b) Importer(815301076,1909f56bfc062723c751e8b465ee728b) (PreviewImporter)[PhysX] Initialized MultithreadedTaskDispatcher with 16 workers.
[PhysX] Initialized MultithreadedTaskDispatcher with 16 workers.
 -> (artifact id: 'c168773ba2b10ec1a10ed203ac44071a') in 0.0084958 seconds
Number of updated asset objects reloaded before import = 0Number of asset objects unloaded after import = 3

========================================================================
Received Import Request.
  Time since last request: 0.000011 seconds.
  path: Packages/com.unity.2d.animation/Editor/Assets/EditorIcons/Selected/Weight_Slider.png
  artifactKey: Guid(96b029a4248c85a4e8de2aa81fc0b60a) Importer(815301076,1909f56bfc062723c751e8b465ee728b)
Start importing Packages/com.unity.2d.animation/Editor/Assets/EditorIcons/Selected/Weight_Slider.png using Guid(96b029a4248c85a4e8de2aa81fc0b60a) Importer(815301076,1909f56bfc062723c751e8b465ee728b) (PreviewImporter)[PhysX] Initialized MultithreadedTaskDispatcher with 16 workers.
[PhysX] Initialized MultithreadedTaskDispatcher with 16 workers.
 -> (artifact id: '5ca0f06ade43ae6b95586108abdfa611') in 0.0095286 seconds
Number of updated asset objects reloaded before import = 0Number of asset objects unloaded after import = 3

========================================================================
Received Import Request.
  Time since last request: 0.000011 seconds.
  path: Packages/com.unity.2d.animation/Editor/Assets/EditorIcons/Selected/Weight_Slider@3x.png
  artifactKey: Guid(af73899d5803d99448134360f184f348) Importer(815301076,1909f56bfc062723c751e8b465ee728b)
Start importing Packages/com.unity.2d.animation/Editor/Assets/EditorIcons/Selected/Weight_Slider@3x.png using Guid(af73899d5803d99448134360f184f348) Importer(815301076,1909f56bfc062723c751e8b465ee728b) (PreviewImporter)[PhysX] Initialized MultithreadedTaskDispatcher with 16 workers.
[PhysX] Initialized MultithreadedTaskDispatcher with 16 workers.
 -> (artifact id: 'd63747cf53417d324d9733706177b0a8') in 0.0087227 seconds
Number of updated asset objects reloaded before import = 0Number of asset objects unloaded after import = 3

========================================================================
Received Import Request.
  Time since last request: 0.000011 seconds.
  path: Packages/com.unity.2d.animation/Editor/Assets/EditorIcons/Light/Weight_Slider@4x.png
  artifactKey: Guid(4e494ad3b858ecf4fab63aae9075d43d) Importer(815301076,1909f56bfc062723c751e8b465ee728b)
Start importing Packages/com.unity.2d.animation/Editor/Assets/EditorIcons/Light/Weight_Slider@4x.png using Guid(4e494ad3b858ecf4fab63aae9075d43d) Importer(815301076,1909f56bfc062723c751e8b465ee728b) (PreviewImporter)[PhysX] Initialized MultithreadedTaskDispatcher with 16 workers.
[PhysX] Initialized MultithreadedTaskDispatcher with 16 workers.
 -> (artifact id: 'a1fd6ab660ec9d812302cc8f45a852c3') in 0.0098957 seconds
Number of updated asset objects reloaded before import = 0Number of asset objects unloaded after import = 3

========================================================================
Received Import Request.
  Time since last request: 0.000013 seconds.
  path: Packages/com.unity.2d.animation/Editor/Assets/EditorIcons/Light/Weight_Slider@3x.png
  artifactKey: Guid(ec8214d7d416a8746bb342b71e8e4269) Importer(815301076,1909f56bfc062723c751e8b465ee728b)
Start importing Packages/com.unity.2d.animation/Editor/Assets/EditorIcons/Light/Weight_Slider@3x.png using Guid(ec8214d7d416a8746bb342b71e8e4269) Importer(815301076,1909f56bfc062723c751e8b465ee728b) (PreviewImporter)[PhysX] Initialized MultithreadedTaskDispatcher with 16 workers.
[PhysX] Initialized MultithreadedTaskDispatcher with 16 workers.
 -> (artifact id: '64b74cc14f55bcff8523b6878e058bb7') in 0.0095153 seconds
Number of updated asset objects reloaded before import = 0Number of asset objects unloaded after import = 3

========================================================================
Received Import Request.
  Time since last request: 0.788299 seconds.
  path: Packages/com.unity.2d.animation/Editor/Assets/EditorIcons/Selected/Edit_Pose@2x.png
  artifactKey: Guid(1da4b8d35afa8314198e7b69dc383431) Importer(815301076,1909f56bfc062723c751e8b465ee728b)
Start importing Packages/com.unity.2d.animation/Editor/Assets/EditorIcons/Selected/Edit_Pose@2x.png using Guid(1da4b8d35afa8314198e7b69dc383431) Importer(815301076,1909f56bfc062723c751e8b465ee728b) (PreviewImporter)[PhysX] Initialized MultithreadedTaskDispatcher with 16 workers.
[PhysX] Initialized MultithreadedTaskDispatcher with 16 workers.
 -> (artifact id: '9ec9d075560edb934a9b6e1d9894d842') in 0.0091163 seconds
Number of updated asset objects reloaded before import = 0Number of asset objects unloaded after import = 3

========================================================================
Received Import Request.
  Time since last request: 0.000011 seconds.
  path: Packages/com.unity.2d.animation/Editor/Assets/EditorIcons/Selected/Edit_Pose@3x.png
  artifactKey: Guid(558997ec9158c584a9ba9ee3eddbe8b0) Importer(815301076,1909f56bfc062723c751e8b465ee728b)
Start importing Packages/com.unity.2d.animation/Editor/Assets/EditorIcons/Selected/Edit_Pose@3x.png using Guid(558997ec9158c584a9ba9ee3eddbe8b0) Importer(815301076,1909f56bfc062723c751e8b465ee728b) (PreviewImporter)[PhysX] Initialized MultithreadedTaskDispatcher with 16 workers.
[PhysX] Initialized MultithreadedTaskDispatcher with 16 workers.
 -> (artifact id: 'f4d882a382239be73250b9dcb08a9e43') in 0.0103057 seconds
Number of updated asset objects reloaded before import = 0Number of asset objects unloaded after import = 3

========================================================================
Received Import Request.
  Time since last request: 0.000011 seconds.
  path: Packages/com.unity.2d.animation/Editor/Assets/EditorIcons/Light/Edit_Pose@3x.png
  artifactKey: Guid(32854586e42553846b24646ce18cf625) Importer(815301076,1909f56bfc062723c751e8b465ee728b)
Start importing Packages/com.unity.2d.animation/Editor/Assets/EditorIcons/Light/Edit_Pose@3x.png using Guid(32854586e42553846b24646ce18cf625) Importer(815301076,1909f56bfc062723c751e8b465ee728b) (PreviewImporter)[PhysX] Initialized MultithreadedTaskDispatcher with 16 workers.
[PhysX] Initialized MultithreadedTaskDispatcher with 16 workers.
 -> (artifact id: '77851b03cd46a2157a4ba14afb79f4b6') in 0.0086896 seconds
Number of updated asset objects reloaded before import = 0Number of asset objects unloaded after import = 3

========================================================================
Received Import Request.
  Time since last request: 0.000012 seconds.
  path: Packages/com.unity.2d.tilemap/Editor/Icons/d_EditorUI.TargetHover.png
  artifactKey: Guid(c130b41d1f572a14793b146add3d6e3f) Importer(815301076,1909f56bfc062723c751e8b465ee728b)
Start importing Packages/com.unity.2d.tilemap/Editor/Icons/d_EditorUI.TargetHover.png using Guid(c130b41d1f572a14793b146add3d6e3f) Importer(815301076,1909f56bfc062723c751e8b465ee728b) (PreviewImporter)[PhysX] Initialized MultithreadedTaskDispatcher with 16 workers.
[PhysX] Initialized MultithreadedTaskDispatcher with 16 workers.
 -> (artifact id: 'db80f0911df28bbce93984f444dc4b3e') in 0.0084904 seconds
Number of updated asset objects reloaded before import = 0Number of asset objects unloaded after import = 3

========================================================================
Received Import Request.
  Time since last request: 0.000017 seconds.
  path: Packages/com.unity.2d.animation/Editor/Assets/EditorIcons/Dark/d_ErrorIcon_Small.png
  artifactKey: Guid(9edfa29c08b214d45ab0b38117fd080d) Importer(815301076,1909f56bfc062723c751e8b465ee728b)
Start importing Packages/com.unity.2d.animation/Editor/Assets/EditorIcons/Dark/d_ErrorIcon_Small.png using Guid(9edfa29c08b214d45ab0b38117fd080d) Importer(815301076,1909f56bfc062723c751e8b465ee728b) (PreviewImporter)[PhysX] Initialized MultithreadedTaskDispatcher with 16 workers.
[PhysX] Initialized MultithreadedTaskDispatcher with 16 workers.
 -> (artifact id: '0fb070104fbab4eec9fba6ef82109e46') in 0.0126127 seconds
Number of updated asset objects reloaded before import = 0Number of asset objects unloaded after import = 3

========================================================================
Received Import Request.
  Time since last request: 0.000012 seconds.
  path: Packages/com.unity.2d.animation/Editor/Assets/ComponentIcons/Animation.SpriteLibraryManager.png
  artifactKey: Guid(99a16529bede740b6816c895741a9fb7) Importer(815301076,1909f56bfc062723c751e8b465ee728b)
Start importing Packages/com.unity.2d.animation/Editor/Assets/ComponentIcons/Animation.SpriteLibraryManager.png using Guid(99a16529bede740b6816c895741a9fb7) Importer(815301076,1909f56bfc062723c751e8b465ee728b) (PreviewImporter)[PhysX] Initialized MultithreadedTaskDispatcher with 16 workers.
[PhysX] Initialized MultithreadedTaskDispatcher with 16 workers.
 -> (artifact id: 'ba7b14381fa236690317f939690a0397') in 0.0071165 seconds
Number of updated asset objects reloaded before import = 0Number of asset objects unloaded after import = 3

========================================================================
Received Import Request.
  Time since last request: 0.000011 seconds.
  path: Packages/com.unity.2d.animation/Editor/Assets/ComponentIcons/Animation.SpriteLibraryManager On@64.png
  artifactKey: Guid(ac5de94053f294b929e8105eced63bbe) Importer(815301076,1909f56bfc062723c751e8b465ee728b)
Start importing Packages/com.unity.2d.animation/Editor/Assets/ComponentIcons/Animation.SpriteLibraryManager On@64.png using Guid(ac5de94053f294b929e8105eced63bbe) Importer(815301076,1909f56bfc062723c751e8b465ee728b) (PreviewImporter)[PhysX] Initialized MultithreadedTaskDispatcher with 16 workers.
[PhysX] Initialized MultithreadedTaskDispatcher with 16 workers.
 -> (artifact id: '99a70b780db74a3261a4192afb98b788') in 0.0092898 seconds
Number of updated asset objects reloaded before import = 0Number of asset objects unloaded after import = 3

========================================================================
Received Import Request.
  Time since last request: 0.000012 seconds.
  path: Packages/com.unity.2d.animation/Editor/Assets/ComponentIcons/Animation.SpriteLibraryManager@32.png
  artifactKey: Guid(3b9a6aa9cd66c475ea8cba88e186779f) Importer(815301076,1909f56bfc062723c751e8b465ee728b)
Start importing Packages/com.unity.2d.animation/Editor/Assets/ComponentIcons/Animation.SpriteLibraryManager@32.png using Guid(3b9a6aa9cd66c475ea8cba88e186779f) Importer(815301076,1909f56bfc062723c751e8b465ee728b) (PreviewImporter)[PhysX] Initialized MultithreadedTaskDispatcher with 16 workers.
[PhysX] Initialized MultithreadedTaskDispatcher with 16 workers.
 -> (artifact id: 'a2470ef9699baf01d510c6fa4e111e16') in 0.0100645 seconds
Number of updated asset objects reloaded before import = 0Number of asset objects unloaded after import = 3

========================================================================
Received Import Request.
  Time since last request: 0.000010 seconds.
  path: Packages/com.unity.2d.sprite/Editor/ObjectMenuCreation/DefaultAssets/Textures/9-SlicedWithBorder.png
  artifactKey: Guid(cc35afd292fc349128b36a291fb3a165) Importer(815301076,1909f56bfc062723c751e8b465ee728b)
Start importing Packages/com.unity.2d.sprite/Editor/ObjectMenuCreation/DefaultAssets/Textures/9-SlicedWithBorder.png using Guid(cc35afd292fc349128b36a291fb3a165) Importer(815301076,1909f56bfc062723c751e8b465ee728b) (PreviewImporter)[PhysX] Initialized MultithreadedTaskDispatcher with 16 workers.
[PhysX] Initialized MultithreadedTaskDispatcher with 16 workers.
 -> (artifact id: '4d2b84aad57f8c0b9fb6b4f643ffc60d') in 0.0083064 seconds
Number of updated asset objects reloaded before import = 0Number of asset objects unloaded after import = 3

========================================================================
Received Import Request.
  Time since last request: 0.000009 seconds.
  path: Packages/com.unity.2d.animation/Editor/Assets/ComponentIcons/Animation.IKCCD.png
  artifactKey: Guid(affd7e74f3f7b465ea861fbf1651b73b) Importer(815301076,1909f56bfc062723c751e8b465ee728b)
Start importing Packages/com.unity.2d.animation/Editor/Assets/ComponentIcons/Animation.IKCCD.png using Guid(affd7e74f3f7b465ea861fbf1651b73b) Importer(815301076,1909f56bfc062723c751e8b465ee728b) (PreviewImporter)[PhysX] Initialized MultithreadedTaskDispatcher with 16 workers.
[PhysX] Initialized MultithreadedTaskDispatcher with 16 workers.
 -> (artifact id: 'a63cf39a8cede75c6d53fd71f30c7736') in 0.0120349 seconds
Number of updated asset objects reloaded before import = 0Number of asset objects unloaded after import = 3

========================================================================
Received Import Request.
  Time since last request: 0.000011 seconds.
  path: Packages/com.unity.2d.animation/Editor/Assets/ComponentIcons/Animation.SpriteLibraryManager@64.png
  artifactKey: Guid(8018f7f22eae14c4b8c25d466fa0d8e8) Importer(815301076,1909f56bfc062723c751e8b465ee728b)
Start importing Packages/com.unity.2d.animation/Editor/Assets/ComponentIcons/Animation.SpriteLibraryManager@64.png using Guid(8018f7f22eae14c4b8c25d466fa0d8e8) Importer(815301076,1909f56bfc062723c751e8b465ee728b) (PreviewImporter)[PhysX] Initialized MultithreadedTaskDispatcher with 16 workers.
[PhysX] Initialized MultithreadedTaskDispatcher with 16 workers.
 -> (artifact id: '7112c0a951964d0d940698036e4855b4') in 0.0150926 seconds
Number of updated asset objects reloaded before import = 0Number of asset objects unloaded after import = 3

========================================================================
Received Import Request.
  Time since last request: 0.000011 seconds.
  path: Packages/com.unity.2d.animation/Editor/Assets/ComponentIcons/Animation.IKCCD On.png
  artifactKey: Guid(40ca859210cd04b62bbfe0e0d5696d3b) Importer(815301076,1909f56bfc062723c751e8b465ee728b)
Start importing Packages/com.unity.2d.animation/Editor/Assets/ComponentIcons/Animation.IKCCD On.png using Guid(40ca859210cd04b62bbfe0e0d5696d3b) Importer(815301076,1909f56bfc062723c751e8b465ee728b) (PreviewImporter)[PhysX] Initialized MultithreadedTaskDispatcher with 16 workers.
[PhysX] Initialized MultithreadedTaskDispatcher with 16 workers.
 -> (artifact id: 'a800acc6b862b8244fdbdcd900b565ac') in 0.0105906 seconds
Number of updated asset objects reloaded before import = 0Number of asset objects unloaded after import = 3

========================================================================
Received Import Request.
  Time since last request: 0.000010 seconds.
  path: Packages/com.unity.2d.tilemap/Editor/Icons/d_EditorUI.TargetHover@2x.png
  artifactKey: Guid(857187d2d610c234587c8a50803e4307) Importer(815301076,1909f56bfc062723c751e8b465ee728b)
Start importing Packages/com.unity.2d.tilemap/Editor/Icons/d_EditorUI.TargetHover@2x.png using Guid(857187d2d610c234587c8a50803e4307) Importer(815301076,1909f56bfc062723c751e8b465ee728b) (PreviewImporter)[PhysX] Initialized MultithreadedTaskDispatcher with 16 workers.
[PhysX] Initialized MultithreadedTaskDispatcher with 16 workers.
 -> (artifact id: 'bd9bbd7f81f27d6d55eea0228d01fe1a') in 0.0094549 seconds
Number of updated asset objects reloaded before import = 0Number of asset objects unloaded after import = 3

========================================================================
Received Import Request.
  Time since last request: 0.000011 seconds.
  path: Packages/com.unity.2d.animation/Editor/Assets/ComponentIcons/Animation.SpriteLibraryManager On@256.png
  artifactKey: Guid(093d252d1d41041c8b4df35c330dcc59) Importer(815301076,1909f56bfc062723c751e8b465ee728b)
Start importing Packages/com.unity.2d.animation/Editor/Assets/ComponentIcons/Animation.SpriteLibraryManager On@256.png using Guid(093d252d1d41041c8b4df35c330dcc59) Importer(815301076,1909f56bfc062723c751e8b465ee728b) (PreviewImporter)[PhysX] Initialized MultithreadedTaskDispatcher with 16 workers.
[PhysX] Initialized MultithreadedTaskDispatcher with 16 workers.
 -> (artifact id: '8d0b12afac3686313a1ee889c7416ca2') in 0.0127958 seconds
Number of updated asset objects reloaded before import = 0Number of asset objects unloaded after import = 3

========================================================================
Received Import Request.
  Time since last request: 2.084826 seconds.
  path: Packages/com.unity.2d.animation/Editor/Assets/ComponentIcons/Animation.IKCCD On@256.png
  artifactKey: Guid(ba345f2f643d842459447c374943401d) Importer(815301076,1909f56bfc062723c751e8b465ee728b)
Start importing Packages/com.unity.2d.animation/Editor/Assets/ComponentIcons/Animation.IKCCD On@256.png using Guid(ba345f2f643d842459447c374943401d) Importer(815301076,1909f56bfc062723c751e8b465ee728b) (PreviewImporter)[PhysX] Initialized MultithreadedTaskDispatcher with 16 workers.
[PhysX] Initialized MultithreadedTaskDispatcher with 16 workers.
 -> (artifact id: '60d09f5e2942c5ce684644cd652455f5') in 0.0125652 seconds
Number of updated asset objects reloaded before import = 0Number of asset objects unloaded after import = 3

========================================================================
Received Import Request.
  Time since last request: 0.763542 seconds.
  path: Packages/com.unity.2d.animation/Editor/Assets/ComponentIcons/Animation.IKCCD@64.png
  artifactKey: Guid(84b96a9d1862c4a59afc0fff9875bfc4) Importer(815301076,1909f56bfc062723c751e8b465ee728b)
Start importing Packages/com.unity.2d.animation/Editor/Assets/ComponentIcons/Animation.IKCCD@64.png using Guid(84b96a9d1862c4a59afc0fff9875bfc4) Importer(815301076,1909f56bfc062723c751e8b465ee728b) (PreviewImporter)[PhysX] Initialized MultithreadedTaskDispatcher with 16 workers.
[PhysX] Initialized MultithreadedTaskDispatcher with 16 workers.
 -> (artifact id: '5fcc82e8229a8084b0fa721e334d219b') in 0.0093612 seconds
Number of updated asset objects reloaded before import = 0Number of asset objects unloaded after import = 3

========================================================================
Received Import Request.
  Time since last request: 1.715873 seconds.
  path: Packages/com.unity.2d.animation/Editor/Assets/ComponentIcons/Animation.IKCCD@256.png
  artifactKey: Guid(1214a7ec362a4479ba225757639c24f2) Importer(815301076,1909f56bfc062723c751e8b465ee728b)
Start importing Packages/com.unity.2d.animation/Editor/Assets/ComponentIcons/Animation.IKCCD@256.png using Guid(1214a7ec362a4479ba225757639c24f2) Importer(815301076,1909f56bfc062723c751e8b465ee728b) (PreviewImporter)[PhysX] Initialized MultithreadedTaskDispatcher with 16 workers.
[PhysX] Initialized MultithreadedTaskDispatcher with 16 workers.
 -> (artifact id: 'f23a14f3d7b85da46d3601b2a7a42ba5') in 0.0164919 seconds
Number of updated asset objects reloaded before import = 0Number of asset objects unloaded after import = 3

========================================================================
Received Prepare
Begin MonoManager ReloadAssembly
- Loaded All Assemblies, in  0.365 seconds
Refreshing native plugins compatible for Editor in 0.66 ms, found 4 plugins.
Native extension for WindowsStandalone target not found
Mono: successfully reloaded assembly
- Finished resetting the current domain, in  0.436 seconds
Domain Reload Profiling: 801ms
	BeginReloadAssembly (111ms)
		ExecutionOrderSort (0ms)
		DisableScriptedObjects (7ms)
		BackupInstance (0ms)
		ReleaseScriptingObjects (0ms)
		CreateAndSetChildDomain (25ms)
	RebuildCommonClasses (20ms)
	RebuildNativeTypeToScriptingClass (7ms)
	initialDomainReloadingComplete (17ms)
	LoadAllAssembliesAndSetupDomain (210ms)
		LoadAssemblies (172ms)
		RebuildTransferFunctionScriptingTraits (0ms)
		AnalyzeDomain (90ms)
			TypeCache.Refresh (4ms)
				TypeCache.ScanAssembly (0ms)
			BuildScriptInfoCaches (81ms)
			ResolveRequiredComponents (3ms)
	FinalizeReload (437ms)
		ReleaseScriptCaches (0ms)
		RebuildScriptCaches (0ms)
		SetupLoadedEditorAssemblies (292ms)
			LogAssemblyErrors (0ms)
			InitializePlatformSupportModulesInManaged (1ms)
			SetLoadedEditorAssemblies (3ms)
			BeforeProcessingInitializeOnLoad (29ms)
			ProcessInitializeOnLoadAttributes (220ms)
			ProcessInitializeOnLoadMethodAttributes (34ms)
			AfterProcessingInitializeOnLoad (4ms)
			EditorAssembliesLoaded (0ms)
		ExecutionOrderSort2 (0ms)
		AwakeInstancesAfterBackupRestoration (6ms)
Refreshing native plugins compatible for Editor in 0.95 ms, found 4 plugins.
Preloading 0 native plugins for Editor in 0.00 ms.
Unloading 1 Unused Serialized files (Serialized files now loaded: 0)
Unloading 4323 unused Assets / (1.1 MB). Loaded Objects now: 5117.
Memory consumption went from 126.7 MB to 125.6 MB.
Total: 4.754700 ms (FindLiveObjects: 0.328300 ms CreateObjectMapping: 0.123900 ms MarkObjects: 3.548000 ms  DeleteObjects: 0.753600 ms)

Prepare: number of updated asset objects reloaded= 0
========================================================================
Received Prepare
Begin MonoManager ReloadAssembly
- Loaded All Assemblies, in  0.387 seconds
Refreshing native plugins compatible for Editor in 0.69 ms, found 4 plugins.
Native extension for WindowsStandalone target not found
Mono: successfully reloaded assembly
- Finished resetting the current domain, in  0.443 seconds
Domain Reload Profiling: 830ms
	BeginReloadAssembly (118ms)
		ExecutionOrderSort (0ms)
		DisableScriptedObjects (8ms)
		BackupInstance (0ms)
		ReleaseScriptingObjects (0ms)
		CreateAndSetChildDomain (28ms)
	RebuildCommonClasses (21ms)
	RebuildNativeTypeToScriptingClass (8ms)
	initialDomainReloadingComplete (17ms)
	LoadAllAssembliesAndSetupDomain (224ms)
		LoadAssemblies (185ms)
		RebuildTransferFunctionScriptingTraits (0ms)
		AnalyzeDomain (94ms)
			TypeCache.Refresh (4ms)
				TypeCache.ScanAssembly (0ms)
			BuildScriptInfoCaches (84ms)
			ResolveRequiredComponents (3ms)
	FinalizeReload (444ms)
		ReleaseScriptCaches (0ms)
		RebuildScriptCaches (0ms)
		SetupLoadedEditorAssemblies (287ms)
			LogAssemblyErrors (0ms)
			InitializePlatformSupportModulesInManaged (1ms)
			SetLoadedEditorAssemblies (4ms)
			BeforeProcessingInitializeOnLoad (29ms)
			ProcessInitializeOnLoadAttributes (216ms)
			ProcessInitializeOnLoadMethodAttributes (31ms)
			AfterProcessingInitializeOnLoad (5ms)
			EditorAssembliesLoaded (0ms)
		ExecutionOrderSort2 (0ms)
		AwakeInstancesAfterBackupRestoration (5ms)
Refreshing native plugins compatible for Editor in 0.77 ms, found 4 plugins.
Preloading 0 native plugins for Editor in 0.00 ms.
Unloading 1 Unused Serialized files (Serialized files now loaded: 0)
Unloading 4323 unused Assets / (1.1 MB). Loaded Objects now: 5119.
Memory consumption went from 126.7 MB to 125.6 MB.
Total: 4.503400 ms (FindLiveObjects: 0.253600 ms CreateObjectMapping: 0.206100 ms MarkObjects: 3.336200 ms  DeleteObjects: 0.707000 ms)

Prepare: number of updated asset objects reloaded= 0
========================================================================
Received Prepare
Begin MonoManager ReloadAssembly
- Loaded All Assemblies, in  0.361 seconds
Refreshing native plugins compatible for Editor in 0.69 ms, found 4 plugins.
Native extension for WindowsStandalone target not found
Mono: successfully reloaded assembly
- Finished resetting the current domain, in  0.421 seconds
Domain Reload Profiling: 781ms
	BeginReloadAssembly (108ms)
		ExecutionOrderSort (0ms)
		DisableScriptedObjects (7ms)
		BackupInstance (0ms)
		ReleaseScriptingObjects (0ms)
		CreateAndSetChildDomain (23ms)
	RebuildCommonClasses (20ms)
	RebuildNativeTypeToScriptingClass (8ms)
	initialDomainReloadingComplete (16ms)
	LoadAllAssembliesAndSetupDomain (209ms)
		LoadAssemblies (169ms)
		RebuildTransferFunctionScriptingTraits (0ms)
		AnalyzeDomain (91ms)
			TypeCache.Refresh (4ms)
				TypeCache.ScanAssembly (0ms)
			BuildScriptInfoCaches (82ms)
			ResolveRequiredComponents (3ms)
	FinalizeReload (421ms)
		ReleaseScriptCaches (0ms)
		RebuildScriptCaches (0ms)
		SetupLoadedEditorAssemblies (274ms)
			LogAssemblyErrors (0ms)
			InitializePlatformSupportModulesInManaged (1ms)
			SetLoadedEditorAssemblies (2ms)
			BeforeProcessingInitializeOnLoad (27ms)
			ProcessInitializeOnLoadAttributes (202ms)
			ProcessInitializeOnLoadMethodAttributes (38ms)
			AfterProcessingInitializeOnLoad (4ms)
			EditorAssembliesLoaded (0ms)
		ExecutionOrderSort2 (0ms)
		AwakeInstancesAfterBackupRestoration (5ms)
Refreshing native plugins compatible for Editor in 1.52 ms, found 4 plugins.
Preloading 0 native plugins for Editor in 0.00 ms.
Unloading 1 Unused Serialized files (Serialized files now loaded: 0)
Unloading 4323 unused Assets / (1.1 MB). Loaded Objects now: 5121.
Memory consumption went from 126.7 MB to 125.7 MB.
Total: 4.422300 ms (FindLiveObjects: 0.264200 ms CreateObjectMapping: 0.143200 ms MarkObjects: 3.285000 ms  DeleteObjects: 0.729300 ms)

Prepare: number of updated asset objects reloaded= 0
========================================================================
Received Prepare
Refreshing native plugins compatible for Editor in 0.66 ms, found 4 plugins.
Preloading 0 native plugins for Editor in 0.00 ms.
Unloading 1 Unused Serialized files (Serialized files now loaded: 0)
Unloading 4314 unused Assets / (1.3 MB). Loaded Objects now: 5122.
Memory consumption went from 126.9 MB to 125.6 MB.
Total: 4.719900 ms (FindLiveObjects: 0.323600 ms CreateObjectMapping: 0.142900 ms MarkObjects: 3.467000 ms  DeleteObjects: 0.785700 ms)

Prepare: number of updated asset objects reloaded= 0
========================================================================
Received Prepare
Begin MonoManager ReloadAssembly
- Loaded All Assemblies, in  0.369 seconds
Refreshing native plugins compatible for Editor in 0.63 ms, found 4 plugins.
Native extension for WindowsStandalone target not found
Mono: successfully reloaded assembly
- Finished resetting the current domain, in  0.363 seconds
Domain Reload Profiling: 732ms
	BeginReloadAssembly (111ms)
		ExecutionOrderSort (0ms)
		DisableScriptedObjects (7ms)
		BackupInstance (0ms)
		ReleaseScriptingObjects (0ms)
		CreateAndSetChildDomain (24ms)
	RebuildCommonClasses (20ms)
	RebuildNativeTypeToScriptingClass (7ms)
	initialDomainReloadingComplete (17ms)
	LoadAllAssembliesAndSetupDomain (213ms)
		LoadAssemblies (176ms)
		RebuildTransferFunctionScriptingTraits (0ms)
		AnalyzeDomain (92ms)
			TypeCache.Refresh (6ms)
				TypeCache.ScanAssembly (0ms)
			BuildScriptInfoCaches (81ms)
			ResolveRequiredComponents (3ms)
	FinalizeReload (364ms)
		ReleaseScriptCaches (0ms)
		RebuildScriptCaches (0ms)
		SetupLoadedEditorAssemblies (232ms)
			LogAssemblyErrors (0ms)
			InitializePlatformSupportModulesInManaged (1ms)
			SetLoadedEditorAssemblies (4ms)
			BeforeProcessingInitializeOnLoad (28ms)
			ProcessInitializeOnLoadAttributes (172ms)
			ProcessInitializeOnLoadMethodAttributes (23ms)
			AfterProcessingInitializeOnLoad (4ms)
			EditorAssembliesLoaded (0ms)
		ExecutionOrderSort2 (0ms)
		AwakeInstancesAfterBackupRestoration (4ms)
Refreshing native plugins compatible for Editor in 0.66 ms, found 4 plugins.
Preloading 0 native plugins for Editor in 0.00 ms.
Unloading 1 Unused Serialized files (Serialized files now loaded: 0)
Unloading 4324 unused Assets / (1.0 MB). Loaded Objects now: 5124.
Memory consumption went from 126.7 MB to 125.7 MB.
Total: 3.901400 ms (FindLiveObjects: 0.249500 ms CreateObjectMapping: 0.119000 ms MarkObjects: 2.934400 ms  DeleteObjects: 0.597800 ms)

Prepare: number of updated asset objects reloaded= 0
========================================================================
Received Prepare
Refreshing native plugins compatible for Editor in 1.43 ms, found 4 plugins.
Preloading 0 native plugins for Editor in 0.00 ms.
Unloading 1 Unused Serialized files (Serialized files now loaded: 0)
Unloading 4314 unused Assets / (1.2 MB). Loaded Objects now: 5124.
Memory consumption went from 126.9 MB to 125.7 MB.
Total: 7.169500 ms (FindLiveObjects: 0.527800 ms CreateObjectMapping: 0.186200 ms MarkObjects: 5.339800 ms  DeleteObjects: 1.114600 ms)

Prepare: number of updated asset objects reloaded= 0
========================================================================
Received Prepare
Refreshing native plugins compatible for Editor in 1.37 ms, found 4 plugins.
Preloading 0 native plugins for Editor in 0.00 ms.
Unloading 1 Unused Serialized files (Serialized files now loaded: 0)
Unloading 4314 unused Assets / (1.3 MB). Loaded Objects now: 5124.
Memory consumption went from 126.9 MB to 125.6 MB.
Total: 7.411100 ms (FindLiveObjects: 0.620400 ms CreateObjectMapping: 0.222000 ms MarkObjects: 5.345100 ms  DeleteObjects: 1.222800 ms)

Prepare: number of updated asset objects reloaded= 0
========================================================================
Received Prepare
Refreshing native plugins compatible for Editor in 1.37 ms, found 4 plugins.
Preloading 0 native plugins for Editor in 0.00 ms.
Unloading 1 Unused Serialized files (Serialized files now loaded: 0)
Unloading 4314 unused Assets / (1.1 MB). Loaded Objects now: 5124.
Memory consumption went from 126.9 MB to 125.8 MB.
Total: 5.461100 ms (FindLiveObjects: 0.286700 ms CreateObjectMapping: 0.135500 ms MarkObjects: 4.164500 ms  DeleteObjects: 0.873800 ms)

Prepare: number of updated asset objects reloaded= 0
========================================================================
Received Prepare
Begin MonoManager ReloadAssembly
- Loaded All Assemblies, in  0.650 seconds
Refreshing native plugins compatible for Editor in 1.52 ms, found 4 plugins.
Native extension for WindowsStandalone target not found
Mono: successfully reloaded assembly
- Finished resetting the current domain, in  0.654 seconds
Domain Reload Profiling: 1303ms
	BeginReloadAssembly (185ms)
		ExecutionOrderSort (0ms)
		DisableScriptedObjects (12ms)
		BackupInstance (0ms)
		ReleaseScriptingObjects (0ms)
		CreateAndSetChildDomain (44ms)
	RebuildCommonClasses (32ms)
	RebuildNativeTypeToScriptingClass (13ms)
	initialDomainReloadingComplete (28ms)
	LoadAllAssembliesAndSetupDomain (390ms)
		LoadAssemblies (334ms)
		RebuildTransferFunctionScriptingTraits (0ms)
		AnalyzeDomain (157ms)
			TypeCache.Refresh (10ms)
				TypeCache.ScanAssembly (0ms)
			BuildScriptInfoCaches (139ms)
			ResolveRequiredComponents (5ms)
	FinalizeReload (655ms)
		ReleaseScriptCaches (0ms)
		RebuildScriptCaches (0ms)
		SetupLoadedEditorAssemblies (438ms)
			LogAssemblyErrors (0ms)
			InitializePlatformSupportModulesInManaged (3ms)
			SetLoadedEditorAssemblies (6ms)
			BeforeProcessingInitializeOnLoad (45ms)
			ProcessInitializeOnLoadAttributes (322ms)
			ProcessInitializeOnLoadMethodAttributes (55ms)
			AfterProcessingInitializeOnLoad (7ms)
			EditorAssembliesLoaded (0ms)
		ExecutionOrderSort2 (0ms)
		AwakeInstancesAfterBackupRestoration (6ms)
Refreshing native plugins compatible for Editor in 1.76 ms, found 4 plugins.
Preloading 0 native plugins for Editor in 0.00 ms.
Unloading 1 Unused Serialized files (Serialized files now loaded: 0)
Unloading 4324 unused Assets / (1.1 MB). Loaded Objects now: 5126.
Memory consumption went from 126.7 MB to 125.6 MB.
Total: 7.737900 ms (FindLiveObjects: 0.497200 ms CreateObjectMapping: 0.165900 ms MarkObjects: 6.009800 ms  DeleteObjects: 1.064200 ms)

Prepare: number of updated asset objects reloaded= 0
========================================================================
Received Import Request.
  Time since last request: 3587.032027 seconds.
  path: Assets/Prefabs
  artifactKey: Guid(ed72e196f8dea5d4e9336352f1aa8faf) Importer(815301076,1909f56bfc062723c751e8b465ee728b)
Start importing Assets/Prefabs using Guid(ed72e196f8dea5d4e9336352f1aa8faf) Importer(815301076,1909f56bfc062723c751e8b465ee728b) (PreviewImporter)[PhysX] Initialized MultithreadedTaskDispatcher with 16 workers.
 -> (artifact id: 'ed3c8bee135a0f99904b0e5fe653dbaf') in 0.0040639 seconds
Number of updated asset objects reloaded before import = 0Number of asset objects unloaded after import = 0

========================================================================
Received Import Request.
  Time since last request: 6.511184 seconds.
  path: Assets/Prefabs/Resources/Scoop.prefab
  artifactKey: Guid(3ac991cea4bc9c7468c37d6d1a46f520) Importer(815301076,1909f56bfc062723c751e8b465ee728b)
Start importing Assets/Prefabs/Resources/Scoop.prefab using Guid(3ac991cea4bc9c7468c37d6d1a46f520) Importer(815301076,1909f56bfc062723c751e8b465ee728b) (PreviewImporter)[PhysX] Initialized MultithreadedTaskDispatcher with 16 workers.
[PhysX] Initialized MultithreadedTaskDispatcher with 16 workers.
 -> (artifact id: '30c1b533a32de47b51754347f9a5dd85') in 0.046575 seconds
Number of updated asset objects reloaded before import = 0Number of asset objects unloaded after import = 8

========================================================================
Received Prepare
Begin MonoManager ReloadAssembly
- Loaded All Assemblies, in  0.384 seconds
Refreshing native plugins compatible for Editor in 0.62 ms, found 4 plugins.
Native extension for WindowsStandalone target not found
Mono: successfully reloaded assembly
- Finished resetting the current domain, in  0.474 seconds
Domain Reload Profiling: 858ms
	BeginReloadAssembly (116ms)
		ExecutionOrderSort (0ms)
		DisableScriptedObjects (8ms)
		BackupInstance (0ms)
		ReleaseScriptingObjects (0ms)
		CreateAndSetChildDomain (27ms)
	RebuildCommonClasses (21ms)
	RebuildNativeTypeToScriptingClass (7ms)
	initialDomainReloadingComplete (17ms)
	LoadAllAssembliesAndSetupDomain (223ms)
		LoadAssemblies (184ms)
		RebuildTransferFunctionScriptingTraits (0ms)
		AnalyzeDomain (94ms)
			TypeCache.Refresh (4ms)
				TypeCache.ScanAssembly (0ms)
			BuildScriptInfoCaches (84ms)
			ResolveRequiredComponents (3ms)
	FinalizeReload (474ms)
		ReleaseScriptCaches (0ms)
		RebuildScriptCaches (0ms)
		SetupLoadedEditorAssemblies (320ms)
			LogAssemblyErrors (0ms)
			InitializePlatformSupportModulesInManaged (2ms)
			SetLoadedEditorAssemblies (4ms)
			BeforeProcessingInitializeOnLoad (34ms)
			ProcessInitializeOnLoadAttributes (241ms)
			ProcessInitializeOnLoadMethodAttributes (34ms)
			AfterProcessingInitializeOnLoad (5ms)
			EditorAssembliesLoaded (0ms)
		ExecutionOrderSort2 (0ms)
		AwakeInstancesAfterBackupRestoration (5ms)
Refreshing native plugins compatible for Editor in 0.95 ms, found 4 plugins.
Preloading 0 native plugins for Editor in 0.00 ms.
Unloading 1 Unused Serialized files (Serialized files now loaded: 0)
Unloading 4324 unused Assets / (1.5 MB). Loaded Objects now: 5128.
Memory consumption went from 126.7 MB to 125.2 MB.
Total: 4.687200 ms (FindLiveObjects: 0.255300 ms CreateObjectMapping: 0.165300 ms MarkObjects: 3.366800 ms  DeleteObjects: 0.899300 ms)

Prepare: number of updated asset objects reloaded= 0
========================================================================
Received Prepare
Begin MonoManager ReloadAssembly
- Loaded All Assemblies, in  0.635 seconds
Refreshing native plugins compatible for Editor in 1.47 ms, found 4 plugins.
Native extension for WindowsStandalone target not found
Mono: successfully reloaded assembly
- Finished resetting the current domain, in  0.686 seconds
Domain Reload Profiling: 1320ms
	BeginReloadAssembly (179ms)
		ExecutionOrderSort (0ms)
		DisableScriptedObjects (12ms)
		BackupInstance (0ms)
		ReleaseScriptingObjects (0ms)
		CreateAndSetChildDomain (42ms)
	RebuildCommonClasses (33ms)
	RebuildNativeTypeToScriptingClass (13ms)
	initialDomainReloadingComplete (28ms)
	LoadAllAssembliesAndSetupDomain (380ms)
		LoadAssemblies (321ms)
		RebuildTransferFunctionScriptingTraits (0ms)
		AnalyzeDomain (154ms)
			TypeCache.Refresh (10ms)
				TypeCache.ScanAssembly (0ms)
			BuildScriptInfoCaches (136ms)
			ResolveRequiredComponents (5ms)
	FinalizeReload (686ms)
		ReleaseScriptCaches (0ms)
		RebuildScriptCaches (0ms)
		SetupLoadedEditorAssemblies (472ms)
			LogAssemblyErrors (0ms)
			InitializePlatformSupportModulesInManaged (2ms)
			SetLoadedEditorAssemblies (6ms)
			BeforeProcessingInitializeOnLoad (56ms)
			ProcessInitializeOnLoadAttributes (354ms)
			ProcessInitializeOnLoadMethodAttributes (46ms)
			AfterProcessingInitializeOnLoad (7ms)
			EditorAssembliesLoaded (0ms)
		ExecutionOrderSort2 (0ms)
		AwakeInstancesAfterBackupRestoration (6ms)
Refreshing native plugins compatible for Editor in 1.80 ms, found 4 plugins.
Preloading 0 native plugins for Editor in 0.00 ms.
Unloading 1 Unused Serialized files (Serialized files now loaded: 0)
Unloading 4324 unused Assets / (188.7 KB). Loaded Objects now: 5130.
Memory consumption went from 126.7 MB to 126.5 MB.
Total: 6.241900 ms (FindLiveObjects: 0.494900 ms CreateObjectMapping: 0.173600 ms MarkObjects: 4.870400 ms  DeleteObjects: 0.702200 ms)

Prepare: number of updated asset objects reloaded= 0
========================================================================
Received Prepare
Begin MonoManager ReloadAssembly
- Loaded All Assemblies, in  0.373 seconds
Refreshing native plugins compatible for Editor in 0.66 ms, found 4 plugins.
Native extension for WindowsStandalone target not found
Mono: successfully reloaded assembly
- Finished resetting the current domain, in  0.451 seconds
Domain Reload Profiling: 825ms
	BeginReloadAssembly (112ms)
		ExecutionOrderSort (0ms)
		DisableScriptedObjects (8ms)
		BackupInstance (0ms)
		ReleaseScriptingObjects (0ms)
		CreateAndSetChildDomain (25ms)
	RebuildCommonClasses (21ms)
	RebuildNativeTypeToScriptingClass (7ms)
	initialDomainReloadingComplete (16ms)
	LoadAllAssembliesAndSetupDomain (217ms)
		LoadAssemblies (179ms)
		RebuildTransferFunctionScriptingTraits (0ms)
		AnalyzeDomain (91ms)
			TypeCache.Refresh (4ms)
				TypeCache.ScanAssembly (0ms)
			BuildScriptInfoCaches (82ms)
			ResolveRequiredComponents (3ms)
	FinalizeReload (452ms)
		ReleaseScriptCaches (0ms)
		RebuildScriptCaches (0ms)
		SetupLoadedEditorAssemblies (300ms)
			LogAssemblyErrors (0ms)
			InitializePlatformSupportModulesInManaged (2ms)
			SetLoadedEditorAssemblies (3ms)
			BeforeProcessingInitializeOnLoad (34ms)
			ProcessInitializeOnLoadAttributes (224ms)
			ProcessInitializeOnLoadMethodAttributes (33ms)
			AfterProcessingInitializeOnLoad (4ms)
			EditorAssembliesLoaded (0ms)
		ExecutionOrderSort2 (0ms)
		AwakeInstancesAfterBackupRestoration (5ms)
Refreshing native plugins compatible for Editor in 1.00 ms, found 4 plugins.
Preloading 0 native plugins for Editor in 0.00 ms.
Unloading 1 Unused Serialized files (Serialized files now loaded: 0)
Unloading 4324 unused Assets / (1.2 MB). Loaded Objects now: 5132.
Memory consumption went from 126.7 MB to 125.5 MB.
Total: 4.751100 ms (FindLiveObjects: 0.290900 ms CreateObjectMapping: 0.187200 ms MarkObjects: 3.470400 ms  DeleteObjects: 0.801800 ms)

Prepare: number of updated asset objects reloaded= 0
